trait	clump	chr	lead_bp	gap_kb	left_bp	right_bp	dist_from_lead_kb
betaglucan	betaglucan_R02	2H	41996626	1785.313	42016337	43801650	19.7
betaglucan	betaglucan_R04	3H	537247620	1444.892	535659448	537104340	143.3
betaglucan	betaglucan_R08	6H	475144663	1231.368	475279509	476510877	134.8
fiber	fiber_R09	5H	437005013	1169.02	435621877	436790897	214.1
betaglucan	betaglucan_R01	1H	479493867	1144.055	478155052	479299107	194.8
betaglucan	betaglucan_R08	6H	475144663	1023.037	473283203	474306240	838.4
fiber	fiber_R10	5H	462564771	854.736	463265081	464119817	700.3
fiber	fiber_R02	1H	344520079	828.231	343576728	344404959	115.1
fiber	fiber_R05	4H	24707376	809.677	23008813	23818490	888.9
fiber	fiber_R03	1H	440573355	743.227	438619411	439362638	1210.7
starch	starch_R03	3H	546433616	674.807	545053367	545728174	705.4
betaglucan	betaglucan_R07	5H	224439424	650.369	222977160	223627529	811.9
fiber	fiber_R11	7H	14817657	623.955	14990213	15614168	172.6
betaglucan	betaglucan_R02	2H	41996626	561.541	40095389	40656930	1339.7
betaglucan	betaglucan_R07	5H	224439424	545.883	224814100	225359983	374.7
fiber	fiber_R12	7H	415651802	499.704	414879846	415379550	272.3
fiber	fiber_R05	4H	24707376	474.126	25747521	26221647	1040.1
fiber	fiber_R11	7H	14817657	459.466	15614168	16073634	796.5
fiber	fiber_R11	7H	14817657	454.427	14362583	14817010	0.6
betaglucan	betaglucan_R07	5H	224439424	449.006	225686696	226135702	1247.3
betaglucan	betaglucan_R10	6H	545947347	443.557	545503790	545947347	0
fiber	fiber_R03	1H	440573355	433.918	441917289	442351207	1343.9
fiber	fiber_R06	4H	470989624	411.635	471608506	472020141	618.9
betaglucan	betaglucan_R02	2H	41996626	410.672	40739254	41149926	846.7
fiber	fiber_R03	1H	440573355	403.396	439371223	439774619	798.7
fiber	fiber_R08	5H	377309369	401.879	378558520	378960399	1249.2
betaglucan	betaglucan_R07	5H	224439424	398.84	223845617	224244457	195
fiber	fiber_R10	5H	462564771	398.739	461970924	462369663	195.1
betaglucan	betaglucan_R07	5H	224439424	374.676	224439424	224814100	0
fiber	fiber_R07	5H	208944021	374.247	208424238	208798485	145.5
fiber	fiber_R05	4H	24707376	373.42	25290916	25664336	583.5
fiber	fiber_R10	5H	462564771	366.39	464130239	464496629	1565.5
fiber	fiber_R07	5H	208944021	365.24	207106324	207471564	1472.5
betaglucan	betaglucan_R02	2H	41996626	350.135	41427663	41777798	218.8
betaglucan	betaglucan_R10	6H	545947347	343.795	546093621	546437416	146.3
fiber	fiber_R02	1H	344520079	335.776	343240952	343576728	943.4
fiber	fiber_R06	4H	470989624	327.289	470386170	470713459	276.2
betaglucan	betaglucan_R07	5H	224439424	326.713	225359983	225686696	920.6
protein	protein_R02	3H	159799839	317.699	159002569	159320268	479.6
betaglucan	betaglucan_R06	4H	528254769	317.348	527901115	528218463	36.3
fiber	fiber_R08	5H	377309369	308.883	376614462	376923345	386
fiber	fiber_R03	1H	440573355	304.531	441232962	441537493	659.6
fiber	fiber_R01	1H	330239605	287.836	329707484	329995320	244.3
fiber	fiber_R02	1H	344520079	280.981	342636227	342917208	1602.9
fiber	fiber_R11	7H	14817657	271.683	14007082	14278765	538.9
protein	protein_R02	3H	159799839	267.918	159462510	159730428	69.4
fiber	fiber_R05	4H	24707376	267.442	22737615	23005057	1702.3
fiber	fiber_R07	5H	208944021	263.838	209463278	209727116	519.3
fiber	fiber_R07	5H	208944021	262.611	209200667	209463278	256.6
fiber	fiber_R04	3H	543690146	258.756	543193455	543452211	237.9
betaglucan	betaglucan_R08	6H	475144663	257.46	476848436	477105896	1703.8
betaglucan	betaglucan_R03	3H	475967335	257.325	476096838	476354163	129.5
fiber	fiber_R08	5H	377309369	257.313	378973096	379230409	1663.7
fiber	fiber_R06	4H	470989624	248.46	469661449	469909909	1079.7
betaglucan	betaglucan_R06	4H	528254769	246.678	528414506	528661184	159.7
fiber	fiber_R07	5H	208944021	246.558	207580385	207826943	1117.1
fiber	fiber_R08	5H	377309369	239.483	375719940	375959423	1349.9
fiber	fiber_R09	5H	437005013	232.771	437129203	437361974	124.2
fiber	fiber_R08	5H	377309369	219.119	376395343	376614462	694.9
fiber	fiber_R09	5H	437005013	213.874	436790897	437004771	0.2
fiber	fiber_R08	5H	377309369	208.712	376123496	376332208	977.2
protein	protein_R01	3H	106623911	207.469	108410706	108618175	1786.8
fiber	fiber_R04	3H	543690146	206.154	542703867	542910021	780.1
fiber	fiber_R02	1H	344520079	205.099	343035853	343240952	1279.1
betaglucan	betaglucan_R07	5H	224439424	197.431	223627529	223824960	614.5
protein	protein_R02	3H	159799839	196.186	158275969	158472155	1327.7
betaglucan	betaglucan_R07	5H	224439424	194.967	224244457	224439424	0
fiber	fiber_R07	5H	208944021	190.331	208176915	208367246	576.8
fiber	fiber_R06	4H	470989624	187.824	470713459	470901283	88.3
betaglucan	betaglucan_R08	6H	475144663	175.708	474676150	474851858	292.8
betaglucan	betaglucan_R10	6H	545947347	174.35	545324397	545498747	448.6
betaglucan	betaglucan_R04	3H	537247620	173.248	538756934	538930182	1509.3
fiber	fiber_R06	4H	470989624	171.5	469489949	469661449	1328.2
betaglucan	betaglucan_R02	2H	41996626	170.993	41804114	41975107	21.5
protein	protein_R02	3H	159799839	169.118	158472155	158641273	1158.6
fiber	fiber_R05	4H	24707376	168.806	23818490	23987296	720.1
betaglucan	betaglucan_R07	5H	224439424	167.404	226135702	226303106	1696.3
protein	3H:173351655	3H	173351655	167.066	171678576	171845642	1506
fiber	fiber_R08	5H	377309369	165.565	378301082	378466647	991.7
fiber	fiber_R06	4H	470989624	165.441	472438738	472604179	1449.1
starch	starch_R01	1H	330432546	164.357	329829426	329993783	438.8
betaglucan	betaglucan_R04	3H	537247620	163.573	538566483	538730056	1318.9
fiber	fiber_R06	4H	470989624	159.19	472198898	472358088	1209.3
betaglucan	betaglucan_R08	6H	475144663	158.833	474323296	474482129	662.5
fiber	fiber_R10	5H	462564771	152.217	462848780	463000997	284
fiber	fiber_R10	5H	462564771	148.217	462407625	462555842	8.9
betaglucan	betaglucan_R08	6H	475144663	147.323	476685930	476833253	1541.3
betaglucan	betaglucan_R10	6H	545947347	146.274	545947347	546093621	0
fiber	fiber_R03	1H	440573355	145.258	441631016	441776274	1057.7
fiber	fiber_R07	5H	208944021	143.635	208033280	208176915	767.1
betaglucan	betaglucan_R08	6H	475144663	138.342	476538999	476677341	1394.3
fiber	fiber_R06	4H	470989624	135.486	471473020	471608506	483.4
fiber	fiber_R09	5H	437005013	134.601	435372631	435507232	1497.8
fiber	fiber_R06	4H	470989624	134.4	470989624	471124024	0
fiber	fiber_R08	5H	377309369	133.537	377142872	377276409	33
fiber	fiber_R07	5H	208944021	131.92	208798485	208930405	13.6
fiber	fiber_R06	4H	470989624	131.269	469071344	469202613	1787
protein	protein_R02	3H	159799839	130.027	158872542	159002569	797.3
fiber	fiber_R06	4H	470989624	127.978	471177674	471305652	188.1
protein	protein_R02	3H	159799839	127.345	160014780	160142125	214.9
fiber	fiber_R05	4H	24707376	126.226	25164690	25290916	457.3
betaglucan	betaglucan_R07	5H	224439424	126.137	222851023	222977160	1462.3
protein	protein_R02	3H	159799839	125.032	160142125	160267157	342.3
fiber	fiber_R01	1H	330239605	123.603	330116002	330239605	0
fiber	fiber_R08	5H	377309369	122.613	376969806	377092419	216.9
starch	starch_R01	1H	330432546	121.942	329707484	329829426	603.1
fiber	fiber_R01	1H	330239605	121.378	330241897	330363275	2.3
starch	starch_R01	1H	330432546	121.378	330241897	330363275	69.3
fiber	fiber_R04	3H	543690146	121.242	542416215	542537457	1152.7
starch	starch_R01	1H	330432546	120.815	330118790	330239605	192.9
fiber	fiber_R01	1H	330239605	120.682	329995320	330116002	123.6
starch	starch_R01	1H	330432546	120.682	329995320	330116002	316.5
fiber	fiber_R02	1H	344520079	118.645	342917208	343035853	1484.2
fiber	fiber_R07	5H	208944021	115.22	208944021	209059241	0
fiber	fiber_R09	5H	437005013	114.645	435507232	435621877	1383.1
fiber	fiber_R08	5H	377309369	114.509	375605431	375719940	1589.4
fiber	fiber_R05	4H	24707376	113.746	26587312	26701058	1879.9
fiber	fiber_R07	5H	208944021	108.821	207471564	207580385	1363.6
protein	protein_R02	3H	159799839	108.481	158731299	158839780	960.1
betaglucan	betaglucan_R04	3H	537247620	107.301	538282723	538390024	1035.1
betaglucan	betaglucan_R04	3H	537247620	107.112	537995258	538102370	747.6
betaglucan	betaglucan_R04	3H	537247620	107.061	538459422	538566483	1211.8
fiber	fiber_R11	7H	14817657	106.674	14820916	14927590	3.3
fiber	fiber_R10	5H	462564771	106.463	461548608	461655071	909.7
starch	starch_R03	3H	546433616	105.367	546109746	546215113	218.5
fiber	fiber_R08	5H	377309369	105.095	375428482	375533577	1775.8
fiber	fiber_R06	4H	470989624	104.92	469385029	469489949	1499.7
fiber	fiber_R06	4H	470989624	104.607	472094291	472198898	1104.7
betaglucan	betaglucan_R01	1H	479493867	104.574	479309436	479414010	79.9
fiber	fiber_R06	4H	470989624	104.522	469916202	470020724	968.9
fiber	fiber_R05	4H	24707376	103.648	26483664	26587312	1776.3
protein	3H:173351655	3H	173351655	103.614	171907366	172010980	1340.7
protein	protein_R02	3H	159799839	103.471	159845175	159948646	45.3
betaglucan	betaglucan_R08	6H	475144663	102.997	475169766	475272763	25.1
betaglucan	betaglucan_R06	4H	528254769	102.841	527798274	527901115	353.7
protein	protein_R02	3H	159799839	101.224	159361286	159462510	337.3
fiber	fiber_R10	5H	462564771	101.069	460600023	460701092	1863.7
fiber	fiber_R07	5H	208944021	99.839	209059241	209159080	115.2
fiber	fiber_R02	1H	344520079	99.297	344404959	344504256	15.8
fiber	fiber_R06	4H	470989624	98.818	470257681	470356499	633.1
fiber	fiber_R08	5H	377309369	97.656	376025840	376123496	1185.9
betaglucan	betaglucan_R04	3H	537247620	97.28	537704029	537801309	456.4
betaglucan	betaglucan_R10	6H	545947347	94.785	545229612	545324397	623
starch	starch_R03	3H	546433616	94.628	546904184	546998812	470.6
fiber	fiber_R06	4H	470989624	94.556	469290473	469385029	1604.6
fiber	fiber_R08	5H	377309369	93.957	378046850	378140807	737.5
fiber	fiber_R10	5H	462564771	93.806	463171123	463264929	606.4
betaglucan	betaglucan_R07	5H	224439424	93.34	222685054	222778394	1661
starch	starch_R04	6H	525776080	93.006	526917554	527010560	1141.5
fiber	fiber_R05	4H	24707376	92.929	26317250	26410179	1609.9
fiber	fiber_R08	5H	377309369	91.873	378466647	378558520	1157.3
fiber	fiber_R09	5H	437005013	91.803	435149885	435241688	1763.3
fiber	fiber_R02	1H	344520079	90.909	344548982	344639891	28.9
fiber	fiber_R06	4H	470989624	90.348	471305652	471396000	316
fiber	fiber_R04	3H	543690146	88.732	541691907	541780639	1909.5
fiber	fiber_R06	4H	470989624	87.881	472608250	472696131	1618.6
fiber	fiber_R06	4H	470989624	87.86	469202613	469290473	1699.2
protein	protein_R02	3H	159799839	87.426	158641273	158728699	1071.1
fiber	fiber_R06	4H	470989624	86.458	470033566	470120024	869.6
fiber	fiber_R10	5H	462564771	86.342	463000997	463087339	436.2
starch	starch_R04	6H	525776080	85.488	526055440	526140928	279.4
fiber	fiber_R03	1H	440573355	84.51	440032977	440117487	455.9
fiber	fiber_R11	7H	14817657	83.818	14278765	14362583	455.1
betaglucan	betaglucan_R02	2H	41996626	82.324	40656930	40739254	1257.4
fiber	fiber_R06	4H	470989624	80.83	472873612	472954442	1884
fiber	fiber_R07	5H	208944021	80.236	209740577	209820813	796.6
starch	starch_R04	6H	525776080	79.917	526623059	526702976	847
fiber	fiber_R04	3H	543690146	79.745	542140003	542219748	1470.4
fiber	fiber_R08	5H	377309369	79.552	377474279	377553831	164.9
fiber	fiber_R03	1H	440573355	77.295	440392807	440470102	103.3
betaglucan	betaglucan_R02	2H	41996626	76.795	41262516	41339311	657.3
betaglucan	betaglucan_R08	6H	475144663	76.588	474508382	474584970	559.7
fiber	fiber_R07	5H	208944021	75.601	207826943	207902544	1041.5
fiber	fiber_R01	1H	330239605	75.41	330549772	330625182	310.2
betaglucan	betaglucan_R10	6H	545947347	75.076	545061538	545136614	810.7
betaglucan	betaglucan_R01	1H	479493867	74.375	479419492	479493867	0
fiber	fiber_R06	4H	470989624	74.15	472020141	472094291	1030.5
fiber	fiber_R04	3H	543690146	74.063	542219748	542293811	1396.3
fiber	fiber_R05	4H	24707376	73.485	26410179	26483664	1702.8
betaglucan	betaglucan_R07	5H	224439424	72.629	222778394	222851023	1588.4
fiber	fiber_R07	5H	208944021	72.516	207960764	208033280	910.7
fiber	fiber_R05	4H	24707376	71.729	24295559	24367288	340.1
protein	3H:198076308	3H	198076308	70.897	199110020	199180917	1033.7
betaglucan	betaglucan_R08	6H	475144663	69.884	474601969	474671853	472.8
protein	protein_R02	3H	159799839	69.411	159730428	159799839	0
betaglucan	betaglucan_R04	3H	537247620	69.191	537864890	537934081	617.3
fiber	fiber_R04	3H	543690146	68.217	542949245	543017462	672.7
fiber	fiber_R08	5H	377309369	67.279	377826503	377893782	517.1
fiber	fiber_R08	5H	377309369	66.417	375959423	376025840	1283.5
betaglucan	betaglucan_R04	3H	537247620	66.164	539021955	539088119	1774.3
fiber	fiber_R03	1H	440573355	66.048	440743506	440809554	170.2
fiber	fiber_R08	5H	377309369	65.98	375533577	375599557	1709.8
fiber	fiber_R06	4H	470989624	64.34	472707248	472771588	1717.6
fiber	fiber_R05	4H	24707376	64.26	24009198	24073458	633.9
fiber	fiber_R10	5H	462564771	64.161	460908681	460972842	1591.9
starch	starch_R04	6H	525776080	64.01	526558010	526622020	781.9
fiber	fiber_R03	1H	440573355	63.922	440943716	441007638	370.4
fiber	fiber_R05	4H	24707376	63.71	25664336	25728046	957
protein	3H:173351655	3H	173351655	63.657	171411078	171474735	1876.9
fiber	fiber_R08	5H	377309369	63.135	376332208	376395343	914
betaglucan	betaglucan_R04	3H	537247620	62.319	539101654	539163973	1854
fiber	fiber_R11	7H	14817657	62.265	14927948	14990213	110.3
fiber	fiber_R04	3H	543690146	62.007	543078332	543140339	549.8
fiber	fiber_R03	1H	440573355	61.946	441543405	441605351	970
fiber	fiber_R06	4H	470989624	61.836	470195690	470257526	732.1
fiber	fiber_R12	7H	415651802	61.809	415384543	415446352	205.4
protein	3H:173351655	3H	173351655	61.747	171596923	171658670	1693
betaglucan	betaglucan_R04	3H	537247620	61.551	538203955	538265506	956.3
protein	3H:173351655	3H	173351655	61.438	171845928	171907366	1444.3
starch	starch_R01	1H	330432546	60.823	330562842	330623665	130.3
betaglucan	betaglucan_R04	3H	537247620	60.714	537109823	537170537	77.1
betaglucan	betaglucan_R09	6H	477651616	60.673	477652345	477713018	0.7
betaglucan	betaglucan_R05	4H	34858354	60.514	34861659	34922173	3.3
fiber	fiber_R06	4H	470989624	60.412	470913242	470973654	16
fiber	fiber_R03	1H	440573355	60.293	440573586	440633879	0.2
betaglucan	betaglucan_R04	3H	537247620	59.859	537450835	537510694	203.2
fiber	fiber_R06	4H	470989624	59.782	472378956	472438738	1389.3
fiber	fiber_R08	5H	377309369	59.567	378146787	378206354	837.4
fiber	fiber_R04	3H	543690146	59.123	541966588	542025711	1664.4
starch	starch_R03	3H	546433616	58.569	546664880	546723449	231.3
betaglucan	betaglucan_R02	2H	41996626	58.512	40036877	40095389	1901.2
betaglucan	betaglucan_R04	3H	537247620	58.48	537608986	537667466	361.4
fiber	fiber_R07	5H	208944021	58.22	207902544	207960764	983.3
fiber	fiber_R04	3H	543690146	58.024	542558609	542616633	1073.5
fiber	fiber_R03	1H	440573355	57.581	440813429	440871010	240.1
protein	protein_R01	3H	106623911	57.189	105579445	105636634	987.3
fiber	fiber_R09	5H	437005013	57.007	437361974	437418981	357
fiber	fiber_R07	5H	208944021	56.992	208367246	208424238	519.8
fiber	fiber_R03	1H	440573355	56.748	439811832	439868580	704.8
fiber	fiber_R05	4H	24707376	56.228	25010248	25066476	302.9
fiber	fiber_R04	3H	543690146	56.083	543931257	543987340	241.1
fiber	fiber_R06	4H	470989624	55.995	471396000	471451995	406.4
starch	starch_R03	3H	546433616	55.894	547007123	547063017	573.5
betaglucan	betaglucan_R08	6H	475144663	55.552	475030664	475086216	58.4
fiber	fiber_R03	1H	440573355	55.265	441861062	441916327	1287.7
protein	protein_R01	3H	106623911	55.096	106926989	106982085	303.1
starch	starch_R04	6H	525776080	54.748	525988567	526043315	212.5
fiber	fiber_R01	1H	330239605	54.645	330671914	330726559	432.3
fiber	fiber_R05	4H	24707376	54.589	24610186	24664775	42.6
starch	starch_R04	6H	525776080	54.16	527010560	527064720	1234.5
fiber	fiber_R03	1H	440573355	53.988	439868580	439922568	650.8
betaglucan	betaglucan_R10	6H	545947347	53.596	545176016	545229612	717.7
fiber	fiber_R05	4H	24707376	52.718	24871983	24924701	164.6
betaglucan	betaglucan_R02	2H	41996626	52.704	41339311	41392015	604.6
starch	starch_R04	6H	525776080	52.156	526505854	526558010	729.8
protein	protein_R02	3H	159799839	51.789	159962991	160014780	163.2
fiber	fiber_R14	7H	586569512	51.644	586569512	586621156	0
starch	starch_R04	6H	525776080	51.601	526754240	526805841	978.2
fiber	fiber_R04	3H	543690146	51.079	543142376	543193455	496.7
fiber	fiber_R08	5H	377309369	50.999	377557655	377608654	248.3
fiber	fiber_R09	5H	437005013	50.855	435288744	435339599	1665.4
fiber	fiber_R10	5H	462564771	50.525	463109472	463159997	544.7
starch	starch_R03	3H	546433616	50.325	546260158	546310483	123.1
fiber	fiber_R09	5H	437005013	50.299	437005013	437055312	0
fiber	fiber_R05	4H	24707376	50.213	24960035	25010248	252.7
starch	starch_R03	3H	546433616	50.081	546479480	546529561	45.9
fiber	fiber_R06	4H	470989624	49.982	472814290	472864272	1824.7
fiber	fiber_R04	3H	543690146	49.622	541780639	541830261	1859.9
fiber	fiber_R08	5H	377309369	49.613	377741857	377791470	432.5
fiber	fiber_R04	3H	543690146	49.478	543639033	543688511	1.6
betaglucan	betaglucan_R05	4H	34858354	48.95	34971609	35020559	113.3
fiber	fiber_R04	3H	543690146	48.626	544678807	544727433	988.7
betaglucan	betaglucan_R04	3H	537247620	48.422	538930193	538978615	1682.6
starch	starch_R04	6H	525776080	48.381	526333022	526381403	556.9
fiber	fiber_R04	3H	543690146	47.958	544109738	544157696	419.6
fiber	fiber_R10	5H	462564771	47.81	462631354	462679164	66.6
fiber	fiber_R10	5H	462564771	47.732	461431547	461479279	1085.5
fiber	fiber_R08	5H	377309369	47.609	377315909	377363518	6.5
fiber	fiber_R03	1H	440573355	47.447	440203075	440250522	322.8
fiber	fiber_R05	4H	24707376	46.979	26260591	26307570	1553.2
fiber	fiber_R01	1H	330239605	46.325	330625490	330671815	385.9
starch	starch_R03	3H	546433616	46.073	546581307	546627380	147.7
protein	protein_R01	3H	106623911	46.012	105725638	105771650	852.3
fiber	fiber_R14	7H	586569512	45.98	586622458	586668438	52.9
fiber	fiber_R03	1H	440573355	45.7	441013995	441059695	440.6
betaglucan	betaglucan_R07	5H	224439424	45.648	226303106	226348754	1863.7
protein	protein_R02	3H	159799839	45.336	159799839	159845175	0
fiber	fiber_R10	5H	462564771	45.245	461479279	461524524	1040.2
fiber	fiber_R10	5H	462564771	45.145	462586209	462631354	21.4
fiber	fiber_R08	5H	377309369	44.127	378231640	378275767	922.3
betaglucan	betaglucan_R04	3H	537247620	43.673	538399950	538443623	1152.3
fiber	fiber_R04	3H	543690146	42.618	543017462	543060080	630.1
fiber	fiber_R06	4H	470989624	42.379	470149962	470192341	797.3
fiber	fiber_R07	5H	208944021	41.587	209159080	209200667	215.1
starch	starch_R03	3H	546433616	40.882	546219276	546260158	173.5
starch	starch_R03	3H	546433616	40.654	546834681	546875335	401.1
fiber	fiber_R05	4H	24707376	40.363	24536675	24577038	130.3
starch	starch_R04	6H	525776080	39.992	525261766	525301758	474.3
protein	protein_R01	3H	106623911	39.874	108266514	108306388	1642.6
fiber	fiber_R04	3H	543690146	39.782	542065750	542105532	1584.6
fiber	fiber_R08	5H	377309369	39.642	377682391	377722033	373
fiber	fiber_R12	7H	415651802	39.517	416031871	416071388	380.1
fiber	fiber_R10	5H	462564771	39.451	461272714	461312165	1252.6
betaglucan	betaglucan_R10	6H	545947347	39.402	545136614	545176016	771.3
fiber	fiber_R05	4H	24707376	39.175	25083068	25122243	375.7
betaglucan	betaglucan_R06	4H	528254769	39.086	528305864	528344950	51.1
starch	starch_R04	6H	525776080	39.057	525840816	525879873	64.7
fiber	fiber_R04	3H	543690146	39.056	543987340	544026396	297.2
fiber	fiber_R06	4H	470989624	38.935	471138739	471177674	149.1
fiber	fiber_R03	1H	440573355	38.699	440533559	440572258	1.1
fiber	fiber_R06	4H	470989624	38.495	472771588	472810083	1782
starch	starch_R04	6H	525776080	38.488	525659102	525697590	78.5
fiber	fiber_R02	1H	344520079	38.375	342577180	342615555	1904.5
fiber	fiber_R05	4H	24707376	38.331	24454025	24492356	215
protein	protein_R01	3H	106623911	38.275	105842154	105880429	743.5
fiber	fiber_R05	4H	24707376	38.243	24376051	24414294	293.1
fiber	fiber_R10	5H	462564771	38.055	461663357	461701412	863.4
starch	starch_R04	6H	525776080	37.942	525561982	525599924	176.2
fiber	fiber_R03	1H	440573355	37.931	440638449	440676380	65.1
betaglucan	betaglucan_R03	3H	475967335	37.828	475713256	475751084	216.3
fiber	fiber_R03	1H	440573355	37.537	441776274	441813811	1202.9
betaglucan	betaglucan_R01	1H	479493867	37.292	479496124	479533416	2.3
betaglucan	betaglucan_R01	1H	479493867	37.248	478115528	478152776	1341.1
fiber	fiber_R08	5H	377309369	37.181	377626299	377663480	316.9
fiber	fiber_R05	4H	24707376	37.117	24139138	24176255	531.1
fiber	fiber_R02	1H	344520079	36.424	344639891	344676315	119.8
fiber	fiber_R04	3H	543690146	36.349	542320561	542356910	1333.2
fiber	fiber_R09	5H	437005013	36.275	437092928	437129203	87.9
fiber	fiber_R08	5H	377309369	36.221	375381962	375418183	1891.2
fiber	fiber_R12	7H	415651802	36.215	415672737	415708952	20.9
fiber	fiber_R12	7H	415651802	36.215	415923348	415959563	271.5
fiber	fiber_R10	5H	462564771	36.192	461123080	461159272	1405.5
fiber	fiber_R04	3H	543690146	36.078	543462612	543498690	191.5
starch	starch_R03	3H	546433616	35.626	545772357	545807983	625.6
fiber	fiber_R12	7H	415651802	35.609	415828669	415864278	176.9
starch	starch_R01	1H	330432546	35.603	330636212	330671815	203.7
protein	3H:198076308	3H	198076308	34.858	199004423	199039281	928.1
fiber	fiber_R08	5H	377309369	34.696	377935954	377970650	626.6
fiber	fiber_R08	5H	377309369	34.656	377379117	377413773	69.7
protein	protein_R02	3H	159799839	34.635	158241334	158275969	1523.9
fiber	fiber_R10	5H	462564771	34.601	461325561	461360162	1204.6
protein	protein_R01	3H	106623911	34.469	105437407	105471876	1152
betaglucan	betaglucan_R04	3H	537247620	34.339	537391406	537425745	143.8
betaglucan	betaglucan_R04	3H	537247620	34.249	537667466	537701715	419.8
starch	starch_R04	6H	525776080	34.01	526805886	526839896	1029.8
betaglucan	betaglucan_R04	3H	537247620	33.789	537307386	537341175	59.8
fiber	fiber_R10	5H	462564771	33.682	462815098	462848780	250.3
starch	starch_R04	6H	525776080	33.507	526158120	526191627	382
starch	starch_R04	6H	525776080	33.463	526876778	526910241	1100.7
fiber	fiber_R10	5H	462564771	33.397	460823656	460857053	1707.7
protein	protein_R01	3H	106623911	33.292	108161948	108195240	1538
betaglucan	betaglucan_R06	4H	528254769	33.018	528254866	528287884	0.1
fiber	fiber_R04	3H	543690146	32.77	542649312	542682082	1008.1
protein	protein_R02	3H	159799839	32.761	158839780	158872541	927.3
fiber	fiber_R04	3H	543690146	32.679	542616633	542649312	1040.8
fiber	fiber_R03	1H	440573355	32.549	441173904	441206453	600.5
fiber	fiber_R03	1H	440573355	32.447	440333530	440365977	207.4
protein	protein_R01	3H	106623911	32.257	106679758	106712015	55.8
fiber	fiber_R10	5H	462564771	32.237	461240477	461272714	1292.1
fiber	fiber_R08	5H	377309369	32.205	378014645	378046850	705.3
protein	protein_R01	3H	106623911	32.19	105650229	105682419	941.5
protein	3H:198076308	3H	198076308	32.056	198605149	198637205	528.8
fiber	fiber_R10	5H	462564771	31.993	462369901	462401894	162.9
fiber	fiber_R10	5H	462564771	31.862	461816411	461848273	716.5
fiber	fiber_R10	5H	462564771	31.7	461033157	461064857	1499.9
fiber	fiber_R01	1H	330239605	31.583	330385379	330416962	145.8
fiber	fiber_R04	3H	543690146	31.583	541877976	541909559	1780.6
starch	starch_R03	3H	546433616	31.545	546737364	546768909	303.7
protein	3H:198076308	3H	198076308	31.522	199316987	199348509	1240.7
betaglucan	betaglucan_R04	3H	537247620	31.507	537821652	537853159	574
fiber	fiber_R10	5H	462564771	31.441	462783657	462815098	218.9
protein	protein_R01	3H	106623911	31.359	105682419	105713778	910.1
fiber	fiber_R07	5H	208944021	31.19	207061835	207093025	1851
fiber	fiber_R12	7H	415651802	31.054	415545571	415576625	75.2
starch	starch_R03	3H	546433616	30.917	547071720	547102637	638.1
starch	starch_R04	6H	525776080	30.905	526702976	526733881	926.9
protein	3H:198076308	3H	198076308	30.578	198230820	198261398	154.5
starch	starch_R03	3H	546433616	30.5	546777691	546808191	344.1
fiber	fiber_R04	3H	543690146	30.215	543778832	543809047	88.7
fiber	fiber_R05	4H	24707376	30.014	24109124	24139138	568.2
fiber	fiber_R04	3H	543690146	29.906	544338627	544368533	648.5
protein	3H:173351655	3H	173351655	29.713	172064565	172094278	1257.4
fiber	fiber_R06	4H	470989624	29.695	470120267	470149962	839.7
protein	protein_R01	3H	106623911	29.672	105471876	105501548	1122.4
protein	3H:198076308	3H	198076308	29.65	197631315	197660965	415.3
protein	3H:198076308	3H	198076308	29.631	198093615	198123246	17.3
starch	starch_R04	6H	525776080	29.587	525532395	525561982	214.1
fiber	fiber_R10	5H	462564771	29.565	462691731	462721296	127
fiber	fiber_R04	3H	543690146	29.459	542912932	542942391	747.8
protein	protein_R01	3H	106623911	29.455	106316169	106345624	278.3
betaglucan	betaglucan_R04	3H	537247620	29.443	537954728	537984171	707.1
betaglucan	betaglucan_R05	4H	34858354	29.396	34923245	34952641	64.9
betaglucan	betaglucan_R02	2H	41996626	29.302	41392015	41421317	575.3
betaglucan	betaglucan_R04	3H	537247620	29.173	538991598	539020771	1744
fiber	fiber_R05	4H	24707376	29.047	26231544	26260591	1524.2
protein	protein_R01	3H	106623911	29.004	106477570	106506574	117.3
fiber	fiber_R08	5H	377309369	28.997	377280372	377309369	0
protein	3H:198076308	3H	198076308	28.98	198702925	198731905	626.6
fiber	fiber_R04	3H	543690146	28.978	543498690	543527668	162.5
fiber	fiber_R02	1H	344520079	28.903	344520079	344548982	0
fiber	fiber_R10	5H	462564771	28.858	461749864	461778722	786
fiber	fiber_R10	5H	462564771	28.755	461072602	461101357	1463.4
protein	3H:198076308	3H	198076308	28.69	198342175	198370865	265.9
starch	starch_R04	6H	525776080	28.684	526191627	526220311	415.5
betaglucan	betaglucan_R06	4H	528254769	28.673	528385833	528414506	131.1
fiber	fiber_R05	4H	24707376	28.564	24080560	24109124	598.3
fiber	fiber_R08	5H	377309369	28.212	376929320	376957532	351.8
fiber	fiber_R10	5H	462564771	28.143	460753676	460781819	1783
betaglucan	betaglucan_R08	6H	475144663	28.122	476510877	476538999	1366.2
protein	protein_R01	3H	106623911	27.985	105501548	105529533	1094.4
fiber	fiber_R04	3H	543690146	27.806	544974317	545002123	1284.2
fiber	fiber_R04	3H	543690146	27.8	545213851	545241651	1523.7
betaglucan	betaglucan_R02	2H	41996626	27.666	41224254	41251920	744.7
fiber	fiber_R10	5H	462564771	27.3	460998960	461026260	1538.5
fiber	fiber_R03	1H	440573355	27.226	440908500	440935726	335.1
fiber	fiber_R10	5H	462564771	27.029	460877903	460904932	1659.8
protein	3H:198076308	3H	198076308	26.93	198880990	198907920	804.7
betaglucan	betaglucan_R04	3H	537247620	26.878	538730056	538756934	1482.4
fiber	fiber_R04	3H	543690146	26.676	544172519	544199195	482.4
starch	starch_R04	6H	525776080	26.609	526300306	526326915	524.2
protein	protein_R01	3H	106623911	26.356	105939042	105965398	658.5
fiber	fiber_R01	1H	330239605	26.274	330463057	330489331	223.5
betaglucan	betaglucan_R08	6H	475144663	26.253	474482129	474508382	636.3
fiber	fiber_R04	3H	543690146	26.218	543598428	543624646	65.5
protein	3H:198076308	3H	198076308	26.031	199238804	199264835	1162.5
fiber	fiber_R03	1H	440573355	25.955	440307575	440333530	239.8
fiber	fiber_R08	5H	377309369	25.945	377092419	377118364	191
starch	starch_R04	6H	525776080	25.924	525697611	525723535	52.5
starch	starch_R04	6H	525776080	25.796	525912692	525938488	136.6
protein	protein_R01	3H	106623911	25.656	106752148	106777804	128.2
fiber	fiber_R03	1H	440573355	25.645	441102206	441127851	528.9
fiber	fiber_R05	4H	24707376	25.488	24584698	24610186	97.2
betaglucan	betaglucan_R08	6H	475144663	25.468	474883700	474909168	235.5
protein	3H:198076308	3H	198076308	25.464	197583021	197608485	467.8
protein	3H:173351655	3H	173351655	25.463	172173519	172198982	1152.7
protein	3H:198076308	3H	198076308	25.373	197748470	197773843	302.5
fiber	fiber_R03	1H	440573355	25.294	441605351	441630645	1032
protein	protein_R01	3H	106623911	25.166	106348974	106374140	249.8
fiber	fiber_R10	5H	462564771	25.157	461369071	461394228	1170.5
protein	3H:198076308	3H	198076308	25.147	198950303	198975450	874
fiber	fiber_R08	5H	377309369	25.081	378276001	378301082	966.6
fiber	fiber_R09	5H	437005013	25.05	435347581	435372631	1632.4
betaglucan	betaglucan_R03	3H	475967335	24.896	475892903	475917799	49.5
betaglucan	betaglucan_R04	3H	537247620	24.854	538178920	538203774	931.3
betaglucan	betaglucan_R05	4H	34858354	24.835	34825152	34849987	8.4
protein	3H:198076308	3H	198076308	24.821	198838650	198863471	762.3
fiber	fiber_R10	5H	462564771	24.711	462758946	462783657	194.2
betaglucan	betaglucan_R04	3H	537247620	24.689	537510694	537535383	263.1
protein	protein_R02	3H	159799839	24.599	159320268	159344867	455
protein	3H:198076308	3H	198076308	24.571	198445577	198470148	369.3
fiber	fiber_R03	1H	440573355	24.538	440879368	440903906	306
starch	starch_R03	3H	546433616	24.534	546328615	546353149	80.5
fiber	fiber_R08	5H	377309369	24.508	377118364	377142872	166.5
fiber	fiber_R12	7H	415651802	24.498	415446460	415470958	180.8
fiber	fiber_R10	5H	462564771	24.484	460798541	460823025	1741.7
fiber	fiber_R04	3H	543690146	24.425	545411659	545436084	1721.5
fiber	fiber_R07	5H	208944021	24.36	207037475	207061835	1882.2
fiber	fiber_R05	4H	24707376	24.357	24507612	24531969	175.4
fiber	fiber_R04	3H	543690146	24.356	545484500	545508856	1794.4
betaglucan	betaglucan_R04	3H	537247620	24.231	537247620	537271851	0
fiber	fiber_R09	5H	437005013	24.133	435264611	435288744	1716.3
fiber	fiber_R03	1H	440573355	23.849	441127851	441151700	554.5
protein	3H:198076308	3H	198076308	23.759	197773843	197797602	278.7
fiber	fiber_R04	3H	543690146	23.576	543714647	543738223	24.5
fiber	fiber_R03	1H	440573355	23.553	440698188	440721741	124.8
protein	protein_R01	3H	106623911	23.514	108356181	108379695	1732.3
starch	starch_R04	6H	525776080	23.489	525750346	525773835	2.2
fiber	fiber_R03	1H	440573355	23.483	440270262	440293745	279.6
fiber	fiber_R08	5H	377309369	23.385	377791470	377814855	482.1
protein	protein_R01	3H	106623911	23.328	107218225	107241553	594.3
fiber	fiber_R03	1H	440573355	23.273	440470102	440493375	80
protein	protein_R01	3H	106623911	23.257	106084321	106107578	516.3
fiber	fiber_R05	4H	24707376	23.211	24232967	24256178	451.2
betaglucan	betaglucan_R08	6H	475144663	23.059	474958634	474981693	163
protein	protein_R01	3H	106623911	22.947	106107578	106130525	493.4
protein	3H:198076308	3H	198076308	22.859	198376918	198399777	300.6
protein	protein_R01	3H	106623911	22.814	107382099	107404913	758.2
protein	3H:198076308	3H	198076308	22.723	198195392	198218115	119.1
fiber	fiber_R08	5H	377309369	22.617	379230409	379253026	1921
starch	starch_R04	6H	525776080	22.561	525795776	525818337	19.7
protein	protein_R01	3H	106623911	22.494	108110074	108132568	1486.2
fiber	fiber_R03	1H	440573355	22.477	441814999	441837476	1241.6
starch	starch_R03	3H	546433616	22.439	546392849	546415288	18.3
protein	3H:173351655	3H	173351655	22.428	172887758	172910186	441.5
fiber	fiber_R03	1H	440573355	22.158	441151746	441173904	578.4
protein	protein_R01	3H	106623911	22.114	107055535	107077649	431.6
fiber	fiber_R01	1H	330239605	22.104	330363275	330385379	123.7
fiber	fiber_R03	1H	440573355	22.104	439969143	439991247	582.1
starch	starch_R01	1H	330432546	22.104	330363275	330385379	47.2
starch	starch_R03	3H	546433616	21.988	546808227	546830215	374.6
betaglucan	betaglucan_R04	3H	537247620	21.885	537225735	537247620	0
fiber	fiber_R10	5H	462564771	21.82	463087652	463109472	522.9
fiber	fiber_R04	3H	543690146	21.785	542682082	542703867	986.3
protein	3H:198076308	3H	198076308	21.762	199506851	199528613	1430.5
protein	3H:173351655	3H	173351655	21.696	172248658	172270354	1081.3
protein	3H:198076308	3H	198076308	21.657	198281279	198302936	205
fiber	fiber_R05	4H	24707376	21.613	24428397	24450010	257.4
betaglucan	betaglucan_R03	3H	475967335	21.578	475627301	475648879	318.5
betaglucan	betaglucan_R02	2H	41996626	21.519	41975107	41996626	0
protein	3H:198076308	3H	198076308	21.512	198530224	198551736	453.9
betaglucan	betaglucan_R04	3H	537247620	21.423	537277957	537299380	30.3
protein	3H:198076308	3H	198076308	21.299	198151859	198173158	75.6
betaglucan	betaglucan_R04	3H	537247620	21.269	537538740	537560009	291.1
fiber	fiber_R04	3H	543690146	21.152	542537457	542558609	1131.5
starch	starch_R03	3H	546433616	21.113	546542943	546564056	109.3
fiber	fiber_R01	1H	330239605	21.076	330489331	330510407	249.7
starch	starch_R01	1H	330432546	21.076	330489331	330510407	56.8
fiber	fiber_R08	5H	377309369	20.941	377970650	377991591	661.3
fiber	fiber_R05	4H	24707376	20.935	25142043	25162978	434.7
fiber	fiber_R06	4H	470989624	20.868	472358088	472378956	1368.5
fiber	fiber_R02	1H	344520079	20.672	342615555	342636227	1883.9
fiber	fiber_R03	1H	440573355	20.67	440512889	440533559	39.8
protein	protein_R01	3H	106623911	20.669	106450838	106471507	152.4
starch	starch_R02	3H	530660057	20.658	530683890	530704548	23.8
betaglucan	betaglucan_R07	5H	224439424	20.657	223824960	223845617	593.8
starch	starch_R03	3H	546433616	20.657	546627380	546648037	193.8
fiber	fiber_R03	1H	440573355	20.613	440002186	440022799	550.6
starch	starch_R04	6H	525776080	20.518	526225065	526245583	449
fiber	fiber_R08	5H	377309369	20.476	377451047	377471523	141.7
protein	protein_R01	3H	106623911	20.466	105821425	105841891	782
fiber	fiber_R03	1H	440573355	20.457	439922568	439943025	630.3
fiber	fiber_R04	3H	543690146	20.319	542370866	542391185	1299
betaglucan	betaglucan_R04	3H	537247620	20.239	537430596	537450835	183
protein	protein_R01	3H	106623911	20.206	106225902	106246108	377.8
protein	3H:173351655	3H	173351655	20.155	171489460	171509615	1842
starch	starch_R04	6H	525776080	20.072	525512323	525532395	243.7
protein	3H:198076308	3H	198076308	20.031	198679705	198699736	603.4
fiber	fiber_R08	5H	377309369	19.99	377893782	377913772	584.4
fiber	fiber_R04	3H	543690146	19.917	545296598	545316515	1606.5
betaglucan	betaglucan_R10	6H	545947347	19.839	545032406	545052245	895.1
fiber	fiber_R08	5H	377309369	19.824	377722033	377741857	412.7
betaglucan	betaglucan_R05	4H	34858354	19.796	35020559	35040355	162.2
protein	protein_R01	3H	106623911	19.796	107880158	107899954	1256.2
fiber	fiber_R08	5H	377309369	19.765	378206354	378226119	897
betaglucan	betaglucan_R04	3H	537247620	19.631	537182538	537202169	45.5
protein	3H:173351655	3H	173351655	19.588	171509615	171529203	1822.5
fiber	fiber_R10	5H	462564771	19.569	461934637	461954206	610.6
fiber	fiber_R10	5H	462564771	19.504	461896515	461916019	648.8
protein	protein_R01	3H	106623911	19.493	107930214	107949707	1306.3
fiber	fiber_R05	4H	24707376	19.475	25728046	25747521	1020.7
starch	starch_R03	3H	546433616	19.443	545824711	545844154	589.5
protein	3H:198076308	3H	198076308	19.435	199414937	199434372	1338.6
fiber	fiber_R12	7H	415651802	19.408	415795981	415815389	144.2
fiber	fiber_R03	1H	440573355	19.407	440250631	440270038	303.3
betaglucan	betaglucan_R04	3H	537247620	19.4	537372006	537391406	124.4
betaglucan	betaglucan_R02	2H	41996626	19.375	41996626	42016001	0
fiber	fiber_R04	3H	543690146	19.303	544284326	544303629	594.2
protein	protein_R01	3H	106623911	19.269	107731444	107750713	1107.5
betaglucan	betaglucan_R04	3H	537247620	19.255	538126876	538146131	879.3
fiber	fiber_R03	1H	440573355	19.231	440182787	440202018	371.3
protein	protein_R01	3H	106623911	19.215	107758154	107777369	1134.2
protein	3H:198076308	3H	198076308	19.052	198731905	198750957	655.6
protein	3H:198076308	3H	198076308	18.969	198302936	198321905	226.6
betaglucan	betaglucan_R02	2H	41996626	18.952	41785162	41804114	192.5
fiber	fiber_R08	5H	377309369	18.911	377663480	377682391	354.1
betaglucan	betaglucan_R04	3H	537247620	18.882	537560009	537578891	312.4
fiber	fiber_R04	3H	543690146	18.744	544885468	544904212	1195.3
fiber	fiber_R10	5H	462564771	18.741	461159272	461178013	1386.8
protein	protein_R01	3H	106623911	18.679	105777063	105795742	828.2
fiber	fiber_R12	7H	415651802	18.625	415746792	415765417	95
betaglucan	betaglucan_R04	3H	537247620	18.593	538108283	538126876	860.7
starch	starch_R03	3H	546433616	18.539	546454859	546473398	21.2
fiber	fiber_R04	3H	543690146	18.458	542396169	542414627	1275.5
fiber	fiber_R04	3H	543690146	18.456	544240783	544259239	550.6
starch	starch_R01	1H	330432546	18.44	330397848	330416288	16.3
fiber	fiber_R04	3H	543690146	18.437	544503496	544521933	813.4
protein	protein_R01	3H	106623911	18.391	106058312	106076703	547.2
protein	protein_R01	3H	106623911	18.352	107526325	107544677	902.4
betaglucan	betaglucan_R05	4H	34858354	18.337	35043899	35062236	185.5
protein	protein_R01	3H	106623911	18.308	106994392	107012700	370.5
betaglucan	betaglucan_R02	2H	41996626	18.153	41184082	41202235	794.4
protein	3H:198076308	3H	198076308	18.139	198931480	198949619	855.2
starch	starch_R01	1H	330432546	18.076	330471255	330489331	38.7
fiber	fiber_R04	3H	543690146	17.843	544819444	544837287	1129.3
protein	3H:198076308	3H	198076308	17.786	199528613	199546399	1452.3
fiber	fiber_R04	3H	543690146	17.776	543742543	543760319	52.4
fiber	fiber_R03	1H	440573355	17.758	441837550	441855308	1264.2
protein	3H:173351655	3H	173351655	17.735	172803025	172820760	530.9
fiber	fiber_R12	7H	415651802	17.716	415651802	415669518	0
protein	3H:173351655	3H	173351655	17.711	171393367	171411078	1940.6
fiber	fiber_R01	1H	330239605	17.694	330532078	330549772	292.5
starch	starch_R01	1H	330432546	17.694	330532078	330549772	99.5
protein	protein_R01	3H	106623911	17.645	107836256	107853901	1212.3
fiber	fiber_R04	3H	543690146	17.601	544661016	544678617	970.9
starch	starch_R04	6H	525776080	17.589	525489492	525507081	269
protein	3H:198076308	3H	198076308	17.354	197680206	197697560	378.7
starch	starch_R01	1H	330432546	17.275	330695995	330713270	263.4
fiber	fiber_R12	7H	415651802	17.266	415614301	415631567	20.2
protein	protein_R01	3H	106623911	17.263	106556785	106574048	49.9
protein	3H:198076308	3H	198076308	17.242	199273473	199290715	1197.2
fiber	fiber_R04	3H	543690146	17.226	545556028	545573254	1865.9
betaglucan	betaglucan_R04	3H	537247620	17.217	538265506	538282723	1017.9
protein	3H:173351655	3H	173351655	17.205	171541010	171558215	1793.4
fiber	fiber_R12	7H	415651802	17.169	415992152	416009321	340.4
starch	starch_R03	3H	546433616	17.132	546367718	546384850	48.8
starch	starch_R03	3H	546433616	17.081	545875069	545892150	541.5
betaglucan	betaglucan_R02	2H	41996626	17.07	40019807	40036877	1959.7
protein	protein_R01	3H	106623911	17.056	107012700	107029756	388.8
betaglucan	betaglucan_R08	6H	475144663	16.999	474584970	474601969	542.7
betaglucan	betaglucan_R04	3H	537247620	16.873	538146131	538163004	898.5
fiber	fiber_R08	5H	377309369	16.765	377919189	377935954	609.8
betaglucan	betaglucan_R08	6H	475144663	16.702	474913189	474929891	214.8
fiber	fiber_R05	4H	24707376	16.614	24943421	24960035	236
fiber	fiber_R04	3H	543690146	16.563	543873708	543890271	183.6
fiber	fiber_R03	1H	440573355	16.55	441211826	441228376	638.5
fiber	fiber_R04	3H	543690146	16.55	545532910	545549460	1842.8
protein	protein_R01	3H	106623911	16.468	106867334	106883802	243.4
fiber	fiber_R09	5H	437005013	16.455	435241971	435258426	1746.6
protein	protein_R02	3H	159799839	16.419	159344867	159361286	438.6
starch	starch_R04	6H	525776080	16.379	525466788	525483167	292.9
fiber	fiber_R04	3H	543690146	16.375	541830261	541846636	1843.5
fiber	fiber_R04	3H	543690146	16.318	545367141	545383459	1677
betaglucan	betaglucan_R08	6H	475144663	16.279	474929891	474946170	198.5
protein	3H:173351655	3H	173351655	16.267	172023832	172040099	1311.6
protein	protein_R01	3H	106623911	16.256	106150814	106167070	456.8
protein	3H:198076308	3H	198076308	16.209	198908162	198924371	831.9
starch	starch_R04	6H	525776080	16.126	525302782	525318908	457.2
fiber	fiber_R05	4H	24707376	16.107	24689851	24705958	1.4
protein	3H:198076308	3H	198076308	15.992	197548559	197564551	511.8
fiber	fiber_R06	4H	470989624	15.97	470973654	470989624	0
fiber	fiber_R05	4H	24707376	15.928	24927493	24943421	220.1
betaglucan	betaglucan_R04	3H	537247620	15.916	538163004	538178920	915.4
protein	protein_R01	3H	106623911	15.867	107504805	107520672	880.9
fiber	fiber_R03	1H	440573355	15.845	440365977	440381822	191.5
fiber	fiber_R10	5H	462564771	15.834	460782707	460798541	1766.2
fiber	fiber_R02	1H	344520079	15.823	344504256	344520079	0
starch	starch_R04	6H	525776080	15.816	526488958	526504774	712.9
betaglucan	betaglucan_R05	4H	34858354	15.804	34952641	34968445	94.3
fiber	fiber_R10	5H	462564771	15.779	460736433	460752212	1812.6
betaglucan	betaglucan_R02	2H	41996626	15.685	41164478	41180163	816.5
protein	protein_R01	3H	106623911	15.597	107453592	107469189	829.7
starch	starch_R03	3H	546433616	15.593	546001124	546016717	416.9
fiber	fiber_R05	4H	24707376	15.553	24272602	24288155	419.2
protein	protein_R01	3H	106623911	15.546	105533529	105549075	1074.8
starch	starch_R03	3H	546433616	15.54	545754297	545769837	663.8
starch	starch_R04	6H	525776080	15.515	525327763	525343278	432.8
betaglucan	betaglucan_R03	3H	475967335	15.462	475771418	475786880	180.5
betaglucan	betaglucan_R04	3H	537247620	15.401	538443623	538459024	1196
fiber	fiber_R04	3H	543690146	15.342	545439507	545454849	1749.4
starch	starch_R04	6H	525776080	15.286	526444680	526459966	668.6
fiber	fiber_R01	1H	330239605	15.273	330432656	330447929	193.1
betaglucan	betaglucan_R08	6H	475144663	15.267	474865291	474880558	264.1
protein	protein_R01	3H	106623911	15.242	107558247	107573489	934.3
starch	starch_R04	6H	525776080	15.221	526466756	526481977	690.7
betaglucan	betaglucan_R08	6H	475144663	15.183	476833253	476848436	1688.6
starch	starch_R04	6H	525776080	15.164	525365817	525380981	395.1
fiber	fiber_R03	1H	440573355	15.155	440138923	440154078	419.3
fiber	fiber_R09	5H	437005013	15.146	437068173	437083319	63.2
betaglucan	betaglucan_R04	3H	537247620	15.118	537590542	537605660	342.9
protein	3H:198076308	3H	198076308	15.08	199190921	199206001	1114.6
fiber	fiber_R12	7H	415651802	15.04	416071388	416086428	419.6
fiber	fiber_R04	3H	543690146	14.99	543828641	543843631	138.5
fiber	fiber_R05	4H	24707376	14.927	25066476	25081403	359.1
fiber	fiber_R10	5H	462564771	14.883	461701412	461716295	848.5
protein	3H:173351655	3H	173351655	14.861	173085312	173100173	251.5
fiber	fiber_R04	3H	543690146	14.823	544157696	544172519	467.6
protein	protein_R01	3H	106623911	14.815	107475790	107490605	851.9
fiber	fiber_R04	3H	543690146	14.807	544614427	544629234	924.3
betaglucan	betaglucan_R08	6H	475144663	14.782	475129881	475144663	0
protein	protein_R01	3H	106623911	14.771	108017270	108032041	1393.4
protein	3H:198076308	3H	198076308	14.736	198981944	198996680	905.6
fiber	fiber_R06	4H	470989624	14.702	471124024	471138726	134.4
starch	starch_R03	3H	546433616	14.7	545932258	545946958	486.7
fiber	fiber_R04	3H	543690146	14.648	544314471	544329119	624.3
fiber	fiber_R08	5H	377309369	14.622	378000023	378014645	690.7
protein	3H:198076308	3H	198076308	14.612	198430965	198445577	354.7
starch	starch_R03	3H	546433616	14.575	546889609	546904184	456
protein	3H:173351655	3H	173351655	14.546	171377091	171391637	1960
fiber	fiber_R04	3H	543690146	14.52	544051124	544065644	361
protein	3H:198076308	3H	198076308	14.47	198409004	198423474	332.7
fiber	fiber_R12	7H	415651802	14.374	415719360	415733734	67.6
fiber	fiber_R04	3H	543690146	14.353	544858001	544872354	1167.9
protein	protein_R02	3H	159799839	14.345	159948646	159962991	148.8
starch	starch_R04	6H	525776080	14.223	525644158	525658381	117.7
protein	3H:173351655	3H	173351655	14.215	171582449	171596664	1755
fiber	fiber_R05	4H	24707376	14.166	24210539	24224705	482.7
fiber	fiber_R08	5H	377309369	14.144	377427872	377442016	118.5
fiber	fiber_R10	5H	462564771	14.047	461394228	461408275	1156.5
protein	3H:173351655	3H	173351655	13.997	173225895	173239892	111.8
fiber	fiber_R10	5H	462564771	13.905	461108563	461122468	1442.3
fiber	fiber_R03	1H	440573355	13.902	439794814	439808716	764.6
fiber	fiber_R04	3H	543690146	13.902	541853708	541867610	1822.5
starch	starch_R04	6H	525776080	13.889	525434442	525448331	327.7
starch	starch_R04	6H	525776080	13.888	526276999	526290887	500.9
betaglucan	betaglucan_R01	1H	479493867	13.869	479537037	479550906	43.2
betaglucan	betaglucan_R03	3H	475967335	13.857	475805705	475819562	147.8
protein	protein_R01	3H	106623911	13.851	107036599	107050450	412.7
fiber	fiber_R05	4H	24707376	13.84	24179379	24193219	514.2
betaglucan	betaglucan_R02	2H	41996626	13.838	41205448	41219286	777.3
protein	3H:198076308	3H	198076308	13.835	198824815	198838650	748.5
protein	3H:198076308	3H	198076308	13.791	198758106	198771897	681.8
starch	starch_R04	6H	525776080	13.754	526843347	526857101	1067.3
fiber	fiber_R04	3H	543690146	13.751	545073831	545087582	1383.7
fiber	fiber_R04	3H	543690146	13.75	544952812	544966562	1262.7
protein	protein_R01	3H	106623911	13.743	107491062	107504805	867.2
protein	3H:198076308	3H	198076308	13.727	197865719	197879446	196.9
starch	starch_R02	3H	530660057	13.661	530716802	530730463	56.7
fiber	fiber_R07	5H	208944021	13.616	208930405	208944021	0
protein	protein_R01	3H	106623911	13.605	107673573	107687178	1049.7
fiber	fiber_R10	5H	462564771	13.602	461197184	461210786	1354
protein	3H:198076308	3H	198076308	13.597	197908644	197922241	154.1
fiber	fiber_R04	3H	543690146	13.573	545090162	545103735	1400
fiber	fiber_R04	3H	543690146	13.564	544087609	544101173	397.5
betaglucan	betaglucan_R03	3H	475967335	13.553	475699703	475713256	254.1
protein	3H:198076308	3H	198076308	13.518	199373796	199387314	1297.5
protein	3H:198076308	3H	198076308	13.505	199387314	199400819	1311
fiber	fiber_R07	5H	208944021	13.461	209727116	209740577	783.1
protein	3H:198076308	3H	198076308	13.416	198666289	198679705	590
fiber	fiber_R03	1H	440573355	13.406	440118922	440132328	441
fiber	fiber_R04	3H	543690146	13.382	543527668	543541050	149.1
starch	starch_R04	6H	525776080	13.371	525965086	525978457	189
protein	3H:198076308	3H	198076308	13.362	197608485	197621847	454.5
fiber	fiber_R03	1H	440573355	13.308	440169479	440182787	390.6
fiber	fiber_R07	5H	208944021	13.299	207093025	207106324	1837.7
fiber	fiber_R04	3H	543690146	13.297	543763827	543777124	73.7
protein	3H:198076308	3H	198076308	13.25	198043746	198056996	19.3
fiber	fiber_R10	5H	462564771	13.223	461883292	461896515	668.3
fiber	fiber_R12	7H	415651802	13.207	415470958	415484165	167.6
betaglucan	betaglucan_R08	6H	475144663	13.176	475146089	475159265	1.4
betaglucan	betaglucan_R08	6H	475144663	13.11	474306240	474319350	825.3
fiber	fiber_R10	5H	462564771	13.099	460705921	460719020	1845.8
protein	protein_R01	3H	106623911	13.081	107970400	107983481	1346.5
fiber	fiber_R12	7H	415651802	13.058	415733734	415746792	81.9
fiber	fiber_R04	3H	543690146	13.019	544456028	544469047	765.9
protein	3H:173351655	3H	173351655	12.995	173066852	173079847	271.8
betaglucan	betaglucan_R08	6H	475144663	12.952	475104616	475117568	27.1
fiber	fiber_R10	5H	462564771	12.927	461227550	461240477	1324.3
fiber	fiber_R10	5H	462564771	12.899	460865004	460877903	1686.9
protein	protein_R01	3H	106623911	12.868	107168710	107181578	544.8
fiber	fiber_R09	5H	437005013	12.861	437055312	437068173	50.3
fiber	fiber_R06	4H	470989624	12.842	470020724	470033566	956.1
fiber	fiber_R04	3H	543690146	12.807	545006551	545019358	1316.4
fiber	fiber_R05	4H	24707376	12.8	25129243	25142043	421.9
protein	3H:198076308	3H	198076308	12.773	199072157	199084930	995.8
betaglucan	betaglucan_R03	3H	475967335	12.73	476042900	476055630	75.6
fiber	fiber_R04	3H	543690146	12.727	542047074	542059801	1630.3
fiber	fiber_R08	5H	377309369	12.697	378960399	378973096	1651
starch	starch_R01	1H	330432546	12.696	330549772	330562468	117.2
starch	starch_R03	3H	546433616	12.695	546724669	546737364	291.1
fiber	fiber_R01	1H	330239605	12.694	330516451	330529145	276.8
starch	starch_R01	1H	330432546	12.694	330516451	330529145	83.9
fiber	fiber_R04	3H	543690146	12.673	545398986	545411659	1708.8
betaglucan	betaglucan_R09	6H	477651616	12.577	477636840	477649417	2.2
protein	protein_R01	3H	106623911	12.576	107429802	107442378	805.9
protein	protein_R01	3H	106623911	12.511	108232030	108244541	1608.1
fiber	fiber_R04	3H	543690146	12.493	544410852	544423345	720.7
protein	3H:198076308	3H	198076308	12.491	198261398	198273889	185.1
starch	starch_R01	1H	330432546	12.469	330385379	330397848	34.7
fiber	fiber_R04	3H	543690146	12.428	542356910	542369338	1320.8
protein	3H:198076308	3H	198076308	12.41	198591693	198604103	515.4
fiber	fiber_R04	3H	543690146	12.387	544423345	544435732	733.2
fiber	fiber_R08	5H	377309369	12.274	376957532	376969806	339.6
fiber	fiber_R04	3H	543690146	12.273	543567564	543579837	110.3
starch	starch_R01	1H	330432546	12.269	330675571	330687840	243
fiber	fiber_R10	5H	462564771	12.226	461955560	461967786	597
fiber	fiber_R04	3H	543690146	12.172	543845150	543857322	155
protein	protein_R01	3H	106623911	12.133	106828525	106840658	204.6
starch	starch_R04	6H	525776080	12.125	526043315	526055440	267.2
fiber	fiber_R04	3H	543690146	12.085	544599931	544612016	909.8
fiber	fiber_R04	3H	543690146	12.06	545336580	545348640	1646.4
fiber	fiber_R06	4H	470989624	12.018	470374152	470386170	603.5
fiber	fiber_R03	1H	440573355	12.013	441062606	441074619	489.3
starch	starch_R03	3H	546433616	11.993	546436263	546448256	2.6
protein	3H:173351655	3H	173351655	11.98	173000604	173012584	339.1
fiber	fiber_R06	4H	470989624	11.959	470901283	470913242	76.4
protein	3H:198076308	3H	198076308	11.935	198645039	198656974	568.7
fiber	fiber_R04	3H	543690146	11.932	542109928	542121860	1568.3
fiber	fiber_R10	5H	462564771	11.907	461313654	461325561	1239.2
protein	protein_R01	3H	106623911	11.885	108032041	108043926	1408.1
protein	protein_R01	3H	106623911	11.884	106175833	106187717	436.2
protein	protein_R01	3H	106623911	11.86	105713778	105725638	898.3
protein	protein_R01	3H	106623911	11.794	106384044	106395838	228.1
fiber	fiber_R04	3H	543690146	11.792	545607498	545619290	1917.4
fiber	fiber_R04	3H	543690146	11.767	545659970	545671737	1969.8
fiber	fiber_R03	1H	440573355	11.747	441074619	441086366	501.3
starch	starch_R04	6H	525776080	11.734	526859581	526871315	1083.5
betaglucan	betaglucan_R08	6H	475144663	11.708	475002013	475013721	130.9
fiber	fiber_R04	3H	543690146	11.705	545383459	545395164	1693.3
starch	starch_R04	6H	525776080	11.705	526421953	526433658	645.9
protein	protein_R01	3H	106623911	11.692	106896708	106908400	272.8
protein	protein_R01	3H	106623911	11.642	107990012	108001654	1366.1
starch	starch_R04	6H	525776080	11.632	525354185	525365817	410.3
protein	3H:198076308	3H	198076308	11.632	198771897	198783529	695.6
betaglucan	betaglucan_R03	3H	475967335	11.621	475606684	475618305	349
fiber	fiber_R08	5H	377309369	11.606	377814855	377826461	505.5
betaglucan	betaglucan_R06	4H	528254769	11.562	528374271	528385833	119.5
fiber	fiber_R04	3H	543690146	11.557	545242748	545254305	1552.6
fiber	fiber_R04	3H	543690146	11.538	544066584	544078122	376.4
protein	3H:173351655	3H	173351655	11.512	172368641	172380153	971.5
starch	starch_R04	6H	525776080	11.479	525780292	525791771	4.2
betaglucan	betaglucan_R06	4H	528254769	11.46	528344950	528356410	90.2
fiber	fiber_R06	4H	470989624	11.44	471451995	471463435	462.4
protein	protein_R01	3H	106623911	11.392	107328179	107339571	704.3
fiber	fiber_R10	5H	462564771	11.376	461413461	461424837	1139.9
fiber	fiber_R10	5H	462564771	11.359	462721296	462732655	156.5
fiber	fiber_R04	3H	543690146	11.325	544752193	544763518	1062
fiber	fiber_R04	3H	543690146	11.304	544272993	544284297	582.8
protein	3H:173351655	3H	173351655	11.303	172711031	172722334	629.3
fiber	fiber_R10	5H	462564771	11.298	461779010	461790308	774.5
protein	protein_R01	3H	106623911	11.282	106417598	106428880	195
fiber	fiber_R03	1H	440573355	11.278	441086366	441097644	513
betaglucan	betaglucan_R04	3H	537247620	11.261	537940917	537952178	693.3
protein	3H:173351655	3H	173351655	11.199	171529811	171541010	1810.6
starch	starch_R03	3H	546433616	11.162	546317453	546328615	105
protein	3H:198076308	3H	198076308	11.152	197803437	197814589	261.7
betaglucan	betaglucan_R02	2H	41996626	11.142	41149926	41161068	835.6
fiber	fiber_R08	5H	377309369	11.138	377363518	377374656	54.1
fiber	fiber_R04	3H	543690146	11.097	543812361	543823458	122.2
fiber	fiber_R04	3H	543690146	11.063	545133372	545144435	1443.2
fiber	fiber_R03	1H	440573355	11.041	440687147	440698188	113.8
protein	3H:173351655	3H	173351655	11.019	171571430	171582449	1769.2
protein	3H:198076308	3H	198076308	11.009	198506722	198517731	430.4
protein	protein_R01	3H	106623911	10.969	108325108	108336077	1701.2
betaglucan	betaglucan_R04	3H	537247620	10.962	537356787	537367749	109.2
betaglucan	betaglucan_R04	3H	537247620	10.957	537984301	537995258	736.7
fiber	fiber_R01	1H	330239605	10.923	330447929	330458852	208.3
protein	protein_R01	3H	106623911	10.912	105911992	105922904	701
protein	protein_R01	3H	106623911	10.889	108314219	108325108	1690.3
starch	starch_R03	3H	546433616	10.886	546876786	546887672	443.2
protein	3H:173351655	3H	173351655	10.869	172456358	172467227	884.4
protein	3H:173351655	3H	173351655	10.857	173250167	173261024	90.6
starch	starch_R04	6H	525776080	10.844	525343278	525354122	422
fiber	fiber_R10	5H	462564771	10.815	461526658	461537473	1027.3
fiber	fiber_R10	5H	462564771	10.799	460722381	460733180	1831.6
fiber	fiber_R04	3H	543690146	10.793	542123563	542134356	1555.8
fiber	fiber_R10	5H	462564771	10.791	460983047	460993838	1570.9
fiber	fiber_R10	5H	462564771	10.781	461872511	461883292	681.5
fiber	fiber_R12	7H	415651802	10.778	415970182	415980960	318.4
fiber	fiber_R10	5H	462564771	10.769	462732655	462743424	167.9
fiber	fiber_R04	3H	543690146	10.757	542035933	542046690	1643.5
protein	protein_R01	3H	106623911	10.73	108383787	108394517	1759.9
starch	starch_R01	1H	330432546	10.722	330625490	330636212	192.9
protein	protein_R01	3H	106623911	10.72	107905264	107915984	1281.4
protein	3H:173351655	3H	173351655	10.708	172213863	172224571	1127.1
starch	starch_R04	6H	525776080	10.588	525892484	525903072	116.4
protein	protein_R01	3H	106623911	10.555	106439786	106450341	173.6
betaglucan	betaglucan_R06	4H	528254769	10.547	528241152	528251699	3.1
protein	protein_R01	3H	106623911	10.537	106399004	106409541	214.4
starch	starch_R03	3H	546433616	10.51	545903237	545913747	519.9
starch	starch_R03	3H	546433616	10.501	545814210	545824711	608.9
betaglucan	betaglucan_R04	3H	537247620	10.499	537801331	537811830	553.7
protein	protein_R01	3H	106623911	10.492	108339491	108349983	1715.6
protein	protein_R01	3H	106623911	10.458	107613712	107624170	989.8
protein	protein_R01	3H	106623911	10.449	107096992	107107441	473.1
starch	starch_R04	6H	525776080	10.449	526733881	526744330	957.8
fiber	fiber_R10	5H	462564771	10.437	462743424	462753861	178.7
fiber	fiber_R08	5H	377309369	10.432	377615867	377626299	306.5
fiber	fiber_R10	5H	462564771	10.422	464119817	464130239	1555
protein	protein_R01	3H	106623911	10.416	107783223	107793639	1159.3
fiber	fiber_R04	3H	543690146	10.377	544636913	544647290	946.8
protein	protein_R01	3H	106623911	10.374	106666881	106677255	43
protein	protein_R01	3H	106623911	10.367	107584111	107594478	960.2
betaglucan	betaglucan_R01	1H	479493867	10.329	479299107	479309436	184.4
fiber	fiber_R12	7H	415651802	10.311	415489988	415500299	151.5
fiber	fiber_R04	3H	543690146	10.307	543588062	543598369	91.8
protein	3H:173351655	3H	173351655	10.304	172135269	172145573	1206.1
fiber	fiber_R08	5H	377309369	10.299	375418183	375428482	1880.9
starch	starch_R01	1H	330432546	10.286	330439804	330450090	7.3
fiber	fiber_R04	3H	543690146	10.255	545646555	545656810	1956.4
protein	3H:173351655	3H	173351655	10.254	172238404	172248658	1103
fiber	fiber_R04	3H	543690146	10.195	543692495	543702690	2.3
starch	starch_R04	6H	525776080	10.155	526411645	526421800	635.6
fiber	fiber_R05	4H	24707376	10.142	24805454	24815596	98.1
starch	starch_R01	1H	330432546	10.109	330450090	330460199	17.5
starch	starch_R03	3H	546433616	10.097	546531374	546541471	97.8
protein	3H:173351655	3H	173351655	10.092	172865453	172875545	476.1
betaglucan	betaglucan_R02	2H	41996626	10.067	41251920	41261987	734.6
protein	protein_R01	3H	106623911	10.025	106289920	106299945	324
fiber	fiber_R03	1H	440573355	9.996	440297579	440307575	265.8
starch	starch_R03	3H	546433616	9.992	545990778	546000770	432.8
betaglucan	betaglucan_R03	3H	475967335	9.96	475997984	476007944	30.6
protein	protein_R01	3H	106623911	9.95	108062853	108072803	1438.9
starch	starch_R04	6H	525776080	9.944	525631259	525641203	134.9
betaglucan	betaglucan_R04	3H	537247620	9.926	538390024	538399950	1142.4
starch	starch_R04	6H	525776080	9.91	526744330	526754240	968.2
betaglucan	betaglucan_R03	3H	475967335	9.892	475950944	475960836	6.5
starch	starch_R01	1H	330432546	9.873	330713270	330723143	280.7
fiber	fiber_R06	4H	470989624	9.871	472696131	472706002	1706.5
betaglucan	betaglucan_R03	3H	475967335	9.857	475685427	475695284	272.1
starch	starch_R04	6H	525776080	9.838	525390494	525400332	375.7
protein	protein_R01	3H	106623911	9.837	106603609	106613446	10.5
fiber	fiber_R10	5H	462564771	9.761	461538847	461548608	1016.2
betaglucan	betaglucan_R08	6H	475144663	9.723	475119584	475129307	15.4
protein	protein_R01	3H	106623911	9.685	106982085	106991770	358.2
fiber	fiber_R04	3H	543690146	9.682	544586182	544595864	896
fiber	fiber_R05	4H	24707376	9.674	26307570	26317244	1600.2
protein	protein_R01	3H	106623911	9.672	107865948	107875620	1242
protein	3H:198076308	3H	198076308	9.664	198332511	198342175	256.2
starch	starch_R02	3H	530660057	9.66	530664540	530674200	4.5
protein	3H:173351655	3H	173351655	9.634	172990970	173000604	351.1
fiber	fiber_R10	5H	462564771	9.599	462564771	462574370	0
starch	starch_R04	6H	525776080	9.587	525952160	525961747	176.1
protein	3H:198076308	3H	198076308	9.554	198182084	198191638	105.8
betaglucan	betaglucan_R04	3H	537247620	9.548	537206871	537216419	31.2
starch	starch_R03	3H	546433616	9.477	546565227	546574704	131.6
fiber	fiber_R03	1H	440573355	9.459	439991937	440001396	572
protein	3H:198076308	3H	198076308	9.457	199364339	199373796	1288
protein	protein_R01	3H	106623911	9.451	105554572	105564023	1059.9
fiber	fiber_R04	3H	543690146	9.415	545106264	545115679	1416.1
fiber	fiber_R05	4H	24707376	9.377	24842584	24851961	135.2
fiber	fiber_R06	4H	470989624	9.34	472864272	472873612	1874.6
fiber	fiber_R12	7H	415651802	9.321	415529897	415539218	112.6
protein	3H:198076308	3H	198076308	9.315	198656974	198666289	580.7
starch	starch_R03	3H	546433616	9.312	546047467	546056779	376.8
protein	protein_R01	3H	106623911	9.309	105640920	105650229	973.7
betaglucan	betaglucan_R10	6H	545947347	9.293	545052245	545061538	885.8
fiber	fiber_R04	3H	543690146	9.289	543892182	543901471	202
fiber	fiber_R10	5H	462564771	9.275	461722587	461731862	832.9
protein	3H:173351655	3H	173351655	9.232	172492348	172501580	850.1
starch	starch_R03	3H	546433616	9.231	545737547	545746778	686.8
fiber	fiber_R04	3H	543690146	9.223	544739978	544749201	1049.8
protein	protein_R01	3H	106623911	9.21	107362200	107371410	738.3
fiber	fiber_R03	1H	440573355	9.194	440493375	440502569	70.8
fiber	fiber_R04	3H	543690146	9.191	545042626	545051817	1352.5
fiber	fiber_R05	4H	24707376	9.179	24778534	24787713	71.2
protein	3H:198076308	3H	198076308	9.161	199439369	199448530	1363.1
fiber	fiber_R05	4H	24707376	9.154	24258588	24267742	439.6
fiber	fiber_R12	7H	415651802	9.144	415642658	415651802	0
protein	protein_R01	3H	106623911	9.133	107241553	107250686	617.6
fiber	fiber_R06	4H	470989624	9.114	470358415	470367529	622.1
fiber	fiber_R04	3H	543690146	9.102	545475398	545484500	1785.3
protein	protein_R01	3H	106623911	9.064	106819461	106828525	195.6
protein	3H:173351655	3H	173351655	9.062	173359475	173368537	7.8
fiber	fiber_R03	1H	440573355	9.06	440160419	440169479	403.9
protein	protein_R01	3H	106623911	9.056	107302810	107311866	678.9
fiber	fiber_R04	3H	543690146	9.043	545174622	545183665	1484.5
fiber	fiber_R08	5H	377309369	9.031	377442016	377451047	132.6
betaglucan	betaglucan_R03	3H	475967335	9.029	475591915	475600944	366.4
protein	protein_R01	3H	106623911	9.013	105809078	105818091	805.8
fiber	fiber_R04	3H	543690146	9.012	545058976	545067988	1368.8
fiber	fiber_R10	5H	462564771	9.012	461738837	461747849	816.9
fiber	fiber_R04	3H	543690146	8.99	545268916	545277906	1578.8
betaglucan	betaglucan_R09	6H	477651616	8.98	477624949	477633929	17.7
protein	protein_R01	3H	106623911	8.914	108215452	108224366	1591.5
protein	3H:198076308	3H	198076308	8.914	199292226	199301140	1215.9
starch	starch_R04	6H	525776080	8.911	525599924	525608835	167.2
protein	protein_R01	3H	106623911	8.907	107404913	107413820	781
fiber	fiber_R04	3H	543690146	8.879	544789827	544798706	1099.7
fiber	fiber_R12	7H	415651802	8.868	415585194	415594062	57.7
fiber	fiber_R05	4H	24707376	8.865	24760673	24769538	53.3
protein	3H:198076308	3H	198076308	8.853	197669146	197677999	398.3
protein	protein_R01	3H	106623911	8.822	105795742	105804564	819.3
protein	3H:173351655	3H	173351655	8.791	172228509	172237300	1114.4
protein	protein_R01	3H	106623911	8.758	108401948	108410706	1778
fiber	fiber_R04	3H	543690146	8.757	541957076	541965833	1724.3
starch	starch_R02	3H	530660057	8.742	530708060	530716802	48
starch	starch_R03	3H	546433616	8.703	547063017	547071720	629.4
fiber	fiber_R04	3H	543690146	8.648	544872838	544881486	1182.7
betaglucan	betaglucan_R08	6H	475144663	8.64	475016809	475025449	119.2
betaglucan	betaglucan_R03	3H	475967335	8.611	475673444	475682055	285.3
protein	protein_R01	3H	106623911	8.608	108074166	108082774	1450.3
fiber	fiber_R01	1H	330239605	8.601	330418008	330426609	178.4
betaglucan	betaglucan_R08	6H	475144663	8.589	476677341	476685930	1532.7
fiber	fiber_R03	1H	440573355	8.585	439362638	439371223	1202.1
betaglucan	betaglucan_R03	3H	475967335	8.55	475578844	475587394	379.9
protein	3H:198076308	3H	198076308	8.547	199059236	199067783	982.9
fiber	fiber_R05	4H	24707376	8.509	24733304	24741813	25.9
protein	protein_R01	3H	106623911	8.507	106657296	106665803	33.4
protein	protein_R01	3H	106623911	8.502	107148685	107157187	524.8
fiber	fiber_R04	3H	543690146	8.464	545459847	545468311	1769.7
fiber	fiber_R12	7H	415651802	8.453	415509076	415517529	134.3
protein	3H:198076308	3H	198076308	8.42	198792399	198800819	716.1
fiber	fiber_R04	3H	543690146	8.417	544648595	544657012	958.4
betaglucan	betaglucan_R06	4H	528254769	8.403	528365868	528374271	111.1
fiber	fiber_R03	1H	440573355	8.39	439950834	439959224	614.1
fiber	fiber_R04	3H	543690146	8.366	545350002	545358368	1659.9
protein	3H:198076308	3H	198076308	8.356	198477177	198485533	400.9
protein	3H:173351655	3H	173351655	8.329	172595678	172604007	747.6
fiber	fiber_R04	3H	543690146	8.327	543541050	543549377	140.8
fiber	fiber_R10	5H	462564771	8.286	461655071	461663357	901.4
protein	3H:198076308	3H	198076308	8.268	199217425	199225693	1141.1
protein	3H:198076308	3H	198076308	8.244	197922241	197930485	145.8
protein	3H:173351655	3H	173351655	8.237	172508041	172516278	835.4
betaglucan	betaglucan_R03	3H	475967335	8.229	475882254	475890483	76.9
protein	3H:198076308	3H	198076308	8.229	199302820	199311049	1226.5
betaglucan	betaglucan_R03	3H	475967335	8.225	475920466	475928691	38.6
protein	3H:173351655	3H	173351655	8.207	172748306	172756513	595.1
fiber	fiber_R05	4H	24707376	8.193	23990522	23998715	708.7
protein	3H:198076308	3H	198076308	8.181	197660965	197669146	407.2
betaglucan	betaglucan_R06	4H	528254769	8.159	528232993	528241152	13.6
protein	protein_R01	3H	106623911	8.11	107077649	107085759	453.7
protein	3H:198076308	3H	198076308	8.045	199182876	199190921	1106.6
protein	protein_R01	3H	106623911	8.007	106250090	106258097	365.8
protein	protein_R01	3H	106623911	8.005	107341082	107349087	717.2
fiber	fiber_R03	1H	440573355	7.99	440935726	440943716	362.4
fiber	fiber_R09	5H	437005013	7.982	435339599	435347581	1657.4
fiber	fiber_R05	4H	24707376	7.975	26221647	26229622	1514.3
fiber	fiber_R10	5H	462564771	7.952	461802161	461810113	754.7
fiber	fiber_R04	3H	543690146	7.949	544904212	544912161	1214.1
fiber	fiber_R12	7H	415651802	7.945	415960093	415968038	308.3
fiber	fiber_R10	5H	462564771	7.89	460974103	460981993	1582.8
protein	protein_R01	3H	106623911	7.874	107544677	107552551	920.8
fiber	fiber_R04	3H	543690146	7.849	541929659	541937508	1752.6
fiber	fiber_R04	3H	543690146	7.833	543557253	543565086	125.1
protein	protein_R01	3H	106623911	7.833	108154115	108161948	1530.2
protein	protein_R01	3H	106623911	7.831	108306388	108314219	1682.5
protein	3H:198076308	3H	198076308	7.83	198144029	198151859	67.7
protein	3H:173351655	3H	173351655	7.808	173053428	173061236	290.4
protein	protein_R01	3H	106623911	7.803	105564023	105571826	1052.1
protein	3H:198076308	3H	198076308	7.802	197962423	197970225	106.1
fiber	fiber_R04	3H	543690146	7.787	545119583	545127370	1429.4
fiber	fiber_R03	1H	440573355	7.779	439961364	439969143	604.2
protein	protein_R01	3H	106623911	7.77	107442378	107450148	818.5
protein	3H:198076308	3H	198076308	7.73	197814657	197822387	253.9
protein	protein_R01	3H	106623911	7.728	105989766	105997494	626.4
fiber	fiber_R12	7H	415651802	7.72	415984432	415992152	332.6
starch	starch_R04	6H	525776080	7.696	525400562	525408258	367.8
protein	3H:173351655	3H	173351655	7.677	173142350	173150027	201.6
fiber	fiber_R03	1H	440573355	7.666	439777200	439784866	788.5
fiber	fiber_R12	7H	415651802	7.615	415865044	415872659	213.2
fiber	fiber_R04	3H	543690146	7.609	544540468	544548077	850.3
fiber	fiber_R04	3H	543690146	7.592	541870003	541877595	1812.6
fiber	fiber_R10	5H	462564771	7.57	461184236	461191806	1373
protein	protein_R01	3H	106623911	7.495	106518738	106526233	97.7
starch	starch_R04	6H	525776080	7.493	525608835	525616328	159.8
protein	3H:198076308	3H	198076308	7.493	197970930	197978423	97.9
starch	starch_R04	6H	525776080	7.483	525410364	525417847	358.2
protein	protein_R01	3H	106623911	7.466	108102608	108110074	1478.7
protein	3H:173351655	3H	173351655	7.461	172102361	172109822	1241.8
fiber	fiber_R10	5H	462564771	7.447	461922713	461930160	634.6
fiber	fiber_R10	5H	462564771	7.446	462578736	462586182	14
protein	3H:198076308	3H	198076308	7.425	198783529	198790954	707.2
protein	protein_R01	3H	106623911	7.408	106017404	106024812	599.1
fiber	fiber_R04	3H	543690146	7.395	543549377	543556772	133.4
protein	protein_R01	3H	106623911	7.323	107121503	107128826	497.6
betaglucan	betaglucan_R08	6H	475144663	7.289	474981693	474988982	155.7
fiber	fiber_R04	3H	543690146	7.271	544850730	544858001	1160.6
starch	starch_R01	1H	330432546	7.258	330432546	330439804	0
starch	starch_R03	3H	546433616	7.246	546059417	546066663	367
protein	3H:173351655	3H	173351655	7.228	172155554	172162782	1188.9
fiber	fiber_R10	5H	462564771	7.219	461212350	461219569	1345.2
fiber	fiber_R04	3H	543690146	7.217	545573254	545580471	1883.1
fiber	fiber_R08	5H	377309369	7.216	377420656	377427872	111.3
fiber	fiber_R08	5H	377309369	7.213	377608654	377615867	299.3
protein	3H:198076308	3H	198076308	7.211	199451647	199458858	1375.3
protein	3H:173351655	3H	173351655	7.177	172703854	172711031	640.6
protein	3H:198076308	3H	198076308	7.176	199482446	199489622	1406.1
protein	3H:198076308	3H	198076308	7.162	197704675	197711837	364.5
protein	3H:198076308	3H	198076308	7.149	198750957	198758106	674.6
protein	protein_R01	3H	106623911	7.146	107265124	107272270	641.2
protein	protein_R01	3H	106623911	7.134	106527040	106534174	89.7
betaglucan	betaglucan_R03	3H	475967335	7.126	476072517	476079643	105.2
fiber	fiber_R04	3H	543690146	7.119	544402156	544409275	712
fiber	fiber_R04	3H	543690146	7.062	542028783	542035845	1654.3
fiber	fiber_R05	4H	24707376	7.062	24712854	24719916	5.5
protein	protein_R01	3H	106623911	7.06	108048181	108055241	1424.3
fiber	fiber_R04	3H	543690146	7.059	541945151	541952210	1737.9
fiber	fiber_R04	3H	543690146	7.051	544940929	544947980	1250.8
protein	3H:198076308	3H	198076308	7.039	198173158	198180197	96.8
betaglucan	betaglucan_R08	6H	475144663	7.034	474992459	474999493	145.2
fiber	fiber_R12	7H	415651802	7.033	415599059	415606092	45.7
fiber	fiber_R04	3H	543690146	7.023	543917611	543924634	227.5
fiber	fiber_R12	7H	415651802	7.013	415888723	415895736	236.9
protein	protein_R01	3H	106623911	7.013	106139730	106146743	477.2
fiber	fiber_R05	4H	24707376	7	25122243	25129243	414.9
betaglucan	betaglucan_R06	4H	528254769	6.992	528358876	528365868	104.1
fiber	fiber_R04	3H	543690146	6.988	544558769	544565757	868.6
fiber	fiber_R10	5H	462564771	6.975	461731862	461738837	825.9
fiber	fiber_R05	4H	24707376	6.953	24577038	24583991	123.4
betaglucan	betaglucan_R06	4H	528254769	6.949	528222794	528229743	25
protein	3H:173351655	3H	173351655	6.928	172148626	172155554	1196.1
fiber	fiber_R03	1H	440573355	6.926	440022799	440029725	543.6
protein	3H:173351655	3H	173351655	6.918	173125884	173132802	218.9
protein	3H:198076308	3H	198076308	6.912	198022577	198029489	46.8
fiber	fiber_R04	3H	543690146	6.908	543581154	543588062	102.1
protein	3H:173351655	3H	173351655	6.894	173046534	173053428	298.2
fiber	fiber_R08	5H	377309369	6.883	377413773	377420656	104.4
starch	starch_R03	3H	546433616	6.867	546768909	546775776	335.3
protein	protein_R01	3H	106623911	6.863	108259651	108266514	1635.7
protein	protein_R01	3H	106623911	6.851	107114652	107121503	490.7
protein	3H:198076308	3H	198076308	6.818	198555965	198562783	479.7
fiber	fiber_R12	7H	415651802	6.809	416025062	416031871	373.3
protein	protein_R01	3H	106623911	6.809	106805400	106812209	181.5
fiber	fiber_R05	4H	24707376	6.781	24743087	24749868	35.7
protein	3H:173351655	3H	173351655	6.742	171658670	171665412	1686.2
betaglucan	betaglucan_R08	6H	475144663	6.732	474949906	474956638	188
fiber	fiber_R12	7H	415651802	6.724	415780262	415786986	128.5
protein	protein_R01	3H	106623911	6.719	107199859	107206578	575.9
starch	starch_R03	3H	546433616	6.718	546310483	546317201	116.4
protein	3H:198076308	3H	198076308	6.707	199500144	199506851	1423.8
protein	protein_R01	3H	106623911	6.69	107829566	107836256	1205.7
starch	starch_R03	3H	546433616	6.682	545730865	545737547	696.1
protein	protein_R01	3H	106623911	6.661	108205542	108212203	1581.6
starch	starch_R03	3H	546433616	6.638	546415288	546421926	11.7
protein	protein_R01	3H	106623911	6.606	107253548	107260154	629.6
protein	protein_R01	3H	106623911	6.601	107469189	107475790	845.3
fiber	fiber_R08	5H	377309369	6.586	377991591	377998177	682.2
protein	protein_R01	3H	106623911	6.58	107131873	107138453	508
fiber	fiber_R04	3H	543690146	6.577	544966562	544973139	1276.4
starch	starch_R04	6H	525776080	6.552	525824072	525830624	48
protein	3H:173351655	3H	173351655	6.539	172165212	172171751	1179.9
fiber	fiber_R06	4H	470989624	6.536	470367616	470374152	615.5
fiber	fiber_R03	1H	440573355	6.527	440386280	440392807	180.5
starch	starch_R04	6H	525776080	6.527	526149769	526156296	373.7
starch	starch_R04	6H	525776080	6.524	526911030	526917554	1135
fiber	fiber_R04	3H	543690146	6.523	543706977	543713500	16.8
protein	3H:198076308	3H	198076308	6.492	199045598	199052090	969.3
protein	3H:198076308	3H	198076308	6.487	199353162	199359649	1276.9
starch	starch_R03	3H	546433616	6.482	546657294	546663776	223.7
protein	protein_R01	3H	106623911	6.473	106309696	106316169	307.7
betaglucan	betaglucan_R08	6H	475144663	6.469	474852943	474859412	285.3
protein	protein_R01	3H	106623911	6.462	105965575	105972037	651.9
protein	protein_R01	3H	106623911	6.462	107624170	107630632	1000.3
protein	protein_R01	3H	106623911	6.452	107915984	107922436	1292.1
protein	3H:198076308	3H	198076308	6.442	198323415	198329857	247.1
fiber	fiber_R04	3H	543690146	6.435	544481529	544487964	791.4
protein	protein_R01	3H	106623911	6.435	107085759	107092194	461.8
protein	3H:173351655	3H	173351655	6.428	172534536	172540964	810.7
protein	protein_R01	3H	106623911	6.398	107350014	107356412	726.1
protein	3H:173351655	3H	173351655	6.345	172667967	172674312	677.3
fiber	fiber_R03	1H	440573355	6.341	440154078	440160419	412.9
protein	protein_R01	3H	106623911	6.341	108144661	108151002	1520.8
protein	protein_R01	3H	106623911	6.329	107315838	107322167	691.9
protein	3H:198076308	3H	198076308	6.302	199493711	199500013	1417.4
protein	protein_R01	3H	106623911	6.299	106613446	106619745	4.2
fiber	fiber_R06	4H	470989624	6.293	469909909	469916202	1073.4
protein	protein_R01	3H	106623911	6.283	108249939	108256222	1626
starch	starch_R03	3H	546433616	6.263	546360025	546366288	67.3
fiber	fiber_R05	4H	24707376	6.245	24680307	24686552	20.8
starch	starch_R03	3H	546433616	6.243	546648037	546654280	214.4
protein	3H:198076308	3H	198076308	6.24	197835336	197841576	234.7
betaglucan	betaglucan_R04	3H	537247620	6.228	537176310	537182538	65.1
fiber	fiber_R10	5H	462564771	6.223	461178013	461184236	1380.5
protein	3H:198076308	3H	198076308	6.217	197822387	197828604	247.7
protein	protein_R01	3H	106623911	6.206	107375893	107382099	752
protein	protein_R01	3H	106623911	6.196	106550589	106556785	67.1
protein	3H:198076308	3H	198076308	6.187	199227535	199233722	1151.2
protein	3H:198076308	3H	198076308	6.183	198804613	198810796	728.3
protein	protein_R01	3H	106623911	6.178	106219724	106225902	398
protein	3H:198076308	3H	198076308	6.165	199459733	199465898	1383.4
protein	protein_R01	3H	106623911	6.148	106377896	106384044	239.9
starch	starch_R04	6H	525776080	6.136	525978457	525984593	202.4
protein	protein_R01	3H	106623911	6.13	107597676	107603806	973.8
protein	3H:198076308	3H	198076308	6.111	197846486	197852597	223.7
protein	3H:198076308	3H	198076308	6.098	197859621	197865719	210.6
starch	starch_R02	3H	530660057	6.088	530650062	530656150	3.9
protein	protein_R01	3H	106623911	6.085	107630632	107636717	1006.7
protein	3H:198076308	3H	198076308	6.085	198574811	198580896	498.5
fiber	fiber_R04	3H	543690146	6.078	545325329	545331407	1635.2
protein	3H:198076308	3H	198076308	6.061	198998362	199004423	922.1
betaglucan	betaglucan_R04	3H	537247620	6.06	538985255	538991315	1737.6
protein	protein_R01	3H	106623911	6.056	106640524	106646580	16.6
fiber	fiber_R04	3H	543690146	6.055	544384718	544390773	694.6
protein	3H:173351655	3H	173351655	6.053	172682742	172688795	662.9
protein	protein_R01	3H	106623911	6.051	106032572	106038623	585.3
fiber	fiber_R01	1H	330239605	6.044	330510407	330516451	270.8
starch	starch_R01	1H	330432546	6.044	330510407	330516451	77.9
protein	protein_R01	3H	106623911	6.037	106543795	106549832	74.1
starch	starch_R04	6H	525776080	6.026	526143743	526149769	367.7
protein	protein_R01	3H	106623911	6.006	106651290	106657296	27.4
fiber	fiber_R04	3H	543690146	5.995	545359284	545365279	1669.1
fiber	fiber_R05	4H	24707376	5.985	24193219	24199204	508.2
fiber	fiber_R08	5H	377309369	5.98	378140807	378146787	831.4
fiber	fiber_R08	5H	377309369	5.975	376923345	376929320	380
protein	3H:198076308	3H	198076308	5.971	199209675	199215646	1133.4
betaglucan	betaglucan_R02	2H	41996626	5.945	41777798	41783743	212.9
fiber	fiber_R08	5H	377309369	5.933	377309976	377315909	0.6
starch	starch_R04	6H	525776080	5.93	525834886	525840816	58.8
protein	protein_R01	3H	106623911	5.927	107029756	107035683	405.8
starch	starch_R04	6H	525776080	5.917	526433658	526439575	657.6
starch	starch_R04	6H	525776080	5.915	525879873	525885788	103.8
betaglucan	betaglucan_R04	3H	537247620	5.913	538102370	538108283	854.8
protein	protein_R01	3H	106623911	5.91	105978394	105984304	639.6
protein	protein_R01	3H	106623911	5.883	105882899	105888782	735.1
protein	3H:173351655	3H	173351655	5.882	172779064	172784946	566.7
fiber	fiber_R08	5H	377309369	5.874	375599557	375605431	1703.9
protein	3H:173351655	3H	173351655	5.857	172924110	172929967	421.7
protein	protein_R01	3H	106623911	5.847	107950979	107956826	1327.1
protein	protein_R01	3H	106623911	5.844	106849159	106855003	225.2
fiber	fiber_R03	1H	440573355	5.835	440507054	440512889	60.5
fiber	fiber_R10	5H	462564771	5.833	461066769	461072602	1492.2
protein	3H:198076308	3H	198076308	5.831	198873427	198879258	797.1
fiber	fiber_R04	3H	543690146	5.829	545550134	545555963	1860
fiber	fiber_R04	3H	543690146	5.821	545199604	545205425	1509.5
protein	protein_R01	3H	106623911	5.816	106258097	106263913	360
protein	3H:198076308	3H	198076308	5.801	197697560	197703361	372.9
protein	3H:198076308	3H	198076308	5.792	197952373	197958165	118.1
fiber	fiber_R04	3H	543690146	5.79	545586937	545592727	1896.8
protein	3H:173351655	3H	173351655	5.788	173028454	173034242	317.4
fiber	fiber_R10	5H	462564771	5.778	461362568	461368346	1196.4
protein	protein_R01	3H	106623911	5.772	106722334	106728106	98.4
starch	starch_R04	6H	525776080	5.77	526460858	526466628	684.8
protein	protein_R01	3H	106623911	5.762	106593381	106599143	24.8
fiber	fiber_R04	3H	543690146	5.749	544441997	544447746	751.9
protein	protein_R01	3H	106623911	5.744	105902933	105908677	715.2
fiber	fiber_R12	7H	415651802	5.743	415789720	415795463	137.9
protein	3H:173351655	3H	173351655	5.742	172474115	172479857	871.8
fiber	fiber_R10	5H	462564771	5.731	462401894	462407625	157.1
betaglucan	betaglucan_R03	3H	475967335	5.719	476086559	476092278	119.2
protein	3H:198076308	3H	198076308	5.719	197946654	197952373	123.9
starch	starch_R04	6H	525776080	5.716	525623342	525629058	147
fiber	fiber_R05	4H	24707376	5.697	24498850	24504547	202.8
protein	protein_R01	3H	106623911	5.696	107552551	107558247	928.6
protein	protein_R01	3H	106623911	5.695	107421769	107427464	797.9
fiber	fiber_R05	4H	24707376	5.689	24415832	24421521	285.9
betaglucan	betaglucan_R08	6H	475144663	5.675	475093528	475099203	45.5
fiber	fiber_R12	7H	415651802	5.669	415579525	415585194	66.6
protein	3H:173351655	3H	173351655	5.652	171667290	171672942	1678.7
fiber	fiber_R05	4H	24707376	5.65	24749868	24755518	42.5
starch	starch_R04	6H	525776080	5.65	526263950	526269600	487.9
protein	3H:173351655	3H	173351655	5.649	172348079	172353728	997.9
starch	starch_R04	6H	525776080	5.627	525424781	525430408	345.7
fiber	fiber_R04	3H	543690146	5.621	543067813	543073434	616.7
fiber	fiber_R04	3H	543690146	5.606	544217062	544222668	526.9
protein	3H:173351655	3H	173351655	5.606	172323504	172329110	1022.5
protein	3H:198076308	3H	198076308	5.599	199039999	199045598	963.7
protein	3H:198076308	3H	198076308	5.591	197883529	197889120	187.2
protein	3H:198076308	3H	198076308	5.584	197896082	197901666	174.6
fiber	fiber_R04	3H	543690146	5.575	545593701	545599276	1903.6
protein	3H:198076308	3H	198076308	5.571	197889120	197894691	181.6
fiber	fiber_R04	3H	543690146	5.57	545677175	545682745	1987
protein	protein_R01	3H	106623911	5.55	108350549	108356099	1726.6
protein	3H:198076308	3H	198076308	5.531	198062806	198068337	8
fiber	fiber_R05	4H	24707376	5.53	24367289	24372819	334.6
protein	3H:198076308	3H	198076308	5.525	197568638	197574163	502.1
protein	protein_R01	3H	106623911	5.523	106198707	106204230	419.7
protein	protein_R01	3H	106623911	5.523	107280933	107286456	657
protein	3H:198076308	3H	198076308	5.513	197854108	197859621	216.7
protein	protein_R01	3H	106623911	5.497	105549075	105554572	1069.3
protein	protein_R01	3H	106623911	5.494	106206159	106211653	412.3
betaglucan	betaglucan_R03	3H	475967335	5.493	475656830	475662323	305
fiber	fiber_R12	7H	415651802	5.485	415519301	415524786	127
betaglucan	betaglucan_R01	1H	479493867	5.482	479414010	479419492	74.4
fiber	fiber_R07	5H	208944021	5.47	209820813	209826283	876.8
starch	starch_R04	6H	525776080	5.463	526871315	526876778	1095.2
fiber	fiber_R12	7H	415651802	5.452	415711738	415717190	59.9
starch	starch_R03	3H	546433616	5.448	545747945	545753393	680.2
protein	protein_R01	3H	106623911	5.433	105888782	105894215	729.7
protein	protein_R01	3H	106623911	5.431	105574014	105579445	1044.5
protein	protein_R01	3H	106623911	5.427	107859311	107864738	1235.4
protein	protein_R01	3H	106623911	5.427	107963370	107968797	1339.5
fiber	fiber_R12	7H	415651802	5.425	416009321	416014746	357.5
fiber	fiber_R08	5H	377309369	5.417	377913772	377919189	604.4
starch	starch_R01	1H	330432546	5.417	330418008	330423425	9.1
protein	protein_R01	3H	106623911	5.413	105771650	105777063	846.8
fiber	fiber_R10	5H	462564771	5.406	463164400	463169806	599.6
fiber	fiber_R04	3H	543690146	5.378	545671737	545677115	1981.6
protein	3H:198076308	3H	198076308	5.368	197931429	197936797	139.5
protein	3H:198076308	3H	198076308	5.367	199469828	199475195	1393.5
protein	3H:198076308	3H	198076308	5.36	198087099	198092459	10.8
betaglucan	betaglucan_R04	3H	537247620	5.358	538978615	538983973	1731
protein	protein_R01	3H	106623911	5.351	106043223	106048574	575.3
fiber	fiber_R12	7H	415651802	5.334	415500326	415505660	146.1
betaglucan	betaglucan_R08	6H	475144663	5.333	475086216	475091549	53.1
betaglucan	betaglucan_R08	6H	475144663	5.326	474859965	474865291	279.4
fiber	fiber_R10	5H	462564771	5.319	461864979	461870298	694.5
betaglucan	betaglucan_R06	4H	528254769	5.309	528291001	528296310	36.2
protein	protein_R01	3H	106623911	5.308	107899954	107905262	1276
protein	3H:198076308	3H	198076308	5.303	197721727	197727030	349.3
betaglucan	betaglucan_R03	3H	475967335	5.29	475573554	475578844	388.5
fiber	fiber_R03	1H	440573355	5.271	440871010	440876281	297.7
protein	protein_R01	3H	106623911	5.262	108224366	108229628	1600.5
fiber	fiber_R12	7H	415651802	5.255	415898460	415903715	246.7
fiber	fiber_R05	4H	24707376	5.247	24003951	24009198	698.2
protein	3H:173351655	3H	173351655	5.247	172202838	172208085	1143.6
protein	3H:198076308	3H	198076308	5.244	198218115	198223359	141.8
starch	starch_R04	6H	525776080	5.242	525507081	525512323	263.8
fiber	fiber_R04	3H	543690146	5.241	543452211	543457452	232.7
protein	3H:173351655	3H	173351655	5.24	172316881	172322121	1029.5
protein	protein_R01	3H	106623911	5.225	106008954	106014179	609.7
protein	protein_R01	3H	106623911	5.225	106921247	106926472	297.3
betaglucan	betaglucan_R08	6H	475144663	5.221	475099203	475104424	40.2
betaglucan	betaglucan_R03	3H	475967335	5.214	475985589	475990803	18.3
protein	3H:173351655	3H	173351655	5.205	172112923	172118128	1233.5
fiber	fiber_R10	5H	462564771	5.19	461191813	461197003	1367.8
fiber	fiber_R12	7H	415651802	5.188	415815389	415820577	163.6
fiber	fiber_R04	3H	543690146	5.186	544843554	544848740	1153.4
protein	protein_R01	3H	106623911	5.176	106266636	106271812	352.1
protein	3H:198076308	3H	198076308	5.143	197978423	197983566	92.7
starch	starch_R03	3H	546433616	5.136	546448411	546453547	14.8
fiber	fiber_R05	4H	24707376	5.128	24203346	24208474	498.9
protein	protein_R01	3H	106623911	5.119	107213041	107218160	589.1
starch	starch_R04	6H	525776080	5.114	526254744	526259858	478.7
protein	3H:173351655	3H	173351655	5.104	171475517	171480621	1871
protein	3H:198076308	3H	198076308	5.082	199233722	199238804	1157.4
starch	starch_R03	3H	546433616	5.076	546078075	546083151	350.5
starch	starch_R03	3H	546433616	5.071	547000429	547005500	566.8
protein	3H:173351655	3H	173351655	5.067	172655097	172660164	691.5
protein	3H:173351655	3H	173351655	5.066	171480621	171485687	1866
protein	protein_R01	3H	106623911	5.048	108009455	108014503	1385.5
fiber	fiber_R09	5H	437005013	5.046	437083319	437088365	78.3
protein	3H:198076308	3H	198076308	5.038	198223359	198228397	147.1
fiber	fiber_R06	4H	470989624	5.009	471468011	471473020	478.4
fiber	fiber_R04	3H	543690146	5.006	543061514	543066520	623.6
fiber	fiber_R04	3H	543690146	4.994	544044030	544049024	353.9
protein	protein_R01	3H	106623911	4.992	106885495	106890487	261.6
fiber	fiber_R05	4H	24707376	4.963	24224705	24229668	477.7
protein	protein_R01	3H	106623911	4.957	107573489	107578446	949.6
starch	starch_R04	6H	525776080	4.949	525418602	525423551	352.5
protein	3H:173351655	3H	173351655	4.944	173292366	173297310	54.3
protein	3H:173351655	3H	173351655	4.943	172307652	172312595	1039.1
starch	starch_R04	6H	525776080	4.936	525461158	525466094	310
starch	starch_R03	3H	546433616	4.931	546066663	546071594	362
protein	3H:173351655	3H	173351655	4.905	172435663	172440568	911.1
protein	3H:198076308	3H	198076308	4.903	197936797	197941700	134.6
fiber	fiber_R04	3H	543690146	4.899	542305188	542310087	1380.1
protein	3H:198076308	3H	198076308	4.897	199264835	199269732	1188.5
protein	protein_R01	3H	106623911	4.894	106079427	106084321	539.6
betaglucan	betaglucan_R02	2H	41996626	4.888	41219366	41224254	772.4
fiber	fiber_R03	1H	440573355	4.884	439785980	439790864	782.5
starch	starch_R01	1H	330432546	4.843	330691152	330695995	258.6
protein	protein_R01	3H	106623911	4.828	106053484	106058312	565.6
fiber	fiber_R10	5H	462564771	4.824	462684144	462688968	119.4
fiber	fiber_R10	5H	462564771	4.82	460701092	460705912	1858.9
betaglucan	betaglucan_R02	2H	41996626	4.8	41422564	41427364	569.3
protein	3H:173351655	3H	173351655	4.792	172696735	172701527	650.1
fiber	fiber_R04	3H	543690146	4.78	544948032	544952812	1257.9
fiber	fiber_R04	3H	543690146	4.764	545282670	545287434	1592.5
fiber	fiber_R10	5H	462564771	4.762	462754184	462758946	189.4
starch	starch_R04	6H	525776080	4.754	526220311	526225065	444.2
fiber	fiber_R04	3H	543690146	4.75	545630052	545634802	1939.9
protein	protein_R01	3H	106623911	4.733	107578446	107583179	954.5
protein	3H:198076308	3H	198076308	4.729	198404275	198409004	328
protein	protein_R01	3H	106623911	4.728	107983481	107988209	1359.6
fiber	fiber_R04	3H	543690146	4.725	544079584	544084309	389.4
starch	starch_R04	6H	525776080	4.717	525947443	525952160	171.4
fiber	fiber_R05	4H	24707376	4.713	24818235	24822948	110.9
fiber	fiber_R05	4H	24707376	4.706	24531969	24536675	170.7
protein	protein_R01	3H	106623911	4.703	106747426	106752129	123.5
fiber	fiber_R04	3H	543690146	4.696	545528214	545532910	1838.1
protein	3H:198076308	3H	198076308	4.69	199359649	199364339	1283.3
protein	3H:173351655	3H	173351655	4.683	172359524	172364207	987.4
betaglucan	betaglucan_R04	3H	537247620	4.675	537936242	537940917	688.6
fiber	fiber_R10	5H	462564771	4.675	461219569	461224244	1340.5
protein	3H:173351655	3H	173351655	4.67	171672942	171677612	1674
protein	3H:198076308	3H	198076308	4.656	197540340	197544996	531.3
protein	3H:198076308	3H	198076308	4.653	199348509	199353162	1272.2
starch	starch_R04	6H	525776080	4.645	525247080	525251725	524.4
protein	3H:198076308	3H	198076308	4.639	197734666	197739305	337
protein	protein_R01	3H	106623911	4.629	107726815	107731444	1102.9
fiber	fiber_R12	7H	415651802	4.619	415633433	415638052	13.8
protein	3H:198076308	3H	198076308	4.616	197742381	197746997	329.3
protein	protein_R01	3H	106623911	4.597	107922436	107927033	1298.5
protein	protein_R01	3H	106623911	4.596	107181578	107186174	557.7
betaglucan	betaglucan_R04	3H	537247620	4.587	537105161	537109748	137.9
protein	3H:173351655	3H	173351655	4.585	173335428	173340013	11.6
fiber	fiber_R04	3H	543690146	4.581	544235131	544239712	545
protein	3H:173351655	3H	173351655	4.581	173195914	173200495	151.2
fiber	fiber_R04	3H	543690146	4.578	541910999	541915577	1774.6
fiber	fiber_R06	4H	470989624	4.576	471463435	471468011	473.8
protein	protein_R01	3H	106623911	4.57	107646125	107650695	1022.2
fiber	fiber_R03	1H	440573355	4.562	441097644	441102206	524.3
protein	protein_R01	3H	106623911	4.55	106534174	106538724	85.2
protein	protein_R01	3H	106623911	4.55	107719861	107724411	1096
protein	3H:173351655	3H	173351655	4.55	172966735	172971285	380.4
protein	3H:198076308	3H	198076308	4.548	198580896	198585444	504.6
protein	3H:198076308	3H	198076308	4.534	198562783	198567317	486.5
protein	protein_R01	3H	106623911	4.514	105804564	105809078	814.8
protein	3H:173351655	3H	173351655	4.495	171564212	171568707	1782.9
fiber	fiber_R05	4H	24707376	4.493	24670385	24674878	32.5
protein	protein_R01	3H	106623911	4.483	106413115	106417598	206.3
protein	protein_R01	3H	106623911	4.483	107371410	107375893	747.5
protein	protein_R01	3H	106623911	4.467	106274281	106278748	345.2
protein	protein_R01	3H	106623911	4.467	107698165	107702632	1074.3
protein	protein_R01	3H	106623911	4.465	107142208	107146673	518.3
fiber	fiber_R08	5H	377309369	4.461	377374656	377379117	65.3
fiber	fiber_R03	1H	440573355	4.458	440381822	440386280	187.1
protein	protein_R01	3H	106623911	4.456	105927934	105932390	691.5
protein	protein_R01	3H	106623911	4.448	107298362	107302810	674.5
fiber	fiber_R10	5H	462564771	4.428	461026260	461030688	1534.1
fiber	fiber_R12	7H	415651802	4.418	415525479	415529897	121.9
starch	starch_R03	3H	546433616	4.409	545897785	545902194	531.4
protein	3H:173351655	3H	173351655	4.397	173079875	173084272	267.4
protein	protein_R01	3H	106623911	4.395	106910822	106915217	286.9
fiber	fiber_R04	3H	543690146	4.382	544931487	544935869	1241.3
fiber	fiber_R10	5H	462564771	4.373	461850964	461855337	709.4
fiber	fiber_R12	7H	415651802	4.372	415918976	415923348	267.2
protein	protein_R01	3H	106623911	4.372	107687178	107691550	1063.3
protein	3H:198076308	3H	198076308	4.372	199312398	199316770	1236.1
protein	3H:173351655	3H	173351655	4.37	173305789	173310159	41.5
fiber	fiber_R04	3H	543690146	4.368	545519849	545524217	1829.7
protein	protein_R01	3H	106623911	4.363	108088124	108092487	1464.2
fiber	fiber_R04	3H	543690146	4.362	545287500	545291862	1597.4
protein	protein_R01	3H	106623911	4.357	107413820	107418177	789.9
protein	protein_R01	3H	106623911	4.352	108195240	108199592	1571.3
betaglucan	betaglucan_R06	4H	528254769	4.343	528296310	528300653	41.5
fiber	fiber_R04	3H	543690146	4.338	544204863	544209201	514.7
fiber	fiber_R04	3H	543690146	4.332	541940266	541944598	1745.5
protein	protein_R01	3H	106623911	4.33	106741411	106745741	117.5
protein	protein_R01	3H	106623911	4.33	106815131	106819461	191.2
betaglucan	betaglucan_R03	3H	475967335	4.32	476030855	476035175	63.5
fiber	fiber_R05	4H	24707376	4.314	24421521	24425835	281.5
fiber	fiber_R08	5H	377309369	4.314	378226119	378230433	916.8
starch	starch_R02	3H	530660057	4.299	530645763	530650062	10
betaglucan	betaglucan_R08	6H	475144663	4.297	474671853	474676150	468.5
betaglucan	betaglucan_R04	3H	537247620	4.295	537816764	537821059	569.1
protein	3H:173351655	3H	173351655	4.295	172010980	172015275	1336.4
protein	protein_R01	3H	106623911	4.289	107051246	107055535	427.3
protein	protein_R01	3H	106623911	4.284	107275922	107280206	652
protein	protein_R01	3H	106623911	4.284	107750713	107754997	1126.8
protein	3H:198076308	3H	198076308	4.278	198125568	198129846	49.3
protein	3H:198076308	3H	198076308	4.276	197713376	197717652	358.7
protein	protein_R01	3H	106623911	4.273	105984304	105988577	635.3
protein	protein_R01	3H	106623911	4.266	106892442	106896708	268.5
fiber	fiber_R04	3H	543690146	4.259	545168333	545172592	1478.2
protein	protein_R01	3H	106623911	4.257	106002533	106006790	617.1
fiber	fiber_R12	7H	415651802	4.255	415905811	415910066	254
protein	3H:198076308	3H	198076308	4.248	198471569	198475817	395.3
protein	protein_R01	3H	106623911	4.246	107109673	107113919	485.8
protein	3H:173351655	3H	173351655	4.234	172543882	172548116	803.5
protein	protein_R01	3H	106623911	4.229	106783953	106788182	160
protein	3H:198076308	3H	198076308	4.229	198551736	198555965	475.4
protein	3H:198076308	3H	198076308	4.225	197829330	197833555	242.8
fiber	fiber_R06	4H	470989624	4.207	472810083	472814290	1820.5
protein	3H:198076308	3H	198076308	4.201	198498357	198502558	422
protein	protein_R01	3H	106623911	4.196	108394517	108398713	1770.6
fiber	fiber_R05	4H	24707376	4.195	24076365	24080560	626.8
protein	3H:198076308	3H	198076308	4.183	198277096	198281279	200.8
fiber	fiber_R12	7H	415651802	4.181	415822344	415826525	170.5
protein	3H:198076308	3H	198076308	4.179	199478267	199482446	1402
protein	protein_R01	3H	106623911	4.176	108043926	108048102	1420
fiber	fiber_R05	4H	24707376	4.174	24727119	24731293	19.7
fiber	fiber_R12	7H	415651802	4.174	415771590	415775764	119.8
protein	protein_R01	3H	106623911	4.163	105974223	105978386	645.5
fiber	fiber_R05	4H	24707376	4.138	24492356	24496494	210.9
protein	protein_R01	3H	106623911	4.124	107804190	107808314	1180.3
protein	protein_R01	3H	106623911	4.12	107261004	107265124	637.1
protein	3H:198076308	3H	198076308	4.096	198640943	198645039	564.6
protein	protein_R01	3H	106623911	4.093	108135469	108139562	1511.6
protein	3H:198076308	3H	198076308	4.091	199055145	199059236	978.8
protein	protein_R01	3H	106623911	4.09	107660207	107664297	1036.3
protein	3H:198076308	3H	198076308	4.089	198567317	198571406	491
betaglucan	betaglucan_R08	6H	475144663	4.087	475163047	475167134	18.4
protein	protein_R01	3H	106623911	4.079	106299945	106304024	319.9
protein	protein_R01	3H	106623911	4.078	107161425	107165503	537.5
protein	3H:198076308	3H	198076308	4.075	197717652	197721727	354.6
fiber	fiber_R06	4H	470989624	4.071	472604179	472608250	1614.6
protein	3H:198076308	3H	198076308	4.055	197998978	198003033	73.3
betaglucan	betaglucan_R04	3H	537247620	4.043	539093810	539097853	1846.2
protein	protein_R01	3H	106623911	4.041	106728106	106732147	104.2
protein	protein_R01	3H	106623911	4.041	107186174	107190215	562.3
protein	protein_R01	3H	106623911	4.033	107322167	107326200	698.3
fiber	fiber_R04	3H	543690146	4.026	545257240	545261266	1567.1
fiber	fiber_R10	5H	462564771	4.023	461812299	461816322	748.4
protein	3H:198076308	3H	198076308	4.02	198080065	198084085	3.8
protein	protein_R01	3H	106623911	4.011	105935031	105939042	684.9
betaglucan	betaglucan_R10	6H	545947347	4.009	545499662	545503671	443.7
starch	starch_R03	3H	546433616	3.997	545848573	545852570	581
protein	protein_R01	3H	106623911	3.996	107817100	107821096	1193.2
protein	3H:173351655	3H	173351655	3.986	172272526	172276512	1075.1
protein	protein_R01	3H	106623911	3.981	105894215	105898196	725.7
starch	starch_R04	6H	525776080	3.978	525942485	525946463	166.4
betaglucan	betaglucan_R06	4H	528254769	3.976	528300653	528304629	45.9
protein	protein_R01	3H	106623911	3.967	108003897	108007864	1380
fiber	fiber_R08	5H	377309369	3.963	377276409	377280372	29
fiber	fiber_R03	1H	440573355	3.957	440738055	440742012	164.7
protein	protein_R01	3H	106623911	3.955	106575310	106579265	44.6
starch	starch_R04	6H	525776080	3.955	525984593	525988548	208.5
betaglucan	betaglucan_R08	6H	475144663	3.946	474319350	474323296	821.4
fiber	fiber_R04	3H	543690146	3.945	544734020	544737965	1043.9
fiber	fiber_R04	3H	543690146	3.943	544595988	544599931	905.8
starch	starch_R04	6H	525776080	3.942	525619400	525623342	152.7
protein	protein_R01	3H	106623911	3.941	106788182	106792123	164.3
protein	protein_R01	3H	106623911	3.939	107799094	107803033	1175.2
protein	3H:173351655	3H	173351655	3.938	172224571	172228509	1123.1
protein	protein_R01	3H	106623911	3.934	106855003	106858937	231.1
protein	3H:198076308	3H	198076308	3.919	198137666	198141585	61.4
protein	3H:173351655	3H	173351655	3.888	173220276	173224164	127.5
fiber	fiber_R04	3H	543690146	3.887	545026355	545030242	1336.2
protein	protein_R01	3H	106623911	3.887	105898196	105902083	721.8
protein	3H:173351655	3H	173351655	3.882	172836165	172840047	511.6
protein	3H:173351655	3H	173351655	3.881	172861572	172865453	486.2
protein	protein_R01	3H	106623911	3.879	107653776	107657655	1029.9
fiber	fiber_R03	1H	440573355	3.875	440809554	440813429	236.2
betaglucan	betaglucan_R05	4H	34858354	3.873	34852480	34856353	2
fiber	fiber_R04	3H	543690146	3.871	541925216	541929087	1761.1
fiber	fiber_R10	5H	462564771	3.864	460993838	460997702	1567.1
protein	3H:173351655	3H	173351655	3.862	173341264	173345126	6.5
fiber	fiber_R05	4H	24707376	3.857	24755518	24759375	48.1
protein	3H:173351655	3H	173351655	3.856	172198982	172202838	1148.8
starch	starch_R04	6H	525776080	3.852	526399510	526403362	623.4
protein	3H:198076308	3H	198076308	3.85	199410679	199414529	1334.4
betaglucan	betaglucan_R03	3H	475967335	3.849	476035683	476039532	68.3
starch	starch_R04	6H	525776080	3.849	525908843	525912692	132.8
protein	3H:198076308	3H	198076308	3.848	197879681	197883529	192.8
protein	protein_R01	3H	106623911	3.845	106579265	106583110	40.8
fiber	fiber_R03	1H	440573355	3.834	440293745	440297579	275.8
fiber	fiber_R03	1H	440573355	3.834	441010161	441013995	436.8
fiber	fiber_R04	3H	543690146	3.827	544209394	544213221	519.2
fiber	fiber_R04	3H	543690146	3.824	541915577	541919401	1770.7
betaglucan	betaglucan_R04	3H	537247620	3.819	537170716	537174535	73.1
protein	3H:173351655	3H	173351655	3.809	172851970	172855779	495.9
protein	3H:173351655	3H	173351655	3.807	173345126	173348933	2.7
protein	3H:173351655	3H	173351655	3.799	173261031	173264830	86.8
fiber	fiber_R04	3H	543690146	3.796	543624672	543628468	61.7
protein	3H:198076308	3H	198076308	3.785	199094007	199097792	1017.7
starch	starch_R03	3H	546433616	3.782	545856383	545860165	573.5
protein	protein_R01	3H	106623911	3.777	106732147	106735924	108.2
protein	3H:173351655	3H	173351655	3.773	171485687	171489460	1862.2
fiber	fiber_R03	1H	440573355	3.772	440132328	440136100	437.3
protein	protein_R01	3H	106623911	3.77	106048574	106052344	571.6
fiber	fiber_R05	4H	24707376	3.756	23005057	23008813	1698.6
protein	protein_R01	3H	106623911	3.755	107138453	107142208	514.5
protein	protein_R01	3H	106623911	3.75	106842753	106846503	218.8
protein	protein_R01	3H	106623911	3.739	106863595	106867334	239.7
protein	3H:198076308	3H	198076308	3.738	198637205	198640943	560.9
betaglucan	betaglucan_R08	6H	475144663	3.736	474946170	474949906	194.8
protein	protein_R01	3H	106623911	3.736	107192164	107195900	568.3
betaglucan	betaglucan_R03	3H	475967335	3.725	475855518	475859243	108.1
fiber	fiber_R04	3H	543690146	3.72	545331411	545335131	1641.3
protein	protein_R01	3H	106623911	3.72	105529809	105533529	1090.4
fiber	fiber_R05	4H	24707376	3.719	23999975	24003694	703.7
fiber	fiber_R10	5H	462564771	3.718	462560889	462564607	0.2
protein	3H:173351655	3H	173351655	3.718	172828741	172832459	519.2
fiber	fiber_R10	5H	462564771	3.715	461424837	461428552	1136.2
starch	starch_R03	3H	546433616	3.714	546473398	546477112	39.8
starch	starch_R04	6H	525776080	3.713	525448398	525452111	324
protein	protein_R01	3H	106623911	3.703	106917468	106921171	293.6
protein	protein_R01	3H	106623911	3.703	107608692	107612395	984.8
protein	protein_R01	3H	106623911	3.681	107779542	107783223	1155.6
starch	starch_R04	6H	525776080	3.68	526293738	526297418	517.7
protein	3H:198076308	3H	198076308	3.672	198400603	198404275	324.3
protein	protein_R01	3H	106623911	3.663	107959707	107963370	1335.8
protein	protein_R01	3H	106623911	3.662	106792123	106795785	168.2
starch	starch_R01	1H	330432546	3.657	330671914	330675571	239.4
fiber	fiber_R04	3H	543690146	3.656	544106082	544109738	415.9
protein	protein_R01	3H	106623911	3.652	107272270	107275922	648.4
protein	3H:198076308	3H	198076308	3.639	198133496	198137135	57.2
fiber	fiber_R10	5H	462564771	3.635	461919078	461922713	642.1
fiber	fiber_R04	3H	543690146	3.632	545321697	545325329	1631.6
protein	3H:198076308	3H	198076308	3.616	198373171	198376787	296.9
fiber	fiber_R03	1H	440573355	3.615	441206963	441210578	633.6
fiber	fiber_R04	3H	543690146	3.612	545055364	545058976	1365.2
protein	3H:173351655	3H	173351655	3.609	173369545	173373154	17.9
protein	3H:173351655	3H	173351655	3.606	172945812	172949418	402.2
protein	protein_R01	3H	106623911	3.603	106509656	106513259	110.7
protein	3H:198076308	3H	198076308	3.601	199402906	199406507	1326.6
protein	3H:198076308	3H	198076308	3.589	198007591	198011180	65.1
protein	3H:198076308	3H	198076308	3.589	198068337	198071926	4.4
fiber	fiber_R09	5H	437005013	3.588	435258426	435262014	1743
protein	3H:173351655	3H	173351655	3.586	172446357	172449943	901.7
fiber	fiber_R12	7H	415651802	3.58	415881599	415885179	229.8
protein	3H:198076308	3H	198076308	3.573	197992694	197996267	80
fiber	fiber_R03	1H	440573355	3.563	440734492	440738055	161.1
protein	3H:198076308	3H	198076308	3.563	197544996	197548559	527.7
fiber	fiber_R04	3H	543690146	3.554	542298228	542301782	1388.4
protein	protein_R01	3H	106623911	3.554	106538724	106542278	81.6
protein	3H:173351655	3H	173351655	3.552	173325771	173329323	22.3
starch	starch_R04	6H	525776080	3.548	525743044	525746592	29.5
fiber	fiber_R03	1H	440573355	3.533	441539872	441543405	966.5
betaglucan	betaglucan_R04	3H	537247620	3.531	537343238	537346769	95.6
protein	3H:173351655	3H	173351655	3.529	173206090	173209619	142
protein	3H:198076308	3H	198076308	3.524	198426996	198430520	350.7
fiber	fiber_R04	3H	543690146	3.513	542945192	542948705	741.4
protein	protein_R01	3H	106623911	3.512	107638558	107642070	1014.6
protein	protein_R01	3H	106623911	3.511	106589870	106593381	30.5
betaglucan	betaglucan_R05	4H	34858354	3.51	35040389	35043899	182
starch	starch_R02	3H	530660057	3.508	530661032	530664540	1
fiber	fiber_R12	7H	415651802	3.499	415915477	415918976	263.7
protein	3H:173351655	3H	173351655	3.487	172055502	172058989	1292.7
betaglucan	betaglucan_R03	3H	475967335	3.483	475993991	475997474	26.7
starch	starch_R04	6H	525776080	3.482	526394339	526397821	618.3
fiber	fiber_R12	7H	415651802	3.48	416021582	416025062	369.8
starch	starch_R03	3H	546433616	3.48	546830215	546833695	396.6
fiber	fiber_R12	7H	415651802	3.479	415540388	415543867	107.9
betaglucan	betaglucan_R08	6H	475144663	3.477	474988982	474992459	152.2
fiber	fiber_R04	3H	543690146	3.477	545148781	545152258	1458.6
fiber	fiber_R12	7H	415651802	3.472	415980960	415984432	329.2
protein	3H:198076308	3H	198076308	3.471	199084930	199088401	1008.6
protein	protein_R01	3H	106623911	3.459	106167070	106170529	453.4
starch	starch_R03	3H	546433616	3.458	546353149	546356607	77
starch	starch_R04	6H	525776080	3.458	526441150	526444608	665.1
fiber	fiber_R04	3H	543690146	3.457	543459155	543462612	227.5
fiber	fiber_R10	5H	462564771	3.457	461101357	461104814	1460
fiber	fiber_R10	5H	462564771	3.456	461105107	461108563	1456.2
fiber	fiber_R03	1H	440573355	3.45	440905050	440908500	331.7
starch	starch_R03	3H	546433616	3.449	546427548	546430997	2.6
protein	3H:173351655	3H	173351655	3.448	172580583	172584031	767.6
protein	protein_R01	3H	106623911	3.444	107450148	107453592	826.2
protein	protein_R01	3H	106623911	3.438	107664297	107667735	1040.4
protein	protein_R01	3H	106623911	3.429	108256222	108259651	1632.3
protein	3H:198076308	3H	198076308	3.429	198866751	198870180	790.4
protein	3H:198076308	3H	198076308	3.423	198076642	198080065	0.3
protein	3H:173351655	3H	173351655	3.422	173201563	173204985	146.7
fiber	fiber_R04	3H	543690146	3.418	544773067	544776485	1082.9
starch	starch_R01	1H	330432546	3.416	330723143	330726559	290.6
protein	protein_R01	3H	106623911	3.414	108336077	108339491	1712.2
fiber	fiber_R04	3H	543690146	3.401	544037589	544040990	347.4
starch	starch_R03	3H	546433616	3.399	545870208	545873607	560
fiber	fiber_R03	1H	440573355	3.398	440679578	440682976	106.2
protein	protein_R01	3H	106623911	3.396	108380391	108383787	1756.5
protein	protein_R01	3H	106623911	3.388	106431853	106435241	188.7
protein	3H:198076308	3H	198076308	3.381	198036279	198039660	36.6
protein	3H:198076308	3H	198076308	3.378	198523845	198527223	447.5
fiber	fiber_R04	3H	543690146	3.377	542301782	542305159	1385
fiber	fiber_R05	4H	24707376	3.362	24709488	24712850	2.1
betaglucan	betaglucan_R04	3H	537247620	3.357	537535383	537538740	287.8
protein	protein_R01	3H	106623911	3.35	106345624	106348974	274.9
protein	3H:173351655	3H	173351655	3.347	172570548	172573895	777.8
starch	starch_R04	6H	525776080	3.339	525961747	525965086	185.7
betaglucan	betaglucan_R04	3H	537247620	3.338	539088119	539091457	1840.5
protein	3H:173351655	3H	173351655	3.335	172131934	172135269	1216.4
fiber	fiber_R08	5H	377309369	3.334	377554321	377557655	245
fiber	fiber_R10	5H	462564771	3.334	460719047	460722381	1842.4
protein	protein_R01	3H	106623911	3.334	105818091	105821425	802.5
protein	3H:173351655	3H	173351655	3.324	172519850	172523174	828.5
starch	starch_R03	3H	546433616	3.322	546422691	546426013	7.6
protein	3H:198076308	3H	198076308	3.321	198018911	198022232	54.1
protein	3H:198076308	3H	198076308	3.32	197576539	197579859	496.4
starch	starch_R03	3H	546433616	3.317	546103890	546107207	326.4
protein	protein_R01	3H	106623911	3.315	105908677	105911992	711.9
betaglucan	betaglucan_R04	3H	537247620	3.307	539098347	539101654	1850.7
betaglucan	betaglucan_R08	6H	475144663	3.304	475276205	475279509	131.5
protein	3H:198076308	3H	198076308	3.304	198813662	198816966	737.4
starch	starch_R04	6H	525776080	3.297	525792479	525795776	16.4
fiber	fiber_R04	3H	543690146	3.296	545602285	545605581	1912.1
protein	protein_R01	3H	106623911	3.295	106795785	106799080	171.9
protein	protein_R01	3H	106623911	3.294	106278748	106282042	341.9
fiber	fiber_R04	3H	543690146	3.291	543913982	543917273	223.8
protein	3H:198076308	3H	198076308	3.291	198520427	198523718	444.1
fiber	fiber_R04	3H	543690146	3.287	544916667	544919954	1226.5
fiber	fiber_R12	7H	415651802	3.285	415765417	415768702	113.6
fiber	fiber_R12	7H	415651802	3.284	416014746	416018030	362.9
betaglucan	betaglucan_R04	3H	537247620	3.283	537858202	537861485	610.6
fiber	fiber_R05	4H	24707376	3.283	24686568	24689851	17.5
starch	starch_R04	6H	525776080	3.282	525939203	525942485	163.1
fiber	fiber_R04	3H	543690146	3.277	543632061	543635338	54.8
protein	protein_R01	3H	106623911	3.275	105924659	105927934	696
fiber	fiber_R04	3H	543690146	3.274	545318168	545321442	1628
fiber	fiber_R05	4H	24707376	3.265	24677042	24680307	27.1
fiber	fiber_R11	7H	14817657	3.259	14817657	14820916	0
protein	3H:173351655	3H	173351655	3.256	172957123	172960379	391.3
fiber	fiber_R03	1H	440573355	3.252	440029725	440032977	540.4
betaglucan	betaglucan_R06	4H	528254769	3.25	528229743	528232993	21.8
starch	starch_R04	6H	525776080	3.249	525324514	525327763	448.3
protein	3H:198076308	3H	198076308	3.248	198800819	198804067	724.5
protein	3H:198076308	3H	198076308	3.247	198870180	198873427	793.9
starch	starch_R03	3H	546433616	3.242	545958648	545961890	471.7
fiber	fiber_R12	7H	415651802	3.241	415872917	415876158	221.1
protein	protein_R01	3H	106623911	3.235	108398713	108401948	1774.8
starch	starch_R01	1H	330432546	3.234	330463139	330466373	30.6
protein	protein_R01	3H	106623911	3.231	107292844	107296075	668.9
fiber	fiber_R04	3H	543690146	3.225	542310087	542313312	1376.8
protein	3H:173351655	3H	173351655	3.221	172128713	172131934	1219.7
fiber	fiber_R12	7H	415651802	3.219	415669518	415672737	17.7
protein	3H:198076308	3H	198076308	3.212	198073096	198076308	0
protein	3H:198076308	3H	198076308	3.212	199490499	199493711	1414.2
fiber	fiber_R10	5H	462564771	3.208	460733180	460736388	1828.4
betaglucan	betaglucan_R05	4H	34858354	3.207	34821945	34825152	33.2
protein	protein_R01	3H	106623911	3.207	107165503	107168710	541.6
protein	protein_R01	3H	106623911	3.202	106435241	106438443	185.5
fiber	fiber_R03	1H	440573355	3.201	439947633	439950834	622.5
protein	3H:173351655	3H	173351655	3.201	171561011	171564212	1787.4
starch	starch_R02	3H	530660057	3.2	530637642	530640842	19.2
betaglucan	betaglucan_R04	3H	537247620	3.197	537349967	537353164	102.3
starch	starch_R04	6H	525776080	3.191	525746806	525749997	26.1
protein	3H:198076308	3H	198076308	3.189	198699736	198702925	623.4
betaglucan	betaglucan_R06	4H	528254769	3.187	528219448	528222635	32.1
fiber	fiber_R03	1H	440573355	3.186	439791628	439794814	778.5
protein	3H:173351655	3H	173351655	3.185	172634173	172637358	714.3
starch	starch_R01	1H	330432546	3.184	330423425	330426609	5.9
protein	protein_R01	3H	106623911	3.183	106282042	106285225	338.7
protein	protein_R01	3H	106623911	3.183	107812019	107815202	1188.1
fiber	fiber_R10	5H	462564771	3.182	463161218	463164400	596.4
fiber	fiber_R05	4H	24707376	3.179	24771574	24774753	64.2
fiber	fiber_R04	3H	543690146	3.176	545580995	545584171	1890.8
protein	3H:198076308	3H	198076308	3.176	197958165	197961341	115
fiber	fiber_R04	3H	543690146	3.175	545262550	545265725	1572.4
protein	protein_R01	3H	106623911	3.169	107927045	107930214	1303.1
protein	protein_R01	3H	106623911	3.164	106409951	106413115	210.8
protein	3H:198076308	3H	198076308	3.162	197579859	197583021	493.3
protein	3H:173351655	3H	173351655	3.16	172489188	172492348	859.3
protein	protein_R01	3H	106623911	3.157	107754997	107758154	1131.1
protein	protein_R01	3H	106623911	3.153	107206578	107209731	582.7
fiber	fiber_R03	1H	440573355	3.15	440727123	440730273	153.8
fiber	fiber_R03	1H	440573355	3.144	441857918	441861062	1284.6
fiber	fiber_R05	4H	24707376	3.134	24799664	24802798	92.3
protein	protein_R01	3H	106623911	3.133	107821096	107824229	1197.2
fiber	fiber_R04	3H	543690146	3.132	545456715	545459847	1766.6
betaglucan	betaglucan_R09	6H	477651616	3.131	477713018	477716149	61.4
starch	starch_R03	3H	546433616	3.13	546356607	546359737	73.9
fiber	fiber_R05	4H	24707376	3.124	24176255	24179379	528
protein	3H:173351655	3H	173351655	3.121	173314932	173318053	33.6
protein	3H:173351655	3H	173351655	3.12	173285715	173288835	62.8
betaglucan	betaglucan_R06	4H	528254769	3.117	528287884	528291001	33.1
fiber	fiber_R03	1H	440573355	3.116	439808716	439811832	761.5
protein	protein_R01	3H	106623911	3.113	108151002	108154115	1527.1
starch	starch_R04	6H	525776080	3.112	526839896	526843008	1063.8
protein	3H:173351655	3H	173351655	3.11	173189441	173192551	159.1
protein	protein_R01	3H	106623911	3.108	106131617	106134725	489.2
starch	starch_R04	6H	525776080	3.108	525735402	525738510	37.6
protein	3H:198076308	3H	198076308	3.105	198978839	198981944	902.5
protein	3H:173351655	3H	173351655	3.102	173180979	173184081	167.6
protein	3H:173351655	3H	173351655	3.098	172285587	172288685	1063
protein	3H:173351655	3H	173351655	3.095	172109828	172112923	1238.7
betaglucan	betaglucan_R01	1H	479493867	3.09	479533947	479537037	40.1
fiber	fiber_R03	1H	440573355	3.087	440876281	440879368	302.9
protein	protein_R01	3H	106623911	3.082	106506574	106509656	114.3
protein	protein_R01	3H	106623911	3.081	107650695	107653776	1026.8
protein	3H:198076308	3H	198076308	3.076	197739305	197742381	333.9
protein	3H:198076308	3H	198076308	3.075	198003033	198006108	70.2
starch	starch_R04	6H	525776080	3.073	525251725	525254798	521.3
fiber	fiber_R05	4H	24707376	3.072	24450010	24453082	254.3
protein	3H:198076308	3H	198076308	3.072	199475195	199478267	1398.9
fiber	fiber_R04	3H	543690146	3.069	542062681	542065750	1624.4
fiber	fiber_R04	3H	543690146	3.068	542313312	542316380	1373.8
starch	starch_R03	3H	546433616	3.067	545810908	545813975	619.6
betaglucan	betaglucan_R02	2H	41996626	3.058	41180163	41183221	813.4
protein	3H:173351655	3H	173351655	3.057	172620545	172623602	728.1
protein	3H:198076308	3H	198076308	3.055	199052090	199055145	975.8
protein	3H:198076308	3H	198076308	3.054	198485533	198488587	409.2
fiber	fiber_R04	3H	543690146	3.053	544727433	544730486	1037.3
protein	protein_R01	3H	106623911	3.052	106304057	106307109	316.8
protein	protein_R01	3H	106623911	3.05	107359150	107362200	735.2
fiber	fiber_R04	3H	543690146	3.049	543859329	543862378	169.2
fiber	fiber_R05	4H	24707376	3.047	24792832	24795879	85.5
protein	protein_R01	3H	106623911	3.045	106474525	106477570	146.3
protein	3H:173351655	3H	173351655	3.045	173300002	173303047	48.6
fiber	fiber_R04	3H	543690146	3.036	545188836	545191872	1498.7
protein	protein_R01	3H	106623911	3.035	106735924	106738959	112
fiber	fiber_R10	5H	462564771	3.026	461967835	461970861	593.9
protein	protein_R01	3H	106623911	3.026	108092487	108095513	1468.6
betaglucan	betaglucan_R03	3H	475967335	3.023	475662323	475665346	302
protein	protein_R01	3H	106623911	3.023	108199592	108202615	1575.7
protein	protein_R01	3H	106623911	3.019	107668506	107671525	1044.6
betaglucan	betaglucan_R04	3H	537247620	3.018	537582126	537585144	334.5
protein	3H:173351655	3H	173351655	3.018	172590470	172593488	758.2
starch	starch_R03	3H	546433616	3.014	546654280	546657294	220.7
fiber	fiber_R12	7H	415651802	3.013	415379550	415382563	269.2
starch	starch_R04	6H	525776080	3.013	526388581	526391594	612.5
starch	starch_R03	3H	546433616	3.011	546384850	546387861	45.8
fiber	fiber_R10	5H	462564771	3.01	460857053	460860063	1704.7
fiber	fiber_R04	3H	543690146	3.009	542295219	542298228	1391.9
starch	starch_R03	3H	546433616	3.009	545947395	545950404	483.2
protein	protein_R01	3H	106623911	3.005	106147809	106150814	473.1
protein	3H:198076308	3H	198076308	3.003	199107017	199110020	1030.7
fiber	fiber_R03	1H	440573355	2.988	440682976	440685964	109.6
fiber	fiber_R10	5H	462564771	2.978	461719609	461722587	842.2
protein	protein_R01	3H	106623911	2.974	108095513	108098487	1471.6
protein	protein_R01	3H	106623911	2.973	106428880	106431853	192.1
fiber	fiber_R03	1H	440573355	2.972	440731520	440734492	158.2
protein	3H:173351655	3H	173351655	2.972	172096188	172099160	1252.5
protein	3H:173351655	3H	173351655	2.967	172296856	172299823	1051.8
fiber	fiber_R04	3H	543690146	2.963	544582230	544585193	892.1
fiber	fiber_R04	3H	543690146	2.963	545620442	545623405	1930.3
protein	3H:173351655	3H	173351655	2.959	172784946	172787905	563.8
starch	starch_R03	3H	546433616	2.955	545961890	545964845	468.8
fiber	fiber_R05	4H	24707376	2.949	24857065	24860014	149.7
betaglucan	betaglucan_R04	3H	537247620	2.948	537353164	537356112	105.5
betaglucan	betaglucan_R04	3H	537247620	2.941	537347026	537349967	99.4
starch	starch_R01	1H	330432546	2.94	330460199	330463139	27.7
fiber	fiber_R10	5H	462564771	2.932	461858815	461861747	703
protein	protein_R01	3H	106623911	2.927	106716715	106719642	92.8
betaglucan	betaglucan_R03	3H	475967335	2.924	476024243	476027167	56.9
protein	3H:198076308	3H	198076308	2.922	198924371	198927293	848.1
fiber	fiber_R05	4H	24707376	2.921	24666862	24669783	37.6
protein	protein_R01	3H	106623911	2.92	106586950	106589870	34
fiber	fiber_R12	7H	415651802	2.919	415775764	415778683	124
fiber	fiber_R10	5H	462564771	2.918	461799243	461802161	762.6
protein	protein_R01	3H	106623911	2.917	105636634	105639551	984.4
fiber	fiber_R01	1H	330239605	2.916	330529162	330532078	289.6
starch	starch_R01	1H	330432546	2.916	330529162	330532078	96.6
fiber	fiber_R03	1H	440573355	2.911	441059695	441062606	486.3
starch	starch_R03	3H	546433616	2.911	545929159	545932070	501.5
protein	3H:173351655	3H	173351655	2.906	172481167	172484073	867.6
fiber	fiber_R12	7H	415651802	2.904	415876158	415879062	224.4
fiber	fiber_R04	3H	543690146	2.9	543075432	543078332	611.8
betaglucan	betaglucan_R03	3H	475967335	2.897	475963452	475966349	1
protein	3H:173351655	3H	173351655	2.895	172587575	172590470	761.2
protein	3H:198076308	3H	198076308	2.894	198819996	198822890	743.7
betaglucan	betaglucan_R02	2H	41996626	2.893	41202555	41205448	791.2
protein	protein_R01	3H	106623911	2.89	108618175	108621065	1994.3
protein	protein_R01	3H	106623911	2.889	107854420	107857309	1230.5
fiber	fiber_R04	3H	543690146	2.888	543924634	543927522	234.5
fiber	fiber_R04	3H	543690146	2.888	544103194	544106082	413
fiber	fiber_R04	3H	543690146	2.886	544912669	544915555	1222.5
protein	3H:198076308	3H	198076308	2.885	197731328	197734213	342.1
starch	starch_R04	6H	525776080	2.883	525486609	525489492	286.6
fiber	fiber_R04	3H	543690146	2.88	542059801	542062681	1627.5
betaglucan	betaglucan_R03	3H	475967335	2.877	476027978	476030855	60.6
protein	protein_R01	3H	106623911	2.875	107711256	107714131	1087.3
protein	protein_R01	3H	106623911	2.873	107708383	107711256	1084.5
protein	3H:173351655	3H	173351655	2.868	172884873	172887741	463.9
fiber	fiber_R12	7H	415651802	2.866	415910742	415913608	258.9
protein	3H:198076308	3H	198076308	2.866	198810796	198813662	734.5
fiber	fiber_R01	1H	330239605	2.858	330460199	330463057	220.6
fiber	fiber_R12	7H	415651802	2.855	415576626	415579481	72.3
betaglucan	betaglucan_R03	3H	475967335	2.851	475820687	475823538	143.8
protein	protein_R01	3H	106623911	2.849	108202693	108205542	1578.8
protein	3H:173351655	3H	173351655	2.848	172301795	172304643	1047
protein	3H:173351655	3H	173351655	2.845	172877193	172880038	471.6
fiber	fiber_R10	5H	462564771	2.839	460862165	460865004	1699.8
protein	protein_R01	3H	106623911	2.836	106216888	106219724	404.2
protein	3H:173351655	3H	173351655	2.833	172775661	172778494	573.2
fiber	fiber_R04	3H	543690146	2.831	545517018	545519849	1826.9
starch	starch_R01	1H	330432546	2.831	330468424	330471255	35.9
fiber	fiber_R05	4H	24707376	2.825	24292734	24295559	411.8
protein	3H:173351655	3H	173351655	2.824	173171602	173174426	177.2
fiber	fiber_R03	1H	440573355	2.823	440136100	440138923	434.4
protein	protein_R01	3H	106623911	2.823	106136907	106139730	484.2
betaglucan	betaglucan_R03	3H	475967335	2.82	475753603	475756423	210.9
betaglucan	betaglucan_R08	6H	475144663	2.82	474910369	474913189	231.5
protein	3H:173351655	3H	173351655	2.819	172951464	172954283	397.4
protein	3H:198076308	3H	198076308	2.818	197989717	197992535	83.8
protein	3H:173351655	3H	173351655	2.816	172584624	172587440	764.2
fiber	fiber_R04	3H	543690146	2.814	543911168	543913982	221
betaglucan	betaglucan_R06	4H	528254769	2.813	528251699	528254512	0.3
starch	starch_R04	6H	525776080	2.811	525888310	525891121	112.2
fiber	fiber_R04	3H	543690146	2.804	544399349	544402153	709.2
protein	3H:173351655	3H	173351655	2.804	172208744	172211548	1140.1
protein	3H:173351655	3H	173351655	2.803	173216928	173219731	131.9
starch	starch_R04	6H	525776080	2.799	526247850	526250649	471.8
protein	3H:173351655	3H	173351655	2.796	171558215	171561011	1790.6
betaglucan	betaglucan_R04	3H	537247620	2.795	537219089	537221884	25.7
starch	starch_R03	3H	546433616	2.793	545808115	545810908	622.7
starch	starch_R04	6H	525776080	2.792	526408783	526411575	632.7
protein	protein_R01	3H	106623911	2.788	107824229	107827017	1200.3
starch	starch_R01	1H	330432546	2.788	330116002	330118790	313.8
fiber	fiber_R12	7H	415651802	2.786	415708952	415711738	57.1
betaglucan	betaglucan_R03	3H	475967335	2.782	475990803	475993585	23.5
starch	starch_R03	3H	546433616	2.781	546216495	546219276	214.3
betaglucan	betaglucan_R04	3H	537247620	2.778	537587764	537590542	340.1
protein	protein_R01	3H	106623911	2.778	107695387	107698165	1071.5
protein	3H:173351655	3H	173351655	2.778	172762398	172765176	586.5
fiber	fiber_R12	7H	415651802	2.769	415638520	415641289	10.5
protein	protein_R01	3H	106623911	2.766	107128826	107131592	504.9
fiber	fiber_R04	3H	543690146	2.764	544784456	544787220	1094.3
fiber	fiber_R10	5H	462564771	2.763	462688968	462691731	124.2
fiber	fiber_R04	3H	543690146	2.757	544928730	544931487	1238.6
fiber	fiber_R08	5H	377309369	2.756	377471523	377474279	162.2
protein	protein_R01	3H	106623911	2.751	106027199	106029950	594
fiber	fiber_R04	3H	543690146	2.75	544202113	544204863	512
betaglucan	betaglucan_R05	4H	34858354	2.745	34968445	34971190	110.1
protein	protein_R01	3H	106623911	2.738	107356412	107359150	732.5
protein	3H:173351655	3H	173351655	2.738	173038237	173040975	310.7
fiber	fiber_R12	7H	415651802	2.734	415786986	415789720	135.2
protein	3H:173351655	3H	173351655	2.733	172408185	172410918	940.7
protein	protein_R01	3H	106623911	2.725	107796369	107799094	1172.5
protein	3H:173351655	3H	173351655	2.725	172677341	172680066	671.6
betaglucan	betaglucan_R04	3H	537247620	2.724	537855278	537858002	607.7
protein	3H:173351655	3H	173351655	2.723	171568707	171571430	1780.2
betaglucan	betaglucan_R09	6H	477651616	2.719	477633929	477636648	15
fiber	fiber_R04	3H	543690146	2.714	544922528	544925242	1232.4
protein	3H:198076308	3H	198076308	2.711	197996267	197998978	77.3
protein	3H:173351655	3H	173351655	2.701	172976334	172979035	372.6
fiber	fiber_R04	3H	543690146	2.7	544223985	544226685	533.8
fiber	fiber_R04	3H	543690146	2.697	545468311	545471008	1778.2
fiber	fiber_R10	5H	462564771	2.697	461794859	461797556	767.2
fiber	fiber_R12	7H	415651802	2.693	415596366	415599059	52.7
protein	protein_R01	3H	106623911	2.692	106719642	106722334	95.7
protein	protein_R01	3H	106623911	2.691	107877162	107879853	1253.3
fiber	fiber_R04	3H	543690146	2.689	542393480	542396169	1294
protein	3H:198076308	3H	198076308	2.681	197841576	197844257	232.1
betaglucan	betaglucan_R04	3H	537247620	2.67	537216419	537219089	28.5
fiber	fiber_R04	3H	543690146	2.67	541847324	541849994	1840.2
fiber	fiber_R04	3H	543690146	2.665	542106951	542109616	1580.5
protein	3H:173351655	3H	173351655	2.664	172772531	172775195	576.5
fiber	fiber_R05	4H	24707376	2.663	24788504	24791167	81.1
protein	3H:173351655	3H	173351655	2.661	173017006	173019667	332
fiber	fiber_R05	4H	24707376	2.656	24802798	24805454	95.4
betaglucan	betaglucan_R03	3H	475967335	2.649	475758713	475761362	206
fiber	fiber_R05	4H	24707376	2.649	24269809	24272458	434.9
fiber	fiber_R04	3H	543690146	2.646	545038138	545040784	1348
fiber	fiber_R04	3H	543690146	2.646	545625871	545628517	1935.7
protein	protein_R01	3H	106623911	2.642	106040581	106043223	580.7
protein	3H:173351655	3H	173351655	2.642	172983119	172985761	365.9
fiber	fiber_R04	3H	543690146	2.641	544199195	544201836	509
protein	protein_R01	3H	106623911	2.641	108246712	108249353	1622.8
starch	starch_R04	6H	525776080	2.64	525616328	525618968	157.1
fiber	fiber_R05	4H	24707376	2.639	24815596	24818235	108.2
protein	protein_R01	3H	106623911	2.639	106846520	106849159	222.6
starch	starch_R03	3H	546433616	2.638	546056779	546059417	374.2
protein	3H:198076308	3H	198076308	2.629	198030757	198033386	42.9
fiber	fiber_R10	5H	462564771	2.627	461932010	461934637	630.1
protein	protein_R01	3H	106623911	2.627	106636609	106639236	12.7
protein	protein_R01	3H	106623911	2.624	107290220	107292844	666.3
betaglucan	betaglucan_R03	3H	475967335	2.622	475932871	475935493	31.8
protein	protein_R01	3H	106623911	2.622	106991770	106994392	367.9
protein	3H:173351655	3H	173351655	2.622	173186755	173189377	162.3
protein	3H:173351655	3H	173351655	2.619	172612602	172615221	736.4
betaglucan	betaglucan_R04	3H	537247620	2.616	537302771	537305387	55.2
protein	3H:173351655	3H	173351655	2.615	172674726	172677341	674.3
protein	3H:173351655	3H	173351655	2.613	172122074	172124687	1227
protein	3H:173351655	3H	173351655	2.613	172517237	172519850	831.8
protein	3H:173351655	3H	173351655	2.611	172044799	172047410	1304.2
protein	3H:173351655	3H	173351655	2.611	172932308	172934919	416.7
fiber	fiber_R03	1H	440573355	2.61	441855308	441857918	1282
fiber	fiber_R10	5H	462564771	2.608	462681199	462683807	116.4
betaglucan	betaglucan_R04	3H	537247620	2.604	537585160	537587764	337.5
fiber	fiber_R05	4H	24707376	2.602	24864552	24867154	157.2
protein	protein_R02	3H	159799839	2.6	158728699	158731299	1068.5
protein	3H:198076308	3H	198076308	2.597	198587752	198590349	511.4
fiber	fiber_R09	5H	437005013	2.595	435262014	435264609	1740.4
starch	starch_R04	6H	525776080	2.593	525385140	525387733	388.3
protein	protein_R01	3H	106623911	2.587	106307109	106309696	314.2
protein	3H:198076308	3H	198076308	2.587	198490882	198493469	414.6
protein	protein_R01	3H	106623911	2.585	107209731	107212316	585.8
starch	starch_R03	3H	546433616	2.581	546084124	546086705	346.9
protein	protein_R01	3H	106623911	2.578	108084286	108086864	1460.4
protein	protein_R01	3H	106623911	2.576	107595100	107597676	971.2
fiber	fiber_R04	3H	543690146	2.574	542910021	542912595	777.6
protein	3H:198076308	3H	198076308	2.572	198016339	198018911	57.4
betaglucan	betaglucan_R03	3H	475967335	2.566	475564410	475566976	400.4
fiber	fiber_R05	4H	24707376	2.562	24425835	24428397	279
protein	3H:173351655	3H	173351655	2.554	172405609	172408163	943.5
protein	3H:173351655	3H	173351655	2.554	172765176	172767730	583.9
protein	3H:173351655	3H	173351655	2.554	173320700	173323254	28.4
betaglucan	betaglucan_R04	3H	537247620	2.547	537369459	537372006	121.8
protein	3H:173351655	3H	173351655	2.54	172058989	172061529	1290.1
protein	protein_R01	3H	106623911	2.539	105999994	106002533	621.4
fiber	fiber_R12	7H	415651802	2.537	415879062	415881599	227.3
fiber	fiber_R05	4H	24707376	2.535	24504576	24507111	200.3
fiber	fiber_R12	7H	415651802	2.535	415895925	415898460	244.1
betaglucan	betaglucan_R08	6H	475144663	2.527	474881173	474883700	261
betaglucan	betaglucan_R08	6H	475144663	2.526	475013721	475016247	128.4
fiber	fiber_R03	1H	440573355	2.523	441007638	441010161	434.3
protein	protein_R01	3H	106623911	2.523	106246784	106249307	374.6
protein	3H:198076308	3H	198076308	2.519	198864232	198866751	787.9
betaglucan	betaglucan_R03	3H	475967335	2.518	475929797	475932315	35
fiber	fiber_R04	3H	543690146	2.518	543702690	543705208	12.5
betaglucan	betaglucan_R03	3H	475967335	2.512	475853006	475855518	111.8
fiber	fiber_R04	3H	543690146	2.512	544632510	544635022	942.4
fiber	fiber_R04	3H	543690146	2.508	545584171	545586679	1894
protein	3H:173351655	3H	173351655	2.508	173174693	173177201	174.5
protein	protein_R01	3H	106623911	2.506	107808314	107810820	1184.4
protein	3H:173351655	3H	173351655	2.506	173040975	173043481	308.2
betaglucan	betaglucan_R02	2H	41996626	2.504	41161068	41163572	833.1
fiber	fiber_R10	5H	462564771	2.503	461916019	461918522	646.2
protein	protein_R01	3H	106623911	2.5	105997494	105999994	623.9
fiber	fiber_R04	3H	543690146	2.493	541952332	541954825	1735.3
starch	starch_R03	3H	546433616	2.491	545853892	545856383	577.2
betaglucan	betaglucan_R03	3H	475967335	2.489	475936162	475938651	28.7
protein	3H:198076308	3H	198076308	2.489	198129846	198132335	53.5
fiber	fiber_R10	5H	462564771	2.486	461410975	461413461	1151.3
starch	starch_R03	3H	546433616	2.484	546578823	546581307	145.2
protein	protein_R01	3H	106623911	2.483	106583110	106585593	38.3
protein	protein_R01	3H	106623911	2.483	107419286	107421769	795.4
protein	3H:173351655	3H	173351655	2.481	172061779	172064260	1287.4
starch	starch_R02	3H	530660057	2.477	530643224	530645701	14.4
protein	protein_R01	3H	106623911	2.473	106632478	106634951	8.6
protein	3H:198076308	3H	198076308	2.469	199088401	199090870	1012.1
fiber	fiber_R01	1H	330239605	2.468	330428887	330431355	189.3
starch	starch_R01	1H	330432546	2.468	330428887	330431355	1.2
fiber	fiber_R04	3H	543690146	2.466	545623405	545625871	1933.3
betaglucan	betaglucan_R04	3H	537247620	2.465	537274148	537276613	26.5
protein	3H:173351655	3H	173351655	2.459	172736726	172739185	612.5
protein	3H:198076308	3H	198076308	2.458	197985216	197987674	88.6
protein	protein_R01	3H	106623911	2.457	108056992	108059449	1433.1
protein	protein_R01	3H	106623911	2.452	106738959	106741411	115
protein	3H:173351655	3H	173351655	2.45	172723147	172725597	626.1
protein	3H:173351655	3H	173351655	2.44	172640852	172643292	708.4
betaglucan	betaglucan_R03	3H	475967335	2.439	475861334	475863773	103.6
protein	3H:173351655	3H	173351655	2.436	172419071	172421507	930.1
fiber	fiber_R05	4H	24707376	2.43	23988092	23990522	716.9
protein	3H:173351655	3H	173351655	2.43	172162782	172165212	1186.4
fiber	fiber_R04	3H	543690146	2.428	545146353	545148781	1456.2
fiber	fiber_R10	5H	462564771	2.428	461861747	461864175	700.6
protein	3H:198076308	3H	198076308	2.428	198141601	198144029	65.3
protein	3H:198076308	3H	198076308	2.423	198228397	198230820	152.1
fiber	fiber_R04	3H	543690146	2.422	542942770	542945192	745
protein	protein_R01	3H	106623911	2.422	106908400	106910822	284.5
fiber	fiber_R03	1H	440573355	2.421	441230541	441232962	657.2
fiber	fiber_R04	3H	543690146	2.42	543636429	543638849	51.3
starch	starch_R03	3H	546433616	2.419	546045048	546047467	386.1
fiber	fiber_R10	5H	462564771	2.415	462557804	462560219	4.6
protein	protein_R01	3H	106623911	2.415	107287805	107290220	663.9
protein	3H:173351655	3H	173351655	2.414	172649912	172652326	699.3
starch	starch_R04	6H	525776080	2.412	525318908	525321320	454.8
starch	starch_R04	6H	525776080	2.408	526274539	526276947	498.5
fiber	fiber_R04	3H	543690146	2.407	545197197	545199604	1507.1
starch	starch_R03	3H	546433616	2.407	545984304	545986711	446.9
protein	protein_R01	3H	106623911	2.406	107603806	107606212	979.9
fiber	fiber_R04	3H	543690146	2.404	544085205	544087609	395.1
protein	protein_R01	3H	106623911	2.404	107724411	107726815	1100.5
protein	3H:198076308	3H	198076308	2.404	199102940	199105344	1026.6
protein	3H:173351655	3H	173351655	2.397	172960800	172963197	388.5
fiber	fiber_R04	3H	543690146	2.394	543928863	543931257	238.7
fiber	fiber_R06	4H	470989624	2.393	470193297	470195690	793.9
fiber	fiber_R10	5H	462564771	2.386	461030771	461033157	1531.6
protein	protein_R01	3H	106623911	2.383	106214474	106216857	407.1
protein	3H:173351655	3H	173351655	2.383	172760015	172762398	589.3
protein	3H:173351655	3H	173351655	2.383	173101558	173103941	247.7
betaglucan	betaglucan_R05	4H	34858354	2.378	34850102	34852480	5.9
protein	3H:173351655	3H	173351655	2.378	172971875	172974253	377.4
protein	3H:198076308	3H	198076308	2.376	197574163	197576539	499.8
starch	starch_R03	3H	546433616	2.37	546086705	546089075	344.5
fiber	fiber_R09	5H	437005013	2.369	437088365	437090734	83.4
protein	3H:198076308	3H	198076308	2.369	197944067	197946436	129.9
starch	starch_R03	3H	546433616	2.368	546477112	546479480	43.5
fiber	fiber_R03	1H	440573355	2.366	440636077	440638443	62.7
fiber	fiber_R04	3H	543690146	2.363	545657099	545659462	1967
fiber	fiber_R05	4H	24707376	2.356	24496494	24498850	208.5
protein	protein_R01	3H	106623911	2.355	107706028	107708383	1082.1
starch	starch_R03	3H	546433616	2.355	545865353	545867708	565.9
betaglucan	betaglucan_R04	3H	537247620	2.353	539091457	539093810	1843.8
fiber	fiber_R03	1H	440573355	2.35	440504452	440506802	66.6
protein	3H:198076308	3H	198076308	2.348	199465898	199468246	1389.6
fiber	fiber_R03	1H	440573355	2.347	441537525	441539872	964.2
protein	3H:173351655	3H	173351655	2.345	172441994	172444339	907.3
starch	starch_R02	3H	530660057	2.339	530674629	530676968	14.6
protein	protein_R01	3H	106623911	2.338	107427464	107429802	803.6
starch	starch_R03	3H	546433616	2.337	545894060	545896397	537.2
protein	protein_R01	3H	106623911	2.336	106173497	106175833	448.1
protein	3H:173351655	3H	173351655	2.336	172788137	172790473	561.2
protein	protein_R01	3H	106623911	2.334	106625140	106627474	1.2
protein	3H:173351655	3H	173351655	2.328	172019787	172022115	1329.5
protein	protein_R01	3H	106623911	2.315	106374140	106376455	247.5
protein	3H:173351655	3H	173351655	2.315	172211548	172213863	1137.8
fiber	fiber_R05	4H	24707376	2.314	24868052	24870366	160.7
starch	starch_R03	3H	546433616	2.314	546390534	546392848	40.8
fiber	fiber_R10	5H	462564771	2.311	460905972	460908283	1656.5
protein	3H:198076308	3H	198076308	2.309	197941700	197944009	132.3
protein	protein_R01	3H	106623911	2.308	108213144	108215452	1589.2
betaglucan	betaglucan_R04	3H	537247620	2.307	537428289	537430596	180.7
fiber	fiber_R05	4H	24707376	2.303	24861976	24864279	154.6
protein	3H:198076308	3H	198076308	2.303	198517731	198520034	441.4
fiber	fiber_R04	3H	543690146	2.301	543825806	543828107	135.7
fiber	fiber_R04	3H	543690146	2.299	544926426	544928725	1236.3
fiber	fiber_R01	1H	330239605	2.292	330239605	330241897	0
starch	starch_R01	1H	330432546	2.292	330239605	330241897	190.6
protein	3H:173351655	3H	173351655	2.292	172387641	172389933	961.7
fiber	fiber_R04	3H	543690146	2.288	544026396	544028684	336.2
betaglucan	betaglucan_R03	3H	475967335	2.287	475568984	475571271	396.1
protein	protein_R01	3H	106623911	2.281	108140807	108143088	1516.9
betaglucan	betaglucan_R01	1H	479493867	2.276	478152776	478155052	1338.8
fiber	fiber_R05	4H	24707376	2.275	24073458	24075733	631.6
starch	starch_R04	6H	525776080	2.275	526327753	526330028	551.7
starch	starch_R04	6H	525776080	2.271	526269600	526271871	493.5
fiber	fiber_R12	7H	415651802	2.269	415611434	415613703	38.1
starch	starch_R03	3H	546433616	2.269	546017976	546020245	413.4
fiber	fiber_R05	4H	24707376	2.267	24776214	24778481	68.8
fiber	fiber_R12	7H	415651802	2.265	416019317	416021582	367.5
protein	protein_R01	3H	106623911	2.264	107313315	107315579	689.4
protein	3H:173351655	3H	173351655	2.264	173140086	173142350	209.3
protein	3H:198076308	3H	198076308	2.263	198370908	198373171	294.6
protein	3H:198076308	3H	198076308	2.262	198929218	198931480	852.9
protein	protein_R01	3H	106623911	2.261	106272020	106274281	349.6
protein	protein_R01	3H	106623911	2.261	107643079	107645340	1019.2
fiber	fiber_R05	4H	24707376	2.26	24230707	24232967	474.4
fiber	fiber_R12	7H	415651802	2.26	415594106	415596366	55.4
starch	starch_R04	6H	525776080	2.258	526245583	526247841	469.5
betaglucan	betaglucan_R01	1H	479493867	2.257	479493867	479496124	0
protein	protein_R01	3H	106623911	2.256	106859331	106861587	235.4
protein	3H:173351655	3H	173351655	2.256	172017531	172019787	1331.9
starch	starch_R03	3H	546433616	2.255	545860387	545862642	571
starch	starch_R04	6H	525776080	2.255	525906557	525908812	130.5
fiber	fiber_R04	3H	543690146	2.251	541954825	541957076	1733.1
protein	protein_R01	3H	106623911	2.251	106915217	106917468	291.3
protein	3H:173351655	3H	173351655	2.247	172282001	172284248	1067.4
fiber	fiber_R04	3H	543690146	2.235	544535059	544537294	844.9
starch	starch_R02	3H	530660057	2.233	530640920	530643153	16.9
protein	protein_R01	3H	106623911	2.232	107107441	107109673	483.5
protein	3H:173351655	3H	173351655	2.232	173269874	173272106	79.5
protein	protein_R01	3H	106623911	2.223	107157242	107159465	533.3
protein	3H:173351655	3H	173351655	2.219	172422437	172424656	927
protein	3H:173351655	3H	173351655	2.216	172741449	172743665	608
fiber	fiber_R10	5H	462564771	2.213	461870298	461872511	692.3
protein	3H:173351655	3H	173351655	2.213	172340772	172342985	1008.7
fiber	fiber_R03	1H	440573355	2.211	439943574	439945785	627.6
protein	protein_R01	3H	106623911	2.209	106779601	106781810	155.7
protein	protein_R01	3H	106623911	2.208	106285225	106287433	336.5
protein	3H:198076308	3H	198076308	2.206	198493529	198495735	417.2
protein	3H:173351655	3H	173351655	2.202	172823501	172825703	526
protein	3H:173351655	3H	173351655	2.2	172767919	172770119	581.5
fiber	fiber_R04	3H	543690146	2.199	542318008	542320207	1369.9
starch	starch_R04	6H	525776080	2.199	525483167	525485366	290.7
fiber	fiber_R03	1H	440573355	2.198	440633879	440636077	60.5
protein	3H:198076308	3H	198076308	2.196	197678010	197680206	396.1
betaglucan	betaglucan_R05	4H	34858354	2.194	34858354	34860548	0
protein	protein_R01	3H	106623911	2.188	105571826	105574014	1049.9
fiber	fiber_R10	5H	462564771	2.186	461810113	461812299	752.5
fiber	fiber_R04	3H	543690146	2.184	545524217	545526401	1834.1
protein	protein_R01	3H	106623911	2.18	107524145	107526325	900.2
protein	3H:173351655	3H	173351655	2.18	172336025	172338205	1013.5
protein	3H:198076308	3H	198076308	2.18	198011180	198013360	62.9
fiber	fiber_R04	3H	543690146	2.174	545291862	545294036	1601.7
protein	protein_R01	3H	106623911	2.173	107777369	107779542	1153.5
fiber	fiber_R04	3H	543690146	2.172	544269526	544271698	579.4
protein	3H:173351655	3H	173351655	2.172	172270354	172272526	1079.1
fiber	fiber_R12	7H	415651802	2.17	415717190	415719360	65.4
fiber	fiber_R10	5H	462564771	2.166	461717443	461719609	845.2
protein	protein_R01	3H	106623911	2.162	108100446	108102608	1476.5
betaglucan	betaglucan_R04	3H	537247620	2.153	537221884	537224037	23.6
protein	protein_R01	3H	106623911	2.152	107693235	107695387	1069.3
betaglucan	betaglucan_R04	3H	537247620	2.15	537862740	537864890	615.1
fiber	fiber_R04	3H	543690146	2.15	544805022	544807172	1114.9
protein	3H:198076308	3H	198076308	2.149	198975450	198977599	899.1
protein	protein_R01	3H	106623911	2.143	106781810	106783953	157.9
protein	protein_R01	3H	106623911	2.143	107197716	107199859	573.8
protein	3H:198076308	3H	198076308	2.142	197844344	197846486	229.8
fiber	fiber_R03	1H	440573355	2.14	439959224	439961364	612
betaglucan	betaglucan_R03	3H	475967335	2.134	475983009	475985143	15.7
fiber	fiber_R10	5H	462564771	2.134	461524524	461526658	1038.1
protein	3H:173351655	3H	173351655	2.131	172053371	172055502	1296.2
fiber	fiber_R10	5H	462564771	2.129	461408846	461410975	1153.8
betaglucan	betaglucan_R04	3H	537247620	2.122	537425745	537427867	178.1
fiber	fiber_R12	7H	415651802	2.121	415487867	415489988	161.8
betaglucan	betaglucan_R04	3H	537247620	2.119	537853159	537855278	605.5
starch	starch_R04	6H	525776080	2.115	525432327	525434442	341.6
betaglucan	betaglucan_R03	3H	475967335	2.111	475946593	475948704	18.6
protein	protein_R01	3H	106623911	2.111	108015159	108017270	1391.2
starch	starch_R03	3H	546433616	2.106	545954721	545956827	476.8
starch	starch_R04	6H	525776080	2.106	525821257	525823363	45.2
fiber	fiber_R04	3H	543690146	2.103	544447746	544449849	757.6
fiber	fiber_R10	5H	462564771	2.102	460860063	460862165	1702.6
protein	3H:198076308	3H	198076308	2.099	197624871	197626970	449.3
starch	starch_R04	6H	525776080	2.092	525885788	525887880	109.7
protein	3H:198076308	3H	198076308	2.092	198585660	198587752	509.4
protein	3H:173351655	3H	173351655	2.091	172345053	172347144	1004.5
betaglucan	betaglucan_R03	3H	475967335	2.086	475786880	475788966	178.4
protein	3H:198076308	3H	198076308	2.086	198423474	198425560	347.2
betaglucan	betaglucan_R03	3H	475967335	2.083	475880111	475882194	85.1
protein	3H:198076308	3H	198076308	2.083	197538257	197540340	536
protein	3H:173351655	3H	173351655	2.082	172826079	172828161	523.5
protein	3H:173351655	3H	173351655	2.082	173104329	173106411	245.2
protein	3H:173351655	3H	173351655	2.081	173158649	173160730	190.9
starch	starch_R04	6H	525776080	2.073	525322033	525324106	452
protein	3H:173351655	3H	173351655	2.068	172342985	172345053	1006.6
fiber	fiber_R05	4H	24707376	2.067	24267742	24269809	437.6
starch	starch_R03	3H	546433616	2.06	545846034	545848094	585.5
fiber	fiber_R05	4H	24707376	2.058	24724458	24726516	17.1
protein	3H:173351655	3H	173351655	2.058	172145573	172147631	1204
fiber	fiber_R12	7H	415651802	2.056	415606696	415608752	43
betaglucan	betaglucan_R08	6H	475144663	2.055	475160992	475163047	16.3
protein	3H:198076308	3H	198076308	2.054	198193338	198195392	117
protein	protein_R01	3H	106623911	2.048	107671525	107673573	1047.6
fiber	fiber_R12	7H	415651802	2.045	415485695	415487740	164.1
protein	3H:173351655	3H	173351655	2.045	173303047	173305092	46.6
protein	protein_R01	3H	106623911	2.044	107606215	107608259	982.3
protein	protein_R01	3H	106623911	2.043	107522102	107524145	898.2
fiber	fiber_R04	3H	543690146	2.041	545194442	545196483	1504.3
protein	3H:173351655	3H	173351655	2.04	172015491	172017531	1334.1
fiber	fiber_R04	3H	543690146	2.037	543140339	543142376	547.8
fiber	fiber_R10	5H	462564771	2.034	461225516	461227550	1337.2
fiber	fiber_R10	5H	462564771	2.032	462679164	462681196	114.4
protein	3H:173351655	3H	173351655	2.03	172400812	172402842	948.8
protein	3H:198076308	3H	198076308	2.029	199100721	199102750	1024.4
protein	3H:173351655	3H	173351655	2.028	172424656	172426684	925
protein	3H:198076308	3H	198076308	2.028	198014311	198016339	60
fiber	fiber_R04	3H	543690146	2.026	544813977	544816003	1123.8
starch	starch_R01	1H	330432546	2.025	330466373	330468398	33.8
fiber	fiber_R10	5H	462564771	2.024	461856689	461858713	706.1
protein	protein_R01	3H	106623911	2.023	106646876	106648899	23
protein	3H:173351655	3H	173351655	2.02	172859552	172861572	490.1
protein	3H:173351655	3H	173351655	2.019	173151685	173153704	198
fiber	fiber_R04	3H	543690146	2.015	545207461	545209476	1517.3
fiber	fiber_R05	4H	24707376	2.012	24837148	24839160	129.8
fiber	fiber_R05	4H	24707376	2.011	24731293	24733304	23.9
protein	3H:198076308	3H	198076308	2.009	199070148	199072157	993.8
protein	protein_R01	3H	106623911	2.008	106861587	106863595	237.7
starch	starch_R03	3H	546433616	2.006	546576048	546578054	142.4
starch	starch_R04	6H	525776080	2.005	525255950	525257955	518.1
protein	3H:173351655	3H	173351655	2.003	172954632	172956635	395
protein	protein_R01	3H	106623911	2.002	107857309	107859311	1233.4
betaglucan	betaglucan_R05	4H	34858354	2.001	34856353	34858354	0
betaglucan	betaglucan_R04	3H	537247620	1.999	537203375	537205374	42.2
betaglucan	betaglucan_R04	3H	537247620	1.999	537305387	537307386	57.8
fiber	fiber_R04	3H	543690146	1.998	543073434	543075432	614.7
starch	starch_R04	6H	525776080	1.998	525738579	525740577	35.5
betaglucan	betaglucan_R08	6H	475144663	1.996	474956638	474958634	186
protein	3H:173351655	3H	173351655	1.993	172664880	172666873	684.8
protein	3H:198076308	3H	198076308	1.992	197797602	197799594	276.7
betaglucan	betaglucan_R08	6H	475144663	1.989	475026776	475028765	115.9
protein	3H:173351655	3H	173351655	1.987	172930321	172932308	419.3
fiber	fiber_R04	3H	543690146	1.986	545294036	545296022	1603.9
fiber	fiber_R05	4H	24707376	1.984	24840087	24842071	132.7
protein	protein_R01	3H	106623911	1.984	106006790	106008774	615.1
fiber	fiber_R04	3H	543690146	1.981	545022682	545024663	1332.5
betaglucan	betaglucan_R08	6H	475144663	1.979	475091549	475093528	51.1
protein	protein_R01	3H	106623911	1.979	107326200	107328179	702.3
protein	3H:173351655	3H	173351655	1.975	172392583	172394558	957.1
protein	3H:173351655	3H	173351655	1.975	172701879	172703854	647.8
protein	3H:173351655	3H	173351655	1.973	172799643	172801616	550
fiber	fiber_R10	5H	462564771	1.972	461360162	461362134	1202.6
protein	3H:173351655	3H	173351655	1.97	172632203	172634173	717.5
protein	protein_R01	3H	106623911	1.966	106287954	106289920	334
protein	3H:173351655	3H	173351655	1.965	172124687	172126652	1225
protein	3H:173351655	3H	173351655	1.964	173034856	173036820	314.8
fiber	fiber_R04	3H	543690146	1.963	545070337	545072300	1380.2
fiber	fiber_R05	4H	24707376	1.962	24860014	24861976	152.6
fiber	fiber_R10	5H	462564771	1.962	462555842	462557804	7
protein	protein_R01	3H	106623911	1.96	107159465	107161425	535.6
protein	3H:173351655	3H	173351655	1.96	172529659	172531619	820
protein	3H:198076308	3H	198076308	1.959	197564735	197566694	509.6
protein	3H:198076308	3H	198076308	1.959	199180917	199182876	1104.6
protein	protein_R01	3H	106623911	1.955	106212401	106214356	409.6
protein	3H:198076308	3H	198076308	1.952	198275144	198277096	198.8
betaglucan	betaglucan_R08	6H	475144663	1.951	475273056	475275007	128.4
protein	protein_R01	3H	106623911	1.949	107190215	107192164	566.3
fiber	fiber_R12	7H	415651802	1.944	414877902	414879846	772
protein	3H:198076308	3H	198076308	1.943	197566695	197568638	507.7
protein	3H:173351655	3H	173351655	1.938	172099160	172101098	1250.6
protein	3H:173351655	3H	173351655	1.938	173160730	173162668	189
starch	starch_R03	3H	546433616	1.937	546887672	546889609	454.1
protein	3H:173351655	3H	173351655	1.935	172523174	172525109	826.5
protein	protein_R01	3H	106623911	1.93	108001654	108003584	1377.7
fiber	fiber_R04	3H	543690146	1.928	543628468	543630396	59.8
fiber	fiber_R04	3H	543690146	1.928	544438867	544440795	748.7
starch	starch_R03	3H	546433616	1.928	546075294	546077222	356.4
protein	protein_R01	3H	106623911	1.927	106170529	106172456	451.5
protein	3H:198076308	3H	198076308	1.925	198927293	198929218	851
protein	protein_R01	3H	106623911	1.922	106204237	106206159	417.8
protein	protein_R01	3H	106623911	1.921	106840832	106842753	216.9
protein	3H:198076308	3H	198076308	1.921	197903353	197905274	171
protein	3H:198076308	3H	198076308	1.916	197621847	197623763	452.5
fiber	fiber_R04	3H	543690146	1.915	544764339	544766254	1074.2
fiber	fiber_R06	4H	470989624	1.915	470356500	470358415	631.2
protein	3H:173351655	3H	173351655	1.915	172527476	172529391	822.3
fiber	fiber_R03	1H	440573355	1.91	440723922	440725832	150.6
protein	3H:173351655	3H	173351655	1.91	172094278	172096188	1255.5
protein	3H:173351655	3H	173351655	1.909	173063493	173065402	286.3
protein	3H:173351655	3H	173351655	1.904	172680249	172682153	669.5
fiber	fiber_R04	3H	543690146	1.902	542134356	542136258	1553.9
protein	3H:198076308	3H	198076308	1.898	198041848	198043746	32.6
starch	starch_R04	6H	525776080	1.897	525733501	525735398	40.7
betaglucan	betaglucan_R04	3H	537247620	1.893	537605660	537607553	358
fiber	fiber_R04	3H	543690146	1.886	542026600	542028486	1661.7
fiber	fiber_R04	3H	543690146	1.886	544310545	544312431	620.4
protein	protein_R01	3H	106623911	1.885	106135022	106136907	487
protein	protein_R01	3H	106623911	1.885	107251663	107253548	627.8
fiber	fiber_R03	1H	440573355	1.883	440502569	440504452	68.9
protein	3H:173351655	3H	173351655	1.883	173113142	173115025	236.6
fiber	fiber_R05	4H	24707376	1.881	24664775	24666656	40.7
starch	starch_R04	6H	525776080	1.881	525740792	525742673	33.4
starch	starch_R03	3H	546433616	1.88	545844154	545846034	587.6
protein	protein_R01	3H	106623911	1.878	108059527	108061405	1435.6
fiber	fiber_R04	3H	543690146	1.877	545265725	545267602	1575.6
fiber	fiber_R05	4H	24707376	1.875	24824895	24826770	117.5
starch	starch_R03	3H	546433616	1.874	546089811	546091685	341.9
fiber	fiber_R04	3H	543690146	1.872	544497631	544499503	807.5
fiber	fiber_R04	3H	543690146	1.87	544848740	544850610	1158.6
protein	3H:173351655	3H	173351655	1.869	172042930	172044799	1306.9
protein	protein_R01	3H	106623911	1.867	108098487	108100354	1474.6
protein	protein_R01	3H	106623911	1.865	106677881	106679746	54
fiber	fiber_R04	3H	543690146	1.859	544803163	544805022	1113
starch	starch_R03	3H	546433616	1.855	545729010	545730865	702.8
protein	3H:198076308	3H	198076308	1.854	199207821	199209675	1131.5
fiber	fiber_R03	1H	440573355	1.848	439945785	439947633	625.7
protein	3H:173351655	3H	173351655	1.848	172938254	172940102	411.6
fiber	fiber_R08	5H	377309369	1.846	377998177	378000023	688.8
protein	3H:173351655	3H	173351655	1.845	173138096	173139941	211.7
protein	protein_R01	3H	106623911	1.841	107636717	107638558	1012.8
protein	3H:173351655	3H	173351655	1.837	173290529	173292366	59.3
fiber	fiber_R04	3H	543690146	1.834	543866199	543868033	176.1
protein	3H:173351655	3H	173351655	1.833	172126652	172128485	1223.2
fiber	fiber_R04	3H	543690146	1.831	544630676	544632507	940.5
betaglucan	betaglucan_R03	3H	475967335	1.826	476011562	476013388	44.2
starch	starch_R04	6H	525776080	1.824	526156296	526158120	380.2
betaglucan	betaglucan_R03	3H	475967335	1.823	475961465	475963288	4
starch	starch_R04	6H	525776080	1.823	526140928	526142751	364.8
betaglucan	betaglucan_R03	3H	475967335	1.822	475835571	475837393	129.9
betaglucan	betaglucan_R08	6H	475144663	1.822	475167944	475169766	23.3
starch	starch_R04	6H	525776080	1.822	526259858	526261680	483.8
protein	3H:173351655	3H	173351655	1.821	172757564	172759385	592.3
protein	3H:198076308	3H	198076308	1.821	199408547	199410368	1332.2
fiber	fiber_R04	3H	543690146	1.817	544612590	544614407	922.4
protein	protein_R01	3H	106623911	1.816	108132568	108134384	1508.7
fiber	fiber_R04	3H	543690146	1.815	544554652	544556467	864.5
protein	3H:198076308	3H	198076308	1.815	198817409	198819224	741.1
protein	3H:198076308	3H	198076308	1.813	198572998	198574811	496.7
protein	protein_R01	3H	106623911	1.812	107095180	107096992	471.3
protein	3H:173351655	3H	173351655	1.812	173274584	173276396	75.3
betaglucan	betaglucan_R09	6H	477651616	1.811	477649417	477651228	0.4
starch	starch_R03	3H	546433616	1.811	546529561	546531372	95.9
betaglucan	betaglucan_R03	3H	475967335	1.808	475851198	475853006	114.3
protein	protein_R01	3H	106623911	1.807	106030765	106032572	591.3
fiber	fiber_R04	3H	543690146	1.803	545514798	545516601	1824.7
protein	protein_R01	3H	106623911	1.8	106649490	106651290	25.6
betaglucan	betaglucan_R03	3H	475967335	1.797	475559427	475561224	406.1
fiber	fiber_R04	3H	543690146	1.797	543904171	543905968	214
starch	starch_R04	6H	525776080	1.792	525723535	525725327	50.8
protein	3H:173351655	3H	173351655	1.788	172356571	172358359	993.3
starch	starch_R04	6H	525776080	1.787	526857781	526859568	1081.7
fiber	fiber_R04	3H	543690146	1.786	542138217	542140003	1550.1
protein	protein_R01	3H	106623911	1.781	107957926	107959707	1334
protein	3H:198076308	3H	198076308	1.781	197833555	197835336	241
protein	protein_R01	3H	106623911	1.779	107815321	107817100	1191.4
protein	3H:198076308	3H	198076308	1.777	199215646	199217423	1139.3
betaglucan	betaglucan_R04	3H	537247620	1.775	537174535	537176310	71.3
fiber	fiber_R04	3H	543690146	1.773	543862662	543864435	172.5
fiber	fiber_R04	3H	543690146	1.77	544228035	544229805	537.9
fiber	fiber_R04	3H	543690146	1.769	543705208	543706977	15.1
protein	3H:198076308	3H	198076308	1.768	199225693	199227461	1149.4
protein	3H:173351655	3H	173351655	1.767	172911871	172913638	438
fiber	fiber_R04	3H	543690146	1.766	544101173	544102939	411
betaglucan	betaglucan_R03	3H	475967335	1.762	476063610	476065372	96.3
protein	3H:198076308	3H	198076308	1.762	198496595	198498357	420.3
fiber	fiber_R03	1H	440573355	1.759	439774619	439776378	797
protein	3H:173351655	3H	173351655	1.757	172797886	172799643	552
fiber	fiber_R04	3H	543690146	1.755	541850607	541852362	1837.8
protein	protein_R01	3H	106623911	1.755	105922904	105924659	699.3
protein	protein_R01	3H	106623911	1.751	108055241	108056992	1431.3
fiber	fiber_R12	7H	415651802	1.75	415913727	415915477	261.9
fiber	fiber_R10	5H	462564771	1.746	461793113	461794859	769.9
protein	protein_R01	3H	106623911	1.746	106194911	106196657	427.3
protein	protein_R01	3H	106623911	1.741	107092194	107093935	468.3
protein	protein_R01	3H	106623911	1.741	107988271	107990012	1364.4
protein	3H:173351655	3H	173351655	1.737	172790473	172792210	559.4
protein	3H:173351655	3H	173351655	1.737	173330976	173332713	18.9
protein	protein_R01	3H	106623911	1.731	107657655	107659386	1033.7
betaglucan	betaglucan_R03	3H	475967335	1.73	476039532	476041262	72.2
protein	3H:173351655	3H	173351655	1.73	171391637	171393367	1958.3
protein	3H:198076308	3H	198076308	1.73	199271218	199272948	1194.9
starch	starch_R04	6H	525776080	1.728	525731661	525733389	42.7
protein	3H:173351655	3H	173351655	1.727	173023118	173024845	326.8
fiber	fiber_R05	4H	24707376	1.726	24291008	24292734	414.6
protein	protein_R01	3H	106623911	1.726	106192219	106193945	430
protein	3H:198076308	3H	198076308	1.724	198034555	198036279	40
protein	3H:173351655	3H	173351655	1.723	172312595	172314318	1037.3
protein	3H:198076308	3H	198076308	1.723	198180197	198181920	103.9
fiber	fiber_R04	3H	543690146	1.722	544331829	544333551	641.7
protein	3H:173351655	3H	173351655	1.722	173155443	173157165	194.5
protein	protein_R01	3H	106623911	1.721	107702737	107704458	1078.8
fiber	fiber_R12	7H	415651802	1.719	415885179	415886898	233.4
protein	protein_R01	3H	106623911	1.718	106397286	106399004	224.9
starch	starch_R03	3H	546433616	1.717	545917242	545918959	514.7
protein	3H:173351655	3H	173351655	1.716	172734590	172736306	615.3
fiber	fiber_R04	3H	543690146	1.715	544335947	544337662	645.8
fiber	fiber_R05	4H	24707376	1.71	24374330	24376040	331.3
starch	starch_R04	6H	525776080	1.709	525257955	525259664	516.4
starch	starch_R04	6H	525776080	1.709	526404694	526406403	628.6
protein	3H:173351655	3H	173351655	1.709	172917864	172919573	432.1
starch	starch_R03	3H	546433616	1.708	546073586	546075294	358.3
fiber	fiber_R04	3H	543690146	1.706	545209872	545211578	1519.7
fiber	fiber_R04	3H	543690146	1.703	543457452	543459155	231
protein	protein_R01	3H	106623911	1.703	106515214	106516917	107
protein	3H:198076308	3H	198076308	1.7	198191638	198193338	115.3
protein	3H:173351655	3H	173351655	1.698	172986048	172987746	363.9
betaglucan	betaglucan_R04	3H	537247620	1.689	537578891	537580580	331.3
protein	protein_R01	3H	106623911	1.689	106601920	106603609	20.3
fiber	fiber_R04	3H	543690146	1.688	545511747	545513435	1821.6
protein	protein_R01	3H	106623911	1.688	106627750	106629438	3.8
fiber	fiber_R04	3H	543690146	1.686	544579522	544581208	889.4
protein	protein_R01	3H	106623911	1.685	106745741	106747426	121.8
protein	protein_R01	3H	106623911	1.685	107691550	107693235	1067.6
protein	3H:173351655	3H	173351655	1.685	172910186	172911871	439.8
starch	starch_R03	3H	546433616	1.684	546387861	546389545	44.1
protein	protein_R01	3H	106623911	1.683	107718178	107719861	1094.3
betaglucan	betaglucan_R03	3H	475967335	1.682	475949241	475950923	16.4
betaglucan	betaglucan_R04	3H	537247620	1.682	537224037	537225719	21.9
protein	3H:198076308	3H	198076308	1.682	198996680	198998362	920.4
fiber	fiber_R05	4H	24707376	1.677	26229622	26231299	1522.2
starch	starch_R03	3H	546433616	1.676	546098709	546100385	333.2
protein	3H:173351655	3H	173351655	1.674	173132802	173134476	217.2
protein	3H:173351655	3H	173351655	1.671	173333757	173335428	16.2
betaglucan	betaglucan_R08	6H	475144663	1.668	475028996	475030664	114
fiber	fiber_R04	3H	543690146	1.668	541867610	541869278	1820.9
protein	protein_R01	3H	106623911	1.663	106620899	106622562	1.3
protein	protein_R01	3H	106623911	1.658	106634951	106636609	11
starch	starch_R04	6H	525776080	1.656	526384687	526386343	608.6
protein	3H:198076308	3H	198076308	1.654	198123914	198125568	47.6
betaglucan	betaglucan_R03	3H	475967335	1.653	475974878	475976531	7.5
fiber	fiber_R05	4H	24707376	1.653	24208885	24210538	496.8
starch	starch_R04	6H	525776080	1.652	526397858	526399510	621.8
protein	3H:173351655	3H	173351655	1.652	172729997	172731649	620
fiber	fiber_R04	3H	543690146	1.65	543890271	543891921	200.1
fiber	fiber_R05	4H	24707376	1.65	25162978	25164628	455.6
fiber	fiber_R10	5H	462564771	1.648	461791465	461793113	771.7
starch	starch_R04	6H	525776080	1.648	526251288	526252936	475.2
protein	protein_R01	3H	106623911	1.647	106513567	106515214	108.7
protein	3H:198076308	3H	198076308	1.646	198527223	198528869	450.9
fiber	fiber_R10	5H	462564771	1.645	461428552	461430197	1134.6
protein	3H:173351655	3H	173351655	1.643	172743815	172745458	606.2
protein	3H:198076308	3H	198076308	1.643	199401263	199402906	1325
fiber	fiber_R05	4H	24707376	1.642	24289366	24291008	416.4
fiber	fiber_R04	3H	543690146	1.637	544450118	544451755	760
protein	3H:173351655	3H	173351655	1.637	173266438	173268075	83.6
protein	3H:173351655	3H	173351655	1.637	173329339	173330976	20.7
starch	starch_R04	6H	525776080	1.636	525260130	525261766	514.3
protein	protein_R01	3H	106623911	1.635	106187717	106189352	434.6
protein	3H:198076308	3H	198076308	1.635	198505087	198506722	428.8
protein	3H:198076308	3H	198076308	1.634	198058309	198059943	16.4
fiber	fiber_R04	3H	543690146	1.633	545144435	545146068	1454.3
protein	3H:173351655	3H	173351655	1.629	172300166	172301795	1049.9
protein	3H:173351655	3H	173351655	1.628	172728369	172729997	621.7
starch	starch_R03	3H	546433616	1.623	547005500	547007123	571.9
protein	3H:173351655	3H	173351655	1.62	172820760	172822380	529.3
protein	3H:173351655	3H	173351655	1.619	173184485	173186104	165.6
starch	starch_R03	3H	546433616	1.617	546998812	547000429	565.2
fiber	fiber_R04	3H	543690146	1.611	543740914	543742525	50.8
protein	protein_R01	3H	106623911	1.608	107196108	107197716	572.2
protein	protein_R01	3H	106623911	1.603	107968797	107970400	1344.9
fiber	fiber_R05	4H	24707376	1.602	25081466	25083068	374.1
protein	protein_R01	3H	106623911	1.602	106517136	106518738	105.2
protein	3H:173351655	3H	173351655	1.602	172618492	172620094	731.6
protein	protein_R01	3H	106623911	1.601	105880430	105882031	741.9
protein	protein_R01	3H	106623911	1.6	108621065	108622665	1997.2
fiber	fiber_R04	3H	543690146	1.599	544810774	544812373	1120.6
starch	starch_R03	3H	546433616	1.598	546043450	546045048	388.6
starch	starch_R04	6H	525776080	1.596	525730065	525731661	44.4
protein	3H:198076308	3H	198076308	1.596	197907048	197908644	167.7
protein	protein_R01	3H	106623911	1.594	108230436	108232030	1606.5
protein	3H:173351655	3H	173351655	1.592	172663231	172664823	686.8
protein	3H:198076308	3H	198076308	1.592	198571406	198572998	495.1
protein	protein_R01	3H	106623911	1.591	108007864	108009455	1384
protein	3H:173351655	3H	173351655	1.591	173209619	173211210	140.4
protein	3H:173351655	3H	173351655	1.59	172739384	172740974	610.7
starch	starch_R04	6H	525776080	1.588	525388906	525390494	385.6
starch	starch_R03	3H	546433616	1.586	545972102	545973688	459.9
protein	3H:173351655	3H	173351655	1.586	172398045	172399631	952
fiber	fiber_R05	4H	24707376	1.582	24791250	24792832	83.9
fiber	fiber_R04	3H	543690146	1.58	542414627	542416207	1273.9
protein	3H:173351655	3H	173351655	1.58	172792210	172793790	557.9
fiber	fiber_R12	7H	415651802	1.579	415778683	415780262	126.9
protein	3H:198076308	3H	198076308	1.579	199435200	199436779	1358.9
protein	3H:173351655	3H	173351655	1.578	173246444	173248022	103.6
protein	3H:173351655	3H	173351655	1.576	172660164	172661740	689.9
protein	protein_R01	3H	106623911	1.575	106264987	106266562	357.3
protein	protein_R01	3H	106623911	1.573	108143088	108144661	1519.2
protein	protein_R01	3H	106623911	1.57	107704458	107706028	1080.5
protein	3H:173351655	3H	173351655	1.569	173244098	173245667	106
starch	starch_R04	6H	525776080	1.566	526381403	526382969	605.3
starch	starch_R03	3H	546433616	1.564	545770793	545772357	661.3
protein	3H:173351655	3H	173351655	1.564	172338690	172340254	1011.4
fiber	fiber_R05	4H	24707376	1.56	24925821	24927381	218.4
protein	3H:173351655	3H	173351655	1.557	173020659	173022216	329.4
protein	3H:173351655	3H	173351655	1.555	172850329	172851884	499.8
fiber	fiber_R04	3H	543690146	1.553	545118030	545119583	1427.9
protein	3H:173351655	3H	173351655	1.551	172330958	172332509	1019.1
protein	3H:173351655	3H	173351655	1.547	172277750	172279297	1072.4
protein	3H:173351655	3H	173351655	1.547	172979035	172980582	371.1
betaglucan	betaglucan_R04	3H	537247620	1.546	537580580	537582126	333
fiber	fiber_R03	1H	440573355	1.545	440678033	440679578	104.7
starch	starch_R04	6H	525776080	1.544	525383596	525385140	390.9
fiber	fiber_R04	3H	543690146	1.543	544409309	544410852	719.2
protein	protein_R01	3H	106623911	1.542	107875620	107877162	1251.7
betaglucan	betaglucan_R08	6H	475144663	1.541	474999493	475001034	143.6
fiber	fiber_R05	4H	24707376	1.54	24707376	24708916	0
protein	3H:198076308	3H	198076308	1.539	197711837	197713376	362.9
fiber	fiber_R04	3H	543690146	1.538	542136258	542137796	1552.3
starch	starch_R01	1H	330432546	1.537	329993783	329995320	437.2
fiber	fiber_R04	3H	543690146	1.535	545628517	545630052	1938.4
starch	starch_R03	3H	546433616	1.535	546426013	546427548	6.1
fiber	fiber_R04	3H	543690146	1.528	545211958	545213486	1521.8
protein	3H:198076308	3H	198076308	1.528	197983688	197985216	91.1
fiber	fiber_R04	3H	543690146	1.522	541921969	541923491	1766.7
betaglucan	betaglucan_R06	4H	528254769	1.521	528356410	528357931	101.6
protein	protein_R01	3H	106623911	1.517	106542278	106543795	80.1
starch	starch_R01	1H	330432546	1.517	330623665	330625182	191.1
protein	3H:173351655	3H	173351655	1.517	172639335	172640852	710.8
starch	starch_R03	3H	546433616	1.514	545924019	545925533	508.1
protein	protein_R01	3H	106623911	1.512	108082774	108084286	1458.9
protein	3H:173351655	3H	173351655	1.512	171665412	171666924	1684.7
protein	3H:198076308	3H	198076308	1.512	197727030	197728542	347.8
betaglucan	betaglucan_R03	3H	475967335	1.511	475588212	475589723	377.6
protein	protein_R01	3H	106623911	1.511	107339571	107341082	715.7
fiber	fiber_R04	3H	543690146	1.51	545173112	545174622	1483
protein	3H:173351655	3H	173351655	1.51	172548776	172550286	801.4
protein	3H:198076308	3H	198076308	1.508	199068640	199070148	992.3
fiber	fiber_R12	7H	415651802	1.507	415484165	415485672	166.1
protein	3H:173351655	3H	173351655	1.506	172875687	172877193	474.5
fiber	fiber_R04	3H	543690146	1.505	545396855	545398360	1706.7
protein	3H:173351655	3H	173351655	1.503	172402866	172404369	947.3
fiber	fiber_R09	5H	437005013	1.502	437090734	437092236	85.7
protein	protein_R01	3H	106623911	1.501	106076703	106078204	545.7
protein	3H:173351655	3H	173351655	1.499	172329459	172330958	1020.7
betaglucan	betaglucan_R03	3H	475967335	1.498	476070091	476071589	102.8
protein	protein_R01	3H	106623911	1.498	106599143	106600641	23.3
betaglucan	betaglucan_R04	3H	537247620	1.497	537205374	537206871	40.7
protein	3H:173351655	3H	173351655	1.497	173211739	173213236	138.4
protein	3H:198076308	3H	198076308	1.496	197852597	197854093	222.2
fiber	fiber_R03	1H	440573355	1.494	440742012	440743506	168.7
fiber	fiber_R04	3H	543690146	1.494	544391739	544393233	701.6
protein	protein_R01	3H	106623911	1.493	106799080	106800573	175.2
starch	starch_R02	3H	530660057	1.493	530626397	530627890	32.2
betaglucan	betaglucan_R03	3H	475967335	1.49	475863773	475865263	102.1
fiber	fiber_R10	5H	462564771	1.489	461312165	461313654	1251.1
fiber	fiber_R04	3H	543690146	1.488	543630396	543631884	58.3
protein	3H:173351655	3H	173351655	1.488	172171751	172173239	1178.4
fiber	fiber_R04	3H	543690146	1.487	544548484	544549971	858.3
starch	starch_R03	3H	546433616	1.486	546776205	546777691	342.6
protein	3H:173351655	3H	173351655	1.486	172454035	172455521	896.1
protein	3H:198076308	3H	198076308	1.486	199269732	199271218	1193.4
fiber	fiber_R04	3H	543690146	1.485	542122078	542123563	1566.6
fiber	fiber_R04	3H	543690146	1.482	545599876	545601358	1909.7
fiber	fiber_R05	4H	24707376	1.482	24797230	24798712	89.9
fiber	fiber_R04	3H	543690146	1.481	541920422	541921903	1768.2
starch	starch_R04	6H	525776080	1.481	525380989	525382470	393.6
protein	3H:173351655	3H	173351655	1.481	173354972	173356453	3.3
fiber	fiber_R04	3H	543690146	1.474	545508856	545510330	1818.7
starch	starch_R04	6H	525776080	1.472	526383215	526384687	607.1
protein	3H:173351655	3H	173351655	1.472	172365124	172366596	985.1
fiber	fiber_R04	3H	543690146	1.47	545605949	545607419	1915.8
starch	starch_R04	6H	525776080	1.47	526485137	526486607	709.1
protein	3H:198076308	3H	198076308	1.469	197729115	197730584	345.7
fiber	fiber_R10	5H	462564771	1.464	460752212	460753676	1811.1
starch	starch_R03	3H	546433616	1.464	546433616	546435080	0
fiber	fiber_R04	3H	543690146	1.463	543565642	543567105	123
protein	protein_R01	3H	106623911	1.462	106802642	106804104	178.7
starch	starch_R03	3H	546433616	1.462	545951689	545953151	480.5
fiber	fiber_R05	4H	24707376	1.461	24774753	24776214	67.4
protein	3H:173351655	3H	173351655	1.46	172607028	172608488	743.2
protein	3H:173351655	3H	173351655	1.46	172848869	172850329	501.3
fiber	fiber_R10	5H	462564771	1.457	461747888	461749345	815.4
betaglucan	betaglucan_R03	3H	475967335	1.456	475972806	475974262	5.5
starch	starch_R03	3H	546433616	1.456	545913854	545915310	518.3
protein	3H:198076308	3H	198076308	1.455	198006136	198007591	68.7
starch	starch_R03	3H	546433616	1.451	546875335	546876786	441.7
protein	3H:173351655	3H	173351655	1.45	173065402	173066852	284.8
protein	protein_R01	3H	106623911	1.448	106395838	106397286	226.6
fiber	fiber_R04	3H	543690146	1.447	544840833	544842280	1150.7
fiber	fiber_R10	5H	462564771	1.447	461210903	461212350	1352.4
fiber	fiber_R05	4H	24707376	1.446	24831650	24833096	124.3
protein	protein_R01	3H	106623911	1.446	106629438	106630884	5.5
betaglucan	betaglucan_R04	3H	537247620	1.445	537811863	537813308	564.2
protein	3H:198076308	3H	198076308	1.445	198790954	198792399	714.6
fiber	fiber_R05	4H	24707376	1.444	24257144	24258588	448.8
protein	3H:173351655	3H	173351655	1.443	173024845	173026288	325.4
protein	protein_R01	3H	106623911	1.441	106376455	106377896	246
fiber	fiber_R05	4H	24707376	1.439	24372891	24374330	333
protein	3H:173351655	3H	173351655	1.439	172047951	172049390	1302.3
protein	protein_R01	3H	106623911	1.437	106891005	106892442	267.1
fiber	fiber_R04	3H	543690146	1.436	543823677	543825113	133.5
fiber	fiber_R04	3H	543690146	1.436	545104828	545106264	1414.7
fiber	fiber_R03	1H	440573355	1.435	440117487	440118922	454.4
starch	starch_R03	3H	546433616	1.434	545862642	545864076	569.5
protein	3H:173351655	3H	173351655	1.433	172429007	172430440	921.2
fiber	fiber_R04	3H	543690146	1.431	543777124	543778555	87
protein	3H:198076308	3H	198076308	1.431	198085668	198087099	9.4
protein	protein_R01	3H	106623911	1.43	107520672	107522102	896.8
starch	starch_R03	3H	546433616	1.429	545968812	545970241	463.4
fiber	fiber_R04	3H	543690146	1.427	544307427	544308854	617.3
betaglucan	betaglucan_R08	6H	475144663	1.426	475144663	475146089	0
fiber	fiber_R12	7H	415651802	1.426	415968756	415970182	317
protein	3H:173351655	3H	173351655	1.425	172551257	172552682	799
betaglucan	betaglucan_R03	3H	475967335	1.421	475875426	475876847	90.5
protein	3H:173351655	3H	173351655	1.421	173324350	173325771	25.9
protein	3H:198076308	3H	198076308	1.421	198470148	198471569	393.8
protein	3H:173351655	3H	173351655	1.42	172487768	172489188	862.5
betaglucan	betaglucan_R02	2H	41996626	1.419	41783743	41785162	211.5
fiber	fiber_R04	3H	543690146	1.419	542105532	542106951	1583.2
protein	protein_R01	3H	106623911	1.416	106813715	106815131	189.8
protein	3H:173351655	3H	173351655	1.416	172980582	172981998	369.7
betaglucan	betaglucan_R03	3H	475967335	1.413	475878025	475879438	87.9
fiber	fiber_R04	3H	543690146	1.413	545455302	545456715	1765.2
protein	3H:173351655	3H	173351655	1.412	172611190	172612602	739.1
betaglucan	betaglucan_R04	3H	537247620	1.41	537299958	537301368	52.3
protein	3H:173351655	3H	173351655	1.409	172801616	172803025	548.6
fiber	fiber_R04	3H	543690146	1.408	542293811	542295219	1394.9
protein	3H:173351655	3H	173351655	1.407	172914099	172915506	436.1
fiber	fiber_R03	1H	440573355	1.404	441229137	441230541	655.8
fiber	fiber_R04	3H	543690146	1.404	545365737	545367141	1675.6
fiber	fiber_R04	3H	543690146	1.403	545003442	545004845	1313.3
fiber	fiber_R05	4H	24707376	1.403	24199204	24200607	506.8
protein	protein_R01	3H	106623911	1.403	106714102	106715505	90.2
protein	3H:173351655	3H	173351655	1.401	172745458	172746859	604.8
protein	3H:198076308	3H	198076308	1.401	197800911	197802312	274
fiber	fiber_R03	1H	440573355	1.4	440722522	440723922	149.2
starch	starch_R04	6H	525776080	1.398	525245682	525247080	529
betaglucan	betaglucan_R03	3H	475967335	1.396	475567347	475568743	398.6
protein	protein_R01	3H	106623911	1.396	106777804	106779200	153.9
starch	starch_R02	3H	530660057	1.396	530619912	530621308	38.7
protein	3H:173351655	3H	173351655	1.396	173272733	173274129	77.5
starch	starch_R04	6H	525776080	1.395	526261801	526263196	485.7
fiber	fiber_R04	3H	543690146	1.393	544078122	544079515	388
protein	protein_R01	3H	106623911	1.392	107147293	107148685	523.4
protein	3H:173351655	3H	173351655	1.391	173119051	173120442	231.2
protein	3H:198076308	3H	198076308	1.391	197894691	197896082	180.2
fiber	fiber_R04	3H	543690146	1.39	544500269	544501659	810.1
starch	starch_R01	1H	330432546	1.386	330689766	330691152	257.2
fiber	fiber_R04	3H	543690146	1.385	543060080	543061465	628.7
fiber	fiber_R04	3H	543690146	1.385	545639079	545640464	1948.9
starch	starch_R02	3H	530660057	1.385	530622046	530623431	36.6
protein	3H:173351655	3H	173351655	1.385	172565282	172566667	785
protein	3H:173351655	3H	173351655	1.385	173164806	173166191	185.5
starch	starch_R03	3H	546433616	1.383	545974154	545975537	458.1
protein	3H:173351655	3H	173351655	1.383	172432221	172433604	918.1
starch	starch_R03	3H	546433616	1.382	546215113	546216495	217.1
starch	starch_R04	6H	525776080	1.382	525629058	525630440	145.6
protein	3H:173351655	3H	173351655	1.379	172834303	172835682	516
starch	starch_R02	3H	530660057	1.378	530658534	530659912	0.1
fiber	fiber_R05	4H	24707376	1.376	24826770	24828146	119.4
protein	3H:173351655	3H	173351655	1.374	172694339	172695713	655.9
fiber	fiber_R04	3H	543690146	1.372	544264879	544266251	574.7
protein	3H:173351655	3H	173351655	1.372	172288685	172290057	1061.6
protein	3H:173351655	3H	173351655	1.371	172578272	172579643	772
fiber	fiber_R04	3H	543690146	1.37	545642120	545643490	1952
protein	protein_R01	3H	106623911	1.37	106471507	106472877	151
protein	3H:173351655	3H	173351655	1.369	172963197	172964566	387.1
protein	protein_R01	3H	106623911	1.368	105639551	105640919	983
betaglucan	betaglucan_R03	3H	475967335	1.365	475756423	475757788	209.5
fiber	fiber_R05	4H	24707376	1.364	24853101	24854465	145.7
fiber	fiber_R04	3H	543690146	1.363	545513435	545514798	1823.3
fiber	fiber_R04	3H	543690146	1.361	545316515	545317876	1626.4
protein	protein_R01	3H	106623911	1.361	108244541	108245902	1620.6
betaglucan	betaglucan_R04	3H	537247620	1.359	537815044	537816403	567.4
fiber	fiber_R04	3H	543690146	1.358	545526856	545528214	1836.7
protein	protein_R01	3H	106623911	1.357	106585593	106586950	37
protein	protein_R01	3H	106623911	1.357	106801285	106802642	177.4
protein	3H:173351655	3H	173351655	1.355	172444570	172445925	905.7
protein	3H:198076308	3H	198076308	1.355	198528869	198530224	452.6
protein	protein_R01	3H	106623911	1.353	106812209	106813562	188.3
protein	3H:173351655	3H	173351655	1.353	173288836	173290189	61.5
fiber	fiber_R10	5H	462564771	1.35	461855339	461856689	708.1
protein	3H:173351655	3H	173351655	1.35	172366596	172367946	983.7
protein	3H:173351655	3H	173351655	1.35	172574805	172576155	775.5
betaglucan	betaglucan_R03	3H	475967335	1.349	475918714	475920063	47.3
protein	protein_R01	3H	106623911	1.349	107286456	107287805	662.5
protein	3H:198076308	3H	198076308	1.349	199311049	199312398	1234.7
protein	3H:173351655	3H	173351655	1.348	173044375	173045723	305.9
fiber	fiber_R01	1H	330239605	1.347	330458852	330460199	219.2
protein	3H:173351655	3H	173351655	1.347	172637988	172639335	712.3
protein	3H:198076308	3H	198076308	1.345	197901666	197903011	173.3
protein	3H:198076308	3H	198076308	1.344	198590349	198591693	514
protein	protein_R01	3H	106623911	1.343	106438443	106439786	184.1
protein	3H:173351655	3H	173351655	1.342	172334664	172336006	1015.6
protein	3H:173351655	3H	173351655	1.342	173117018	173118360	233.3
protein	3H:198076308	3H	198076308	1.342	198329857	198331199	253.5
protein	3H:173351655	3H	173351655	1.339	172284248	172285587	1066.1
fiber	fiber_R04	3H	543690146	1.338	541938688	541940026	1750.1
fiber	fiber_R04	3H	543690146	1.333	545255371	545256704	1565.2
fiber	fiber_R05	4H	24707376	1.333	24854465	24855798	147.1
starch	starch_R01	1H	330432546	1.331	330687840	330689171	255.3
protein	3H:173351655	3H	173351655	1.331	172844173	172845504	506.2
starch	starch_R02	3H	530660057	1.33	530616516	530617846	42.2
protein	3H:198076308	3H	198076308	1.33	198321905	198323235	245.6
betaglucan	betaglucan_R08	6H	475144663	1.327	475025449	475026776	117.9
fiber	fiber_R04	3H	543690146	1.327	545129340	545130667	1439.2
protein	3H:173351655	3H	173351655	1.327	173281234	173282561	69.1
betaglucan	betaglucan_R03	3H	475967335	1.324	475648879	475650203	317.1
protein	3H:173351655	3H	173351655	1.322	172617170	172618492	733.2
betaglucan	betaglucan_R03	3H	475967335	1.321	475942292	475943613	23.7
betaglucan	betaglucan_R04	3H	537247620	1.32	537813724	537815044	566.1
protein	3H:173351655	3H	173351655	1.32	172119363	172120683	1231
protein	3H:173351655	3H	173351655	1.32	172623976	172625296	726.4
protein	3H:173351655	3H	173351655	1.319	172648593	172649912	701.7
fiber	fiber_R04	3H	543690146	1.317	544222668	544223985	532.5
betaglucan	betaglucan_R03	3H	475967335	1.316	475751084	475752400	214.9
fiber	fiber_R10	5H	462564771	1.316	463169807	463171123	605
starch	starch_R04	6H	525776080	1.316	525430408	525431724	344.4
fiber	fiber_R04	3H	543690146	1.315	543843809	543845124	153.7
protein	3H:173351655	3H	173351655	1.314	172936063	172937377	414.3
protein	3H:198076308	3H	198076308	1.314	197703361	197704675	371.6
protein	3H:198076308	3H	198076308	1.313	198056996	198058309	18
protein	3H:173351655	3H	173351655	1.312	173115526	173116838	234.8
protein	3H:198076308	3H	198076308	1.312	198331199	198332511	254.9
fiber	fiber_R04	3H	543690146	1.311	545020309	545021620	1330.2
starch	starch_R03	3H	546433616	1.31	545975617	545976927	456.7
starch	starch_R04	6H	525776080	1.31	525819097	525820407	43
protein	3H:173351655	3H	173351655	1.309	172484522	172485831	865.8
protein	3H:173351655	3H	173351655	1.308	173100173	173101481	250.2
fiber	fiber_R04	3H	543690146	1.307	544029330	544030637	339.2
starch	starch_R02	3H	530660057	1.307	530634459	530635766	24.3
fiber	fiber_R12	7H	415651802	1.304	415820577	415821881	168.8
fiber	fiber_R14	7H	586569512	1.302	586621156	586622458	51.6
fiber	fiber_R05	4H	24707376	1.298	24759375	24760673	52
protein	protein_R01	3H	106623911	1.298	106025062	106026360	597.6
protein	protein_R01	3H	106623911	1.296	106804104	106805400	180.2
starch	starch_R03	3H	546433616	1.295	545981753	545983048	450.6
protein	3H:173351655	3H	173351655	1.294	172605734	172607028	744.6
protein	3H:198076308	3H	198076308	1.294	199449521	199450815	1373.2
protein	3H:173351655	3H	173351655	1.29	172554165	172555455	796.2
fiber	fiber_R04	3H	543690146	1.289	543066520	543067809	622.3
protein	protein_R01	3H	106623911	1.288	106639236	106640524	15.3
starch	starch_R03	3H	546433616	1.285	545950404	545951689	481.9
fiber	fiber_R04	3H	543690146	1.284	545261266	545262550	1571.1
fiber	fiber_R04	3H	543690146	1.283	544566106	544567389	876
betaglucan	betaglucan_R04	3H	537247620	1.282	538983973	538985255	1736.4
betaglucan	betaglucan_R04	3H	537247620	1.281	537341175	537342456	93.6
protein	3H:173351655	3H	173351655	1.28	172615221	172616501	735.2
fiber	fiber_R04	3H	543690146	1.279	545267637	545268916	1577.5
protein	protein_R01	3H	106623911	1.279	106600641	106601920	22
protein	3H:173351655	3H	173351655	1.278	172974506	172975784	375.9
starch	starch_R03	3H	546433616	1.277	546107641	546108918	324.7
fiber	fiber_R04	3H	543690146	1.275	544731606	544732881	1041.5
fiber	fiber_R05	4H	24707376	1.274	24741813	24743087	34.4
protein	3H:173351655	3H	173351655	1.273	173061236	173062509	289.1
betaglucan	betaglucan_R03	3H	475967335	1.272	475620066	475621338	346
fiber	fiber_R10	5H	462564771	1.272	461224244	461225516	1339.3
starch	starch_R02	3H	530660057	1.27	530625127	530626397	33.7
protein	3H:198076308	3H	198076308	1.269	199436779	199438048	1360.5
protein	3H:198076308	3H	198076308	1.268	198029489	198030757	45.6
betaglucan	betaglucan_R03	3H	475967335	1.267	475590109	475591376	376
fiber	fiber_R12	7H	415651802	1.267	415383276	415384543	267.3
starch	starch_R04	6H	525776080	1.267	526290887	526292154	514.8
protein	3H:173351655	3H	173351655	1.266	172322238	172323504	1028.2
protein	3H:173351655	3H	173351655	1.263	172101098	172102361	1249.3
protein	3H:173351655	3H	173351655	1.262	172625962	172627224	724.4
fiber	fiber_R10	5H	462564771	1.261	460972842	460974103	1590.7
protein	protein_R01	3H	106623911	1.261	107714303	107715564	1090.4
protein	protein_R01	3H	106623911	1.26	108086864	108088124	1463
fiber	fiber_R04	3H	543690146	1.259	544533754	544535013	843.6
protein	3H:198076308	3H	198076308	1.259	198475918	198477177	399.6
protein	3H:173351655	3H	173351655	1.254	173356453	173357707	4.8
protein	3H:198076308	3H	198076308	1.254	198822890	198824144	746.6
fiber	fiber_R04	3H	543690146	1.252	545277906	545279158	1587.8
protein	protein_R01	3H	106623911	1.251	106189352	106190603	433.3
protein	3H:173351655	3H	173351655	1.251	172040099	172041350	1310.3
protein	3H:173351655	3H	173351655	1.251	173340013	173341264	10.4
protein	3H:198076308	3H	198076308	1.251	199468246	199469497	1391.9
fiber	fiber_R04	3H	543690146	1.249	544575260	544576509	885.1
protein	3H:198076308	3H	198076308	1.249	198060601	198061850	14.5
fiber	fiber_R03	1H	440573355	1.248	441210578	441211826	637.2
protein	3H:173351655	3H	173351655	1.248	172964566	172965814	385.8
fiber	fiber_R06	4H	470989624	1.246	472706002	472707248	1716.4
protein	protein_R01	3H	106623911	1.245	108139562	108140807	1515.7
protein	3H:173351655	3H	173351655	1.245	173215649	173216894	134.8
protein	3H:173351655	3H	173351655	1.244	173276396	173277640	74
fiber	fiber_R04	3H	543690146	1.242	544817775	544819017	1127.6
protein	protein_R01	3H	106623911	1.242	106197045	106198287	425.6
fiber	fiber_R04	3H	543690146	1.241	544473066	544474307	782.9
protein	3H:173351655	3H	173351655	1.241	172647162	172648403	703.3
protein	3H:198076308	3H	198076308	1.24	198977599	198978839	901.3
starch	starch_R04	6H	525776080	1.239	526331783	526333022	555.7
betaglucan	betaglucan_R04	3H	537247620	1.238	537861502	537862740	613.9
protein	3H:173351655	3H	173351655	1.238	172276512	172277750	1073.9
fiber	fiber_R12	7H	415651802	1.235	415768702	415769937	116.9
starch	starch_R04	6H	525776080	1.233	525459925	525461158	314.9
protein	protein_R01	3H	106623911	1.232	106190987	106192219	431.7
protein	3H:173351655	3H	173351655	1.232	173166191	173167423	184.2
protein	3H:173351655	3H	173351655	1.231	172415829	172417060	934.6
fiber	fiber_R12	7H	415651802	1.227	415507849	415509076	142.7
fiber	fiber_R12	7H	415651802	1.224	415608752	415609976	41.8
fiber	fiber_R05	4H	24707376	1.223	24828146	24829369	120.8
starch	starch_R04	6H	525776080	1.222	525485366	525486588	289.5
fiber	fiber_R10	5H	462564771	1.221	463159997	463161218	595.2
starch	starch_R02	3H	530660057	1.221	530656688	530657909	2.1
protein	3H:173351655	3H	173351655	1.221	172919573	172920794	430.9
protein	3H:198076308	3H	198076308	1.221	199099332	199100553	1023
starch	starch_R03	3H	546433616	1.22	546027795	546029015	404.6
starch	starch_R03	3H	546433616	1.22	546723449	546724669	289.8
betaglucan	betaglucan_R04	3H	537247620	1.216	537607770	537608986	360.1
fiber	fiber_R01	1H	330239605	1.214	330427668	330428882	188.1
starch	starch_R01	1H	330432546	1.214	330427668	330428882	3.7
protein	3H:173351655	3H	173351655	1.214	172433604	172434818	916.8
protein	3H:198076308	3H	198076308	1.214	199092793	199094007	1016.5
fiber	fiber_R05	4H	24707376	1.211	24288155	24289366	418
fiber	fiber_R12	7H	415651802	1.21	416018030	416019240	366.2
protein	protein_R01	3H	106623911	1.21	106715505	106716715	91.6
protein	3H:173351655	3H	173351655	1.21	172304643	172305853	1045.8
protein	3H:173351655	3H	173351655	1.21	173178709	173179919	171.7
fiber	fiber_R08	5H	377309369	1.207	378230433	378231640	921.1
betaglucan	betaglucan_R03	3H	475967335	1.206	475624239	475625445	341.9
fiber	fiber_R04	3H	543690146	1.204	544394113	544395317	704
protein	3H:173351655	3H	173351655	1.204	173107605	173108809	242.8
protein	3H:173351655	3H	173351655	1.204	173297310	173298514	53.1
protein	3H:173351655	3H	173351655	1.203	172355368	172356571	995.1
protein	3H:173351655	3H	173351655	1.202	172915506	172916708	434.9
betaglucan	betaglucan_R08	6H	475144663	1.201	474909168	474910369	234.3
fiber	fiber_R04	3H	543690146	1.201	544437537	544438738	747.4
protein	3H:173351655	3H	173351655	1.2	173349215	173350415	1.2
fiber	fiber_R04	3H	543690146	1.199	545166220	545167419	1476.1
protein	protein_R01	3H	106623911	1.199	107810820	107812019	1186.9
protein	3H:198076308	3H	198076308	1.198	198084470	198085668	8.2
betaglucan	betaglucan_R04	3H	537247620	1.197	537368262	537369459	120.6
protein	3H:173351655	3H	173351655	1.197	173109223	173110420	241.2
betaglucan	betaglucan_R03	3H	475967335	1.196	475976619	475977815	9.3
protein	3H:173351655	3H	173351655	1.196	172292968	172294164	1057.5
protein	3H:173351655	3H	173351655	1.196	172940602	172941798	409.9
fiber	fiber_R04	3H	543690146	1.195	544490667	544491862	800.5
starch	starch_R04	6H	525776080	1.193	525778473	525779666	2.4
protein	3H:173351655	3H	173351655	1.192	173015814	173017006	334.6
fiber	fiber_R01	1H	330239605	1.191	330431355	330432546	191.8
fiber	fiber_R04	3H	543690146	1.191	545640642	545641833	1950.5
starch	starch_R01	1H	330432546	1.191	330431355	330432546	0
protein	protein_R01	3H	106623911	1.189	105988577	105989766	634.1
fiber	fiber_R03	1H	440573355	1.188	441813811	441814999	1240.5
fiber	fiber_R04	3H	543690146	1.187	544920671	544921858	1230.5
protein	3H:173351655	3H	173351655	1.187	172988646	172989833	361.8
fiber	fiber_R04	3H	543690146	1.186	543738263	543739449	48.1
protein	3H:173351655	3H	173351655	1.185	172921807	172922992	428.7
protein	3H:173351655	3H	173351655	1.183	172653914	172655097	696.6
betaglucan	betaglucan_R03	3H	475967335	1.182	475792361	475793543	173.8
fiber	fiber_R12	7H	415651802	1.181	414876245	414877426	774.4
fiber	fiber_R04	3H	543690146	1.18	541937508	541938688	1751.5
protein	3H:198076308	3H	198076308	1.179	198273889	198275068	197.6
fiber	fiber_R04	3H	543690146	1.178	544973139	544974317	1283
fiber	fiber_R04	3H	543690146	1.178	545637511	545638689	1947.4
fiber	fiber_R10	5H	462564771	1.178	461849388	461850566	714.2
protein	3H:173351655	3H	173351655	1.178	172381507	172382685	969
protein	3H:173351655	3H	173351655	1.177	172353728	172354905	996.8
fiber	fiber_R03	1H	440573355	1.176	440676380	440677556	103
protein	3H:198076308	3H	198076308	1.176	197799594	197800770	275.5
protein	protein_R01	3H	106623911	1.175	107949804	107950979	1325.9
betaglucan	betaglucan_R04	3H	537247620	1.174	537953512	537954686	705.9
protein	3H:173351655	3H	173351655	1.172	173268075	173269247	82.4
betaglucan	betaglucan_R03	3H	475967335	1.171	475939753	475940924	26.4
protein	3H:173351655	3H	173351655	1.171	173150027	173151198	200.5
betaglucan	betaglucan_R03	3H	475967335	1.17	475850028	475851198	116.1
protein	3H:173351655	3H	173351655	1.17	172467827	172468997	882.7
protein	3H:198076308	3H	198076308	1.169	198033386	198034555	41.8
starch	starch_R04	6H	525776080	1.168	525903288	525904456	127.2
starch	starch_R03	3H	546433616	1.167	546432449	546433616	0
protein	3H:198076308	3H	198076308	1.167	197627996	197629163	447.1
starch	starch_R04	6H	525776080	1.166	525776717	525777883	0.6
protein	3H:173351655	3H	173351655	1.165	172358359	172359524	992.1
betaglucan	betaglucan_R03	3H	475967335	1.163	476065372	476066535	98
betaglucan	betaglucan_R03	3H	475967335	1.162	476066902	476068064	99.6
fiber	fiber_R04	3H	543690146	1.162	544267822	544268984	577.7
fiber	fiber_R04	3H	543690146	1.161	545281509	545282670	1591.4
protein	3H:198076308	3H	198076308	1.161	198132335	198133496	56
starch	starch_R03	3H	546433616	1.159	545953151	545954310	479.3
fiber	fiber_R12	7H	415651802	1.158	415904320	415905478	252.5
protein	3H:198076308	3H	198076308	1.158	198425838	198426996	349.5
fiber	fiber_R04	3H	543690146	1.157	545348845	545350002	1658.7
fiber	fiber_R10	5H	462564771	1.157	461790308	461791465	773.3
protein	protein_R01	3H	106623911	1.154	106619745	106620899	3
fiber	fiber_R04	3H	543690146	1.153	544787797	544788950	1097.7
starch	starch_R04	6H	525776080	1.152	525254798	525255950	520.1
fiber	fiber_R04	3H	543690146	1.151	545335429	545336580	1645.3
fiber	fiber_R04	3H	543690146	1.148	544779408	544780556	1089.3
fiber	fiber_R04	3H	543690146	1.148	545156096	545157244	1466
fiber	fiber_R10	5H	462564771	1.148	461716295	461717443	847.3
fiber	fiber_R12	7H	415651802	1.148	415539220	415540368	111.4
protein	3H:173351655	3H	173351655	1.148	173135860	173137008	214.6
starch	starch_R02	3H	530660057	1.147	530635919	530637066	23
protein	3H:173351655	3H	173351655	1.147	173169232	173170379	181.3
fiber	fiber_R05	4H	24707376	1.146	24830504	24831650	123.1
starch	starch_R05	7H	573606460	1.146	573606491	573607637	0
protein	3H:173351655	3H	173351655	1.144	172629064	172630208	721.4
protein	3H:173351655	3H	173351655	1.144	172934919	172936063	415.6
fiber	fiber_R04	3H	543690146	1.142	542316380	542317522	1372.6
starch	starch_R03	3H	546433616	1.142	545988401	545989543	444.1
betaglucan	betaglucan_R03	3H	475967335	1.141	475840860	475842001	125.3
fiber	fiber_R12	7H	415651802	1.141	415770425	415771566	118.6
fiber	fiber_R05	4H	24707376	1.14	24851961	24853101	144.6
fiber	fiber_R04	3H	543690146	1.137	544304665	544305802	614.5
protein	protein_R01	3H	106623911	1.136	107828140	107829276	1204.2
fiber	fiber_R04	3H	543690146	1.134	543872574	543873708	182.4
fiber	fiber_R04	3H	543690146	1.133	542391875	542393008	1297.1
fiber	fiber_R04	3H	543690146	1.133	544800094	544801227	1109.9
protein	3H:173351655	3H	173351655	1.133	172688989	172690122	661.5
protein	3H:198076308	3H	198076308	1.133	198488587	198489720	412.3
starch	starch_R03	3H	546433616	1.131	546366288	546367419	66.2
protein	protein_R01	3H	106623911	1.13	105972037	105973167	650.7
protein	3H:173351655	3H	173351655	1.128	173319110	173320238	31.4
protein	3H:173351655	3H	173351655	1.127	172770119	172771246	580.4
protein	3H:198076308	3H	198076308	1.127	197905274	197906401	169.9
fiber	fiber_R04	3H	543690146	1.125	545510330	545511455	1820.2
protein	protein_R01	3H	106623911	1.125	107296683	107297808	672.8
protein	3H:198076308	3H	198076308	1.125	197802312	197803437	272.9
protein	3H:173351655	3H	173351655	1.124	172727008	172728132	623.5
protein	3H:173351655	3H	173351655	1.124	172916708	172917832	433.8
protein	protein_R01	3H	106623911	1.123	107827017	107828140	1203.1
betaglucan	betaglucan_R03	3H	475967335	1.122	476095716	476096838	128.4
fiber	fiber_R04	3H	543690146	1.122	545087876	545088998	1397.7
fiber	fiber_R04	3H	543690146	1.12	544629556	544630676	939.4
fiber	fiber_R05	4H	24707376	1.12	24924701	24925821	217.3
fiber	fiber_R04	3H	543690146	1.119	545471008	545472127	1780.9
protein	3H:173351655	3H	173351655	1.118	172922992	172924110	427.5
fiber	fiber_R04	3H	543690146	1.117	544263518	544264635	573.4
fiber	fiber_R04	3H	543690146	1.117	545034100	545035217	1344
protein	3H:173351655	3H	173351655	1.117	172567577	172568694	783
protein	3H:173351655	3H	173351655	1.117	172725597	172726714	624.9
fiber	fiber_R10	5H	462564771	1.115	461848273	461849388	715.4
betaglucan	betaglucan_R06	4H	528254769	1.114	528304750	528305864	50
protein	protein_R01	3H	106623911	1.113	107803033	107804146	1179.1
starch	starch_R03	3H	546433616	1.112	545852570	545853682	579.9
protein	3H:173351655	3H	173351655	1.112	172472981	172474093	877.6
betaglucan	betaglucan_R03	3H	475967335	1.111	476068064	476069175	100.7
fiber	fiber_R04	3H	543690146	1.111	544452209	544453320	762.1
protein	protein_R01	3H	106623911	1.109	107418177	107419286	794.3
protein	3H:198076308	3H	198076308	1.108	199406618	199407726	1330.3
starch	starch_R03	3H	546433616	1.107	545980646	545981753	451.9
starch	starch_R04	6H	525776080	1.106	525457614	525458720	317.4
starch	starch_R03	3H	546433616	1.104	546663776	546664880	230.2
protein	3H:173351655	3H	173351655	1.104	172237300	172238404	1113.3
betaglucan	betaglucan_R03	3H	475967335	1.102	475826453	475827555	139.8
fiber	fiber_R05	4H	24707376	1.102	24823036	24824138	115.7
protein	3H:173351655	3H	173351655	1.101	172504715	172505816	845.8
fiber	fiber_R10	5H	462564771	1.099	461065066	461066165	1498.6
starch	starch_R04	6H	525776080	1.099	525455026	525456125	320
protein	3H:173351655	3H	173351655	1.099	172050813	172051912	1299.7
fiber	fiber_R04	3H	543690146	1.097	545241651	545242748	1551.5
betaglucan	betaglucan_R03	3H	475967335	1.096	475603932	475605028	362.3
protein	3H:198076308	3H	198076308	1.096	199105921	199107017	1029.6
fiber	fiber_R04	3H	543690146	1.095	544569437	544570532	879.3
starch	starch_R03	3H	546433616	1.095	545964870	545965965	467.7
betaglucan	betaglucan_R03	3H	475967335	1.093	475979523	475980616	12.2
fiber	fiber_R04	3H	543690146	1.093	543713554	543714647	23.4
fiber	fiber_R04	3H	543690146	1.092	544375649	544376741	685.5
protein	protein_R01	3H	106623911	1.092	106130525	106131617	492.3
protein	protein_R01	3H	106623911	1.088	106038623	106039711	584.2
fiber	fiber_R03	1H	440573355	1.086	440572258	440573344	0
betaglucan	betaglucan_R08	6H	475144663	1.085	474851858	474852943	291.7
protein	protein_R01	3H	106623911	1.085	108134384	108135469	1510.5
starch	starch_R03	3H	546433616	1.085	546541471	546542556	107.9
fiber	fiber_R04	3H	543690146	1.082	545067988	545069070	1377.8
starch	starch_R03	3H	546433616	1.082	546030338	546031420	402.2
protein	3H:173351655	3H	173351655	1.082	172692771	172693853	657.8
protein	3H:198076308	3H	198076308	1.082	197961341	197962423	113.9
protein	3H:173351655	3H	173351655	1.08	172841449	172842529	509.1
protein	3H:198076308	3H	198076308	1.079	197987722	197988801	87.5
protein	protein_R01	3H	106623911	1.078	106665803	106666881	41.9
fiber	fiber_R04	3H	543690146	1.077	544470125	544471202	780
fiber	fiber_R04	3H	543690146	1.076	543810079	543811155	119.9
betaglucan	betaglucan_R03	3H	475967335	1.075	476014064	476015139	46.7
protein	protein_R01	3H	106623911	1.074	106263913	106264987	358.9
betaglucan	betaglucan_R03	3H	475967335	1.073	475819562	475820635	146.7
betaglucan	betaglucan_R05	4H	34858354	1.072	34922173	34923245	63.8
fiber	fiber_R04	3H	543690146	1.072	544494737	544495809	804.6
protein	3H:173351655	3H	173351655	1.072	172691329	172692401	659.3
starch	starch_R03	3H	546433616	1.07	546034327	546035397	398.2
starch	starch_R03	3H	546433616	1.068	545965965	545967033	466.6
starch	starch_R03	3H	546433616	1.068	545967033	545968101	465.5
protein	3H:173351655	3H	173351655	1.067	173167574	173168641	183
starch	starch_R03	3H	546433616	1.066	546564056	546565122	130.4
fiber	fiber_R04	3H	543690146	1.065	544550903	544551968	860.8
protein	3H:198076308	3H	198076308	1.065	199091728	199092793	1015.4
starch	starch_R04	6H	525776080	1.063	525453276	525454339	321.7
protein	3H:173351655	3H	173351655	1.063	172594615	172595678	756
fiber	fiber_R05	4H	24707376	1.062	24721181	24722243	13.8
starch	starch_R03	3H	546433616	1.061	546072525	546073586	360
fiber	fiber_R05	4H	24707376	1.06	24770514	24771574	63.1
protein	protein_R01	3H	106623911	1.06	106016344	106017404	606.5
protein	3H:198076308	3H	198076308	1.06	198092543	198093603	16.2
fiber	fiber_R01	1H	330239605	1.059	330426609	330427668	187
fiber	fiber_R04	3H	543690146	1.059	544530218	544531277	840.1
starch	starch_R01	1H	330432546	1.059	330426609	330427668	4.9
protein	3H:173351655	3H	173351655	1.059	173154331	173155390	196.3
fiber	fiber_R04	3H	543690146	1.057	545159258	545160315	1469.1
protein	protein_R01	3H	106623911	1.056	105973167	105974223	649.7
protein	protein_R01	3H	106623911	1.056	107715564	107716620	1091.7
protein	3H:173351655	3H	173351655	1.054	172652791	172653845	697.8
protein	3H:173351655	3H	173351655	1.053	173213236	173214289	137.4
fiber	fiber_R04	3H	543690146	1.052	544330777	544331829	640.6
protein	3H:173351655	3H	173351655	1.052	172847444	172848496	503.2
protein	3H:173351655	3H	173351655	1.051	172756513	172757564	594.1
protein	3H:173351655	3H	173351655	1.05	172411089	172412139	939.5
protein	3H:173351655	3H	173351655	1.049	172732847	172733896	617.8
protein	protein_R01	3H	106623911	1.048	106015296	106016344	607.6
starch	starch_R04	6H	525776080	1.048	526292690	526293738	516.6
fiber	fiber_R01	1H	330239605	1.046	330416962	330418008	177.4
fiber	fiber_R10	5H	462564771	1.046	461954206	461955252	609.5
starch	starch_R01	1H	330432546	1.046	330416962	330418008	14.5
protein	3H:198076308	3H	198076308	1.046	198604103	198605149	527.8
protein	3H:173351655	3H	173351655	1.044	173332713	173333757	17.9
protein	3H:173351655	3H	173351655	1.042	172502977	172504019	847.6
betaglucan	betaglucan_R04	3H	537247620	1.041	537202334	537203375	44.2
protein	protein_R01	3H	106623911	1.041	106172456	106173497	450.4
protein	3H:173351655	3H	173351655	1.041	172533090	172534131	817.5
fiber	fiber_R10	5H	462564771	1.04	460904932	460905972	1658.8
starch	starch_R04	6H	525776080	1.04	525725367	525726407	49.7
fiber	fiber_R05	4H	24707376	1.039	24229668	24230707	476.7
starch	starch_R04	6H	525776080	1.039	526298391	526299430	522.3
starch	starch_R04	6H	525776080	1.039	526622020	526623059	845.9
protein	3H:198076308	3H	198076308	1.038	199438331	199439369	1362
fiber	fiber_R03	1H	440573355	1.037	440725832	440726869	152.5
protein	3H:173351655	3H	173351655	1.036	172384244	172385280	966.4
protein	3H:173351655	3H	173351655	1.036	172944074	172945110	406.5
betaglucan	betaglucan_R03	3H	475967335	1.035	475563372	475564407	402.9
fiber	fiber_R12	7H	415651802	1.035	415609976	415611011	40.8
fiber	fiber_R04	3H	543690146	1.034	544802129	544803163	1112
starch	starch_R04	6H	525776080	1.033	525833798	525834831	57.7
protein	3H:173351655	3H	173351655	1.033	172644118	172645151	706.5
protein	3H:173351655	3H	173351655	1.033	173200495	173201528	150.1
protein	3H:173351655	3H	173351655	1.031	172418040	172419071	932.6
betaglucan	betaglucan_R04	3H	537247620	1.027	537952485	537953512	704.9
fiber	fiber_R04	3H	543690146	1.027	544260720	544261747	570.6
fiber	fiber_R04	3H	543690146	1.027	544768151	544769178	1078
protein	3H:198076308	3H	198076308	1.026	197626970	197627996	448.3
fiber	fiber_R04	3H	543690146	1.025	544730486	544731511	1040.3
fiber	fiber_R04	3H	543690146	1.022	544581208	544582230	891.1
protein	protein_R01	3H	106623911	1.022	106883802	106884824	259.9
fiber	fiber_R04	3H	543690146	1.021	541919401	541920422	1769.7
fiber	fiber_R04	3H	543690146	1.021	544397511	544398532	707.4
fiber	fiber_R04	3H	543690146	1.018	545116843	545117861	1426.7
fiber	fiber_R10	5H	462564771	1.018	461930160	461931178	633.6
protein	protein_R01	3H	106623911	1.018	106473507	106474525	149.4
fiber	fiber_R04	3H	543690146	1.016	544035935	544036951	345.8
protein	protein_R01	3H	106623911	1.013	107093935	107094948	470
starch	starch_R03	3H	546433616	1.012	545926304	545927316	506.3
betaglucan	betaglucan_R03	3H	475967335	1.011	475848242	475849253	118.1
fiber	fiber_R12	7H	415651802	1.01	415886898	415887908	235.1
betaglucan	betaglucan_R04	3H	537247620	1.009	537703020	537704029	455.4
protein	protein_R01	3H	106623911	1.009	107642070	107643079	1018.2
protein	3H:173351655	3H	173351655	1.009	173205081	173206090	145.6
protein	3H:198076308	3H	198076308	1.008	197629357	197630365	445.9
fiber	fiber_R10	5H	462564771	1.006	461798237	461799243	765.5
protein	protein_R01	3H	106623911	1.005	105933381	105934386	689.5
starch	starch_R04	6H	525776080	1.005	526406826	526407831	630.7
fiber	fiber_R04	3H	543690146	1.004	544214875	544215879	524.7
betaglucan	betaglucan_R03	3H	475967335	1.003	475622614	475623617	343.7
betaglucan	betaglucan_R03	3H	475967335	1.003	476016689	476017692	49.4
fiber	fiber_R04	3H	543690146	1.003	543689118	543690121	0
protein	3H:198076308	3H	198076308	1.003	198040845	198041848	34.5
fiber	fiber_R04	3H	543690146	1.002	544521955	544522957	831.8
fiber	fiber_R03	1H	440573355	0.999	439784866	439785865	787.5
fiber	fiber_R04	3H	543690146	0.999	544750755	544751754	1060.6
protein	3H:198076308	3H	198076308	0.999	197747471	197748470	327.8
protein	protein_R01	3H	106623911	0.998	107311866	107312864	688
protein	3H:173351655	3H	173351655	0.998	172794531	172795529	556.1
protein	3H:173351655	3H	173351655	0.997	172531619	172532616	819
fiber	fiber_R03	1H	440573355	0.996	440202079	440203075	370.3
starch	starch_R04	6H	525776080	0.996	526330787	526331783	554.7
starch	starch_R02	3H	530660057	0.992	530617846	530618838	41.2
starch	starch_R04	6H	525776080	0.992	526142751	526143743	366.7
protein	3H:173351655	3H	173351655	0.992	173019667	173020659	331
protein	protein_R01	3H	106623911	0.991	105932390	105933381	690.5
protein	3H:198076308	3H	198076308	0.991	199448530	199449521	1372.2
fiber	fiber_R04	3H	543690146	0.989	544585193	544586182	895
fiber	fiber_R04	3H	543690146	0.989	544778419	544779408	1088.3
fiber	fiber_R04	3H	543690146	0.989	545635586	545636575	1945.4
starch	starch_R03	3H	546433616	0.989	546389545	546390534	43.1
protein	3H:173351655	3H	173351655	0.989	172560739	172561728	789.9
betaglucan	betaglucan_R08	6H	475144663	0.988	475275007	475275995	130.3
fiber	fiber_R04	3H	543690146	0.987	545644431	545645418	1954.3
protein	protein_R01	3H	106623911	0.987	106712015	106713002	88.1
fiber	fiber_R04	3H	543690146	0.986	544529227	544530213	839.1
protein	3H:173351655	3H	173351655	0.985	172559754	172560739	790.9
protein	3H:173351655	3H	173351655	0.984	173062509	173063493	288.2
fiber	fiber_R04	3H	543690146	0.983	544567506	544568489	877.4
fiber	fiber_R04	3H	543690146	0.983	544939523	544940506	1249.4
protein	3H:173351655	3H	173351655	0.982	172399631	172400613	951
starch	starch_R04	6H	525776080	0.98	525946463	525947443	170.4
betaglucan	betaglucan_R08	6H	475144663	0.979	475001034	475002013	142.7
starch	starch_R04	6H	525776080	0.979	525641203	525642182	133.9
protein	protein_R01	3H	106623911	0.977	107250686	107251663	626.8
fiber	fiber_R04	3H	543690146	0.976	544749578	544750554	1059.4
fiber	fiber_R05	4H	24707376	0.976	24769538	24770514	62.2
protein	protein_R01	3H	106623911	0.976	107956826	107957802	1332.9
fiber	fiber_R05	4H	24707376	0.973	24414294	24415267	292.1
protein	3H:173351655	3H	173351655	0.973	172486414	172487387	864.3
fiber	fiber_R04	3H	543690146	0.971	545205425	545206396	1515.3
fiber	fiber_R14	7H	586569512	0.971	586668438	586669409	98.9
protein	3H:173351655	3H	173351655	0.971	172550286	172551257	800.4
fiber	fiber_R04	3H	543690146	0.968	543579837	543580805	109.3
betaglucan	betaglucan_R03	3H	475967335	0.967	475765293	475766260	201.1
fiber	fiber_R10	5H	462564771	0.967	462574370	462575337	9.6
protein	3H:173351655	3H	173351655	0.967	173036820	173037787	313.9
fiber	fiber_R05	4H	24707376	0.966	24256178	24257144	450.2
protein	protein_R01	3H	106623911	0.966	106193945	106194911	429
fiber	fiber_R04	3H	543690146	0.965	544337662	544338627	647.5
protein	3H:173351655	3H	173351655	0.964	172279297	172280261	1071.4
betaglucan	betaglucan_R03	3H	475967335	0.963	475831858	475832821	134.5
fiber	fiber_R05	4H	24707376	0.962	24200607	24201569	505.8
betaglucan	betaglucan_R04	3H	537247620	0.96	537934332	537935292	686.7
starch	starch_R03	3H	546433616	0.96	545916282	545917242	516.4
protein	3H:173351655	3H	173351655	0.96	173248270	173249230	102.4
protein	3H:173351655	3H	173351655	0.957	172842529	172843486	508.2
fiber	fiber_R06	4H	470989624	0.956	470192341	470193297	796.3
starch	starch_R03	3H	546433616	0.956	545769837	545770793	662.8
protein	3H:198076308	3H	198076308	0.956	198061850	198062806	13.5
protein	3H:173351655	3H	173351655	0.955	172118408	172119363	1232.3
fiber	fiber_R04	3H	543690146	0.951	545053367	545054318	1363.2
starch	starch_R04	6H	525776080	0.951	526482505	526483456	706.4
fiber	fiber_R04	3H	543690146	0.95	544882259	544883209	1192.1
protein	3H:198076308	3H	198076308	0.949	198879678	198880627	803.4
betaglucan	betaglucan_R03	3H	475967335	0.948	475621666	475622614	344.7
fiber	fiber_R04	3H	543690146	0.948	543760319	543761267	70.2
fiber	fiber_R12	7H	415651802	0.947	415505660	415506607	145.2
betaglucan	betaglucan_R04	3H	537247620	0.945	537301558	537302503	53.9
protein	3H:198076308	3H	198076308	0.944	197930485	197931429	144.9
starch	starch_R04	6H	525776080	0.942	526504912	526505854	728.8
fiber	fiber_R04	3H	543690146	0.941	544770637	544771578	1080.5
protein	protein_R01	3H	106623911	0.941	108212203	108213144	1588.3
starch	starch_R03	3H	546433616	0.939	546097048	546097987	335.6
protein	3H:173351655	3H	173351655	0.939	172147687	172148626	1203
fiber	fiber_R05	4H	24707376	0.937	24856069	24857006	148.7
protein	3H:173351655	3H	173351655	0.937	173249230	173250167	101.5
protein	3H:173351655	3H	173351655	0.935	172347144	172348079	1003.6
fiber	fiber_R04	3H	543690146	0.934	545032359	545033293	1342.2
starch	starch_R03	3H	546433616	0.933	546102957	546103890	329.7
protein	3H:173351655	3H	173351655	0.931	173122484	173123415	228.2
fiber	fiber_R04	3H	543690146	0.93	545036299	545037229	1346.2
protein	3H:173351655	3H	173351655	0.93	172121144	172122074	1229.6
protein	3H:173351655	3H	173351655	0.93	172421507	172422437	929.2
fiber	fiber_R03	1H	440573355	0.928	440903906	440904834	330.6
fiber	fiber_R03	1H	440573355	0.928	441916327	441917255	1343
fiber	fiber_R04	3H	543690146	0.926	544231196	544232122	541
starch	starch_R03	3H	546433616	0.923	545928236	545929159	504.5
protein	3H:173351655	3H	173351655	0.921	172965814	172966735	384.9
fiber	fiber_R04	3H	543690146	0.92	543871124	543872044	181
protein	3H:173351655	3H	173351655	0.92	173265518	173266438	85.2
fiber	fiber_R04	3H	543690146	0.919	545438348	545439267	1748.2
betaglucan	betaglucan_R03	3H	475967335	0.918	475803677	475804595	162.7
betaglucan	betaglucan_R03	3H	475967335	0.917	475763570	475764487	202.8
fiber	fiber_R04	3H	543690146	0.917	541924299	541925216	1764.9
fiber	fiber_R04	3H	543690146	0.916	544478806	544479722	788.7
fiber	fiber_R04	3H	543690146	0.916	545358368	545359284	1668.2
protein	protein_R01	3H	106623911	0.916	107035683	107036599	411.8
protein	3H:173351655	3H	173351655	0.916	172950548	172951464	400.2
betaglucan	betaglucan_R10	6H	545947347	0.915	545498747	545499662	447.7
fiber	fiber_R04	3H	543690146	0.915	544884087	544885002	1193.9
protein	3H:173351655	3H	173351655	0.915	172771246	172772161	579.5
starch	starch_R04	6H	525776080	0.914	526403362	526404276	627.3
protein	3H:198076308	3H	198076308	0.911	198503417	198504328	427.1
fiber	fiber_R04	3H	543690146	0.91	544839806	544840716	1149.7
fiber	fiber_R04	3H	543690146	0.91	545395309	545396219	1705.2
fiber	fiber_R04	3H	543690146	0.91	545473310	545474220	1783.2
protein	3H:173351655	3H	173351655	0.91	172573895	172574805	776.9
protein	3H:173351655	3H	173351655	0.909	172364215	172365124	986.5
protein	3H:198076308	3H	198076308	0.909	199301140	199302049	1224.8
fiber	fiber_R04	3H	543690146	0.908	542369908	542370816	1319.3
starch	starch_R03	3H	546433616	0.907	545896397	545897304	536.3
protein	3H:198076308	3H	198076308	0.907	199206216	199207123	1129.9
betaglucan	betaglucan_R02	2H	41996626	0.906	41163572	41164478	832.1
betaglucan	betaglucan_R03	3H	475967335	0.905	475797789	475798694	168.6
fiber	fiber_R04	3H	543690146	0.905	545019358	545020263	1329.2
protein	3H:173351655	3H	173351655	0.905	172315945	172316850	1034.8
protein	3H:173351655	3H	173351655	0.905	172440568	172441473	910.2
starch	starch_R03	3H	546433616	0.904	545753393	545754297	679.3
protein	3H:173351655	3H	173351655	0.904	172558178	172559082	792.6
fiber	fiber_R05	4H	24707376	0.903	24870967	24871870	163.6
protein	3H:173351655	3H	173351655	0.903	172449943	172450846	900.8
protein	3H:173351655	3H	173351655	0.902	172314318	172315220	1036.4
protein	3H:173351655	3H	173351655	0.902	172431319	172432221	919.4
protein	3H:173351655	3H	173351655	0.902	173022216	173023118	328.5
fiber	fiber_R04	3H	543690146	0.901	545436087	545436988	1745.9
starch	starch_R03	3H	546433616	0.901	545869286	545870187	563.4
betaglucan	betaglucan_R04	3H	537247620	0.9	537935342	537936242	687.7
fiber	fiber_R04	3H	543690146	0.9	545025437	545026337	1335.3
protein	3H:173351655	3H	173351655	0.9	172987746	172988646	363
betaglucan	betaglucan_R03	3H	475967335	0.899	475847011	475847910	119.4
betaglucan	betaglucan_R03	3H	475967335	0.899	476041743	476042642	74.4
protein	3H:173351655	3H	173351655	0.899	172471012	172471911	879.7
protein	3H:173351655	3H	173351655	0.899	173368646	173369545	17
fiber	fiber_R10	5H	462564771	0.898	460997702	460998600	1566.2
betaglucan	betaglucan_R03	3H	475967335	0.897	476021444	476022341	54.1
protein	3H:173351655	3H	173351655	0.897	172479857	172480754	870.9
protein	3H:173351655	3H	173351655	0.897	173084272	173085169	266.5
fiber	fiber_R04	3H	543690146	0.896	545155200	545156096	1465.1
protein	3H:173351655	3H	173351655	0.894	172981998	172982892	368.8
starch	starch_R04	6H	525776080	0.892	526459966	526460858	683.9
fiber	fiber_R04	3H	543690146	0.891	541910108	541910999	1779.1
starch	starch_R04	6H	525776080	0.891	525423890	525424781	351.3
protein	3H:173351655	3H	173351655	0.891	173194044	173194935	156.7
fiber	fiber_R04	3H	543690146	0.889	542025711	542026600	1663.5
protein	3H:173351655	3H	173351655	0.889	173225006	173225895	125.8
betaglucan	betaglucan_R06	4H	528254769	0.888	528218463	528219351	35.4
fiber	fiber_R10	5H	462564771	0.888	460781819	460782707	1782.1
protein	3H:173351655	3H	173351655	0.887	172563724	172564611	787
protein	3H:173351655	3H	173351655	0.887	173323463	173324350	27.3
betaglucan	betaglucan_R03	3H	475967335	0.886	475667188	475668074	299.3
starch	starch_R04	6H	525776080	0.886	525832027	525832913	55.9
protein	3H:173351655	3H	173351655	0.884	173241399	173242283	109.4
starch	starch_R04	6H	525776080	0.882	525729183	525730065	46
betaglucan	betaglucan_R03	3H	475967335	0.881	475571271	475572152	395.2
fiber	fiber_R04	3H	543690146	0.88	544049204	544050084	359.1
fiber	fiber_R04	3H	543690146	0.879	544767272	544768151	1077.1
protein	3H:173351655	3H	173351655	0.877	172937377	172938254	413.4
protein	3H:198076308	3H	198076308	0.877	199489622	199490499	1413.3
starch	starch_R04	6H	525776080	0.876	526299430	526300306	523.4
fiber	fiber_R04	3H	543690146	0.875	543690780	543691655	0.6
protein	3H:198076308	3H	198076308	0.875	199458858	199459733	1382.6
protein	3H:173351655	3H	173351655	0.874	173310424	173311298	40.4
protein	3H:173351655	3H	173351655	0.873	172579710	172580583	771.1
protein	protein_R01	3H	106623911	0.872	106052344	106053216	570.7
protein	protein_R01	3H	106623911	0.87	106039711	106040581	583.3
fiber	fiber_R04	3H	543690146	0.868	544084309	544085177	394.2
protein	protein_R01	3H	106623911	0.868	106574048	106574916	49
fiber	fiber_R04	3H	543690146	0.866	543635563	543636429	53.7
protein	protein_R01	3H	106623911	0.866	107349087	107349953	725.2
protein	3H:173351655	3H	173351655	0.866	172857833	172858699	493
fiber	fiber_R04	3H	543690146	0.865	544812441	544813306	1122.3
betaglucan	betaglucan_R03	3H	475967335	0.864	475833460	475834324	133
starch	starch_R04	6H	525776080	0.862	525387733	525388595	387.5
protein	3H:173351655	3H	173351655	0.862	173214289	173215151	136.5
betaglucan	betaglucan_R02	2H	41996626	0.861	41183221	41184082	812.5
betaglucan	betaglucan_R03	3H	475967335	0.861	475669080	475669941	297.4
fiber	fiber_R04	3H	543690146	0.861	544380930	544381791	690.8
protein	3H:198076308	3H	198076308	0.86	198495735	198496595	419.4
betaglucan	betaglucan_R04	3H	537247620	0.859	537271930	537272789	24.3
protein	3H:173351655	3H	173351655	0.859	173193037	173193896	157.8
protein	3H:198076308	3H	198076308	0.859	198502558	198503417	426.2
starch	starch_R02	3H	530660057	0.858	530706079	530706937	46
starch	starch_R03	3H	546433616	0.858	546100817	546101675	331.9
protein	3H:173351655	3H	173351655	0.858	172566719	172567577	784.1
protein	3H:173351655	3H	173351655	0.858	172627492	172628350	723.3
protein	3H:198076308	3H	198076308	0.857	199067783	199068640	991.5
fiber	fiber_R03	1H	440573355	0.855	440686292	440687147	112.9
fiber	fiber_R04	3H	543690146	0.854	544233479	544234333	543.3
fiber	fiber_R04	3H	543690146	0.854	544557904	544558758	867.8
protein	3H:173351655	3H	173351655	0.854	172451809	172452663	899
fiber	fiber_R05	4H	24707376	0.853	24833737	24834590	126.4
protein	3H:173351655	3H	173351655	0.852	173358623	173359475	7
fiber	fiber_R12	7H	415651802	0.851	415544720	415545571	106.2
protein	3H:173351655	3H	173351655	0.851	172593764	172594615	757
protein	protein_R01	3H	106623911	0.85	105902083	105902933	721
protein	protein_R01	3H	106623911	0.85	107260154	107261004	636.2
fiber	fiber_R04	3H	543690146	0.849	545183739	545184588	1493.6
betaglucan	betaglucan_R03	3H	475967335	0.848	475561224	475562072	405.3
protein	3H:173351655	3H	173351655	0.847	172552950	172553797	797.9
protein	3H:198076308	3H	198076308	0.847	198039998	198040845	35.5
protein	3H:173351655	3H	173351655	0.845	172291048	172291893	1059.8
protein	3H:173351655	3H	173351655	0.845	173157804	173158649	193
starch	starch_R04	6H	525776080	0.844	525904456	525905300	128.4
protein	3H:173351655	3H	173351655	0.844	172883122	172883966	467.7
betaglucan	betaglucan_R04	3H	537247620	0.843	539020771	539021614	1773.2
fiber	fiber_R04	3H	543690146	0.843	543761997	543762840	71.9
fiber	fiber_R04	3H	543690146	0.843	544572566	544573409	882.4
fiber	fiber_R04	3H	543690146	0.843	545192023	545192866	1501.9
betaglucan	betaglucan_R03	3H	475967335	0.841	475618412	475619253	348.1
protein	3H:173351655	3H	173351655	0.841	173111483	173112324	239.3
fiber	fiber_R04	3H	543690146	0.84	544379597	544380437	689.5
fiber	fiber_R04	3H	543690146	0.84	544816657	544817497	1126.5
protein	protein_R01	3H	106623911	0.84	107794072	107794912	1170.2
starch	starch_R03	3H	546433616	0.84	546032693	546033533	400.1
fiber	fiber_R04	3H	543690146	0.839	544436339	544437178	746.2
protein	protein_R01	3H	106623911	0.839	106026360	106027199	596.7
starch	starch_R04	6H	525776080	0.838	526326915	526327753	550.8
protein	3H:173351655	3H	173351655	0.838	173027616	173028454	323.2
fiber	fiber_R12	7H	415651802	0.837	415518154	415518991	132.8
betaglucan	betaglucan_R03	3H	475967335	0.836	475865523	475866359	101
protein	3H:173351655	3H	173351655	0.836	172881934	172882770	468.9
fiber	fiber_R10	5H	462564771	0.832	461931178	461932010	632.8
protein	3H:198076308	3H	198076308	0.832	199450815	199451647	1374.5
betaglucan	betaglucan_R03	3H	475967335	0.831	475798896	475799727	167.6
betaglucan	betaglucan_R04	3H	537247620	0.831	537272789	537273620	25.2
fiber	fiber_R04	3H	543690146	0.83	544471560	544472390	781.4
protein	3H:173351655	3H	173351655	0.83	172690499	172691329	660.3
fiber	fiber_R04	3H	543690146	0.829	544034763	544035592	344.6
starch	starch_R03	3H	546433616	0.828	546108918	546109746	323.9
fiber	fiber_R04	3H	543690146	0.827	545072300	545073127	1382.2
fiber	fiber_R04	3H	543690146	0.827	545279578	545280405	1589.4
protein	3H:173351655	3H	173351655	0.827	172380153	172380980	970.7
protein	3H:173351655	3H	173351655	0.827	172840622	172841449	510.2
protein	protein_R01	3H	106623911	0.826	107716620	107717446	1092.7
protein	3H:173351655	3H	173351655	0.826	172568694	172569520	782.1
protein	3H:173351655	3H	173351655	0.826	172643292	172644118	707.5
protein	3H:198076308	3H	198076308	0.826	198399777	198400603	323.5
fiber	fiber_R04	3H	543690146	0.825	544938341	544939166	1248.2
starch	starch_R03	3H	546433616	0.825	546025090	546025915	407.7
protein	protein_R01	3H	106623911	0.823	106146986	106147809	476.1
starch	starch_R04	6H	525776080	0.823	526407960	526408783	631.9
fiber	fiber_R03	1H	440573355	0.822	439776378	439777200	796.2
fiber	fiber_R04	3H	543690146	0.821	545167419	545168240	1477.3
fiber	fiber_R05	4H	24707376	0.821	24795879	24796700	88.5
protein	protein_R01	3H	106623911	0.821	107659386	107660207	1035.5
protein	3H:173351655	3H	173351655	0.821	172857012	172857833	493.8
protein	3H:198076308	3H	198076308	0.821	199407726	199408547	1331.4
betaglucan	betaglucan_R08	6H	475144663	0.82	475159952	475160772	15.3
betaglucan	betaglucan_R03	3H	475967335	0.819	475752400	475753219	214.1
betaglucan	betaglucan_R03	3H	475967335	0.819	475757788	475758607	208.7
fiber	fiber_R04	3H	543690146	0.819	545161858	545162677	1471.7
starch	starch_R03	3H	546433616	0.819	545957109	545957928	475.7
starch	starch_R03	3H	546433616	0.818	546038175	546038993	394.6
starch	starch_R04	6H	525776080	0.818	526484319	526485137	708.2
protein	3H:173351655	3H	173351655	0.818	172281183	172282001	1069.7
betaglucan	betaglucan_R02	2H	41996626	0.817	41421747	41422564	574.1
fiber	fiber_R04	3H	543690146	0.817	544808929	544809746	1118.8
protein	3H:173351655	3H	173351655	0.817	172396439	172397256	954.4
fiber	fiber_R04	3H	543690146	0.816	544809945	544810761	1119.8
protein	protein_R01	3H	106623911	0.816	108072803	108073619	1448.9
protein	3H:173351655	3H	173351655	0.815	173353319	173354134	1.7
starch	starch_R03	3H	546433616	0.813	545989938	545990751	442.9
protein	3H:173351655	3H	173351655	0.813	172722334	172723147	628.5
fiber	fiber_R04	3H	543690146	0.812	544763518	544764330	1073.4
protein	3H:198076308	3H	198076308	0.812	198013360	198014172	62.1
protein	3H:173351655	3H	173351655	0.811	173045723	173046534	305.1
protein	protein_R01	3H	106623911	0.81	108245902	108246712	1622
betaglucan	betaglucan_R08	6H	475144663	0.809	475167135	475167944	22.5
betaglucan	betaglucan_R08	6H	475144663	0.808	475117568	475118376	26.3
fiber	fiber_R04	3H	543690146	0.808	541923491	541924299	1765.8
fiber	fiber_R04	3H	543690146	0.808	544371212	544372020	681.1
fiber	fiber_R03	1H	440573355	0.807	440730273	440731080	156.9
starch	starch_R04	6H	525776080	0.806	525832992	525833798	56.9
fiber	fiber_R10	5H	462564771	0.804	461864175	461864979	699.8
starch	starch_R04	6H	525776080	0.803	525244220	525245023	531.1
protein	3H:173351655	3H	173351655	0.803	173112339	173113142	238.5
protein	protein_R01	3H	106623911	0.802	106078204	106079006	544.9
fiber	fiber_R10	5H	462564771	0.8	461538047	461538847	1025.9
starch	starch_R03	3H	546433616	0.799	546102158	546102957	330.7
betaglucan	betaglucan_R04	3H	537247620	0.798	537277159	537277957	29.5
protein	3H:173351655	3H	173351655	0.798	173013477	173014275	337.4
protein	3H:173351655	3H	173351655	0.797	172695713	172696510	655.1
protein	3H:173351655	3H	173351655	0.797	173277640	173278437	73.2
fiber	fiber_R05	4H	24707376	0.796	23987296	23988092	719.3
protein	protein_R01	3H	106623911	0.796	107050450	107051246	426.5
starch	starch_R03	3H	546433616	0.796	545873640	545874436	559.2
protein	3H:173351655	3H	173351655	0.796	172880038	172880834	470.8
betaglucan	betaglucan_R03	3H	475967335	0.795	475666214	475667009	300.3
protein	protein_R01	3H	106623911	0.795	107864957	107865752	1241
fiber	fiber_R04	3H	543690146	0.794	544234333	544235127	544.2
fiber	fiber_R04	3H	543690146	0.794	544531314	544532108	841.2
fiber	fiber_R04	3H	543690146	0.792	544334038	544334830	643.9
protein	protein_R01	3H	106623911	0.792	105882031	105882823	741.1
betaglucan	betaglucan_R03	3H	475967335	0.791	475843373	475844164	123.2
protein	3H:173351655	3H	173351655	0.791	173120711	173121502	230.2
fiber	fiber_R03	1H	440573355	0.79	440001396	440002186	571.2
protein	3H:173351655	3H	173351655	0.79	173163218	173164008	187.6
betaglucan	betaglucan_R03	3H	475967335	0.789	475844164	475844953	122.4
starch	starch_R04	6H	525776080	0.789	526910241	526911030	1134.2
protein	3H:173351655	3H	173351655	0.789	172397256	172398045	953.6
betaglucan	betaglucan_R03	3H	475967335	0.788	475684639	475685427	281.9
betaglucan	betaglucan_R03	3H	475967335	0.787	475600950	475601737	365.6
fiber	fiber_R04	3H	543690146	0.787	545052046	545052833	1361.9
protein	3H:173351655	3H	173351655	0.787	172604947	172605734	745.9
fiber	fiber_R04	3H	543690146	0.785	545254586	545255371	1564.4
fiber	fiber_R12	7H	415651802	0.785	415827884	415828669	176.1
protein	protein_R01	3H	106623911	0.785	107645340	107646125	1021.4
protein	3H:173351655	3H	173351655	0.785	173240376	173241161	110.5
fiber	fiber_R04	3H	543690146	0.784	545634802	545635586	1944.7
betaglucan	betaglucan_R03	3H	475967335	0.783	475804595	475805378	162
fiber	fiber_R05	4H	24707376	0.783	24706289	24707072	0.3
protein	protein_R01	3H	106623911	0.783	106249307	106250090	373.8
betaglucan	betaglucan_R04	3H	537247620	0.782	537342456	537343238	94.8
betaglucan	betaglucan_R03	3H	475967335	0.781	475944795	475945576	21.8
fiber	fiber_R04	3H	543690146	0.78	544739153	544739933	1049
fiber	fiber_R04	3H	543690146	0.778	545031265	545032043	1341.1
fiber	fiber_R04	3H	543690146	0.778	545153555	545154333	1463.4
fiber	fiber_R12	7H	415651802	0.778	415826525	415827303	174.7
starch	starch_R04	6H	525776080	0.778	526297613	526298391	521.5
protein	3H:173351655	3H	173351655	0.777	173245667	173246444	105.2
fiber	fiber_R04	3H	543690146	0.776	544266994	544267770	576.8
protein	3H:173351655	3H	173351655	0.775	172526376	172527151	824.5
starch	starch_R04	6H	525776080	0.773	525408953	525409726	366.4
protein	3H:173351655	3H	173351655	0.773	172452663	172453436	898.2
protein	3H:173351655	3H	173351655	0.773	172609039	172609812	741.8
fiber	fiber_R04	3H	543690146	0.772	544838456	544839228	1148.3
protein	3H:173351655	3H	173351655	0.772	173177937	173178709	172.9
protein	protein_R01	3H	106623911	0.771	107667735	107668506	1043.8
protein	3H:173351655	3H	173351655	0.77	173043605	173044375	307.3
protein	3H:173351655	3H	173351655	0.768	172306616	172307384	1044.3
fiber	fiber_R12	7H	415651802	0.766	415864278	415865044	212.5
protein	3H:173351655	3H	173351655	0.765	173283713	173284478	67.2
fiber	fiber_R03	1H	440573355	0.764	439790864	439791628	781.7
starch	starch_R03	3H	546433616	0.764	546017118	546017882	415.7
protein	3H:173351655	3H	173351655	0.764	172540964	172541728	809.9
fiber	fiber_R04	3H	543690146	0.763	544378376	544379139	688.2
protein	3H:173351655	3H	173351655	0.763	172305853	172306616	1045
fiber	fiber_R03	1H	440573355	0.761	441228376	441229137	655
protein	3H:198076308	3H	198076308	0.761	198863471	198864232	787.2
starch	starch_R04	6H	525776080	0.76	525818337	525819097	42.3
betaglucan	betaglucan_R03	3H	475967335	0.759	475891684	475892443	74.9
fiber	fiber_R04	3H	543690146	0.759	545152317	545153076	1462.2
starch	starch_R04	6H	525776080	0.759	526330028	526330787	553.9
protein	3H:173351655	3H	173351655	0.759	173278984	173279743	71.9
fiber	fiber_R04	3H	543690146	0.757	544477471	544478228	787.3
fiber	fiber_R12	7H	415651802	0.757	415507092	415507849	144
protein	protein_R01	3H	106623911	0.757	106549832	106550589	73.3
betaglucan	betaglucan_R03	3H	475967335	0.756	476093023	476093779	125.7
starch	starch_R04	6H	525776080	0.756	526440367	526441123	664.3
fiber	fiber_R04	3H	543690146	0.755	541965833	541966588	1723.6
fiber	fiber_R04	3H	543690146	0.755	543870269	543871024	180.1
starch	starch_R04	6H	525776080	0.754	526263196	526263950	487.1
betaglucan	betaglucan_R03	3H	475967335	0.752	475837968	475838720	128.6
betaglucan	betaglucan_R03	3H	475967335	0.752	476010155	476010907	42.8
starch	starch_R02	3H	530660057	0.752	530630018	530630770	29.3
protein	3H:173351655	3H	173351655	0.752	172556036	172556788	794.9
protein	3H:198076308	3H	198076308	0.752	198504335	198505087	428
betaglucan	betaglucan_R03	3H	475967335	0.75	475654115	475654865	312.5
protein	protein_R01	3H	106623911	0.75	107795619	107796369	1171.7
starch	starch_R04	6H	525776080	0.75	526387831	526388581	611.8
protein	3H:173351655	3H	173351655	0.75	172382955	172383705	968
protein	3H:198076308	3H	198076308	0.75	198819246	198819996	742.9
fiber	fiber_R05	4H	24707376	0.749	24719916	24720665	12.5
protein	protein_R01	3H	106623911	0.749	106622728	106623477	0.4
protein	3H:173351655	3H	173351655	0.749	173314012	173314761	36.9
fiber	fiber_R04	3H	543690146	0.748	545131038	545131786	1440.9
fiber	fiber_R04	3H	543690146	0.748	545636575	545637323	1946.4
protein	protein_R01	3H	106623911	0.748	106211653	106212401	411.5
betaglucan	betaglucan_R03	3H	475967335	0.746	475834324	475835070	132.3
protein	3H:173351655	3H	173351655	0.745	172417295	172418040	933.6
fiber	fiber_R04	3H	543690146	0.744	544031649	544032393	341.5
protein	3H:198076308	3H	198076308	0.744	197730584	197731328	345
betaglucan	betaglucan_R03	3H	475967335	0.743	475767680	475768423	198.9
starch	starch_R04	6H	525776080	0.743	526273541	526274284	497.5
fiber	fiber_R04	3H	543690146	0.742	545004990	545005732	1314.8
betaglucan	betaglucan_R03	3H	475967335	0.74	475795860	475796600	170.7
fiber	fiber_R10	5H	462564771	0.74	462577292	462578032	12.5
fiber	fiber_R04	3H	543690146	0.738	545024699	545025437	1334.6
fiber	fiber_R05	4H	24707376	0.737	23998763	23999500	707.9
fiber	fiber_R04	3H	543690146	0.735	543811155	543811890	121
starch	starch_R03	3H	546433616	0.735	546453547	546454282	19.9
betaglucan	betaglucan_R03	3H	475967335	0.732	475870927	475871659	95.7
fiber	fiber_R04	3H	543690146	0.73	543761267	543761997	71.1
betaglucan	betaglucan_R09	6H	477651616	0.729	477651616	477652345	0
protein	protein_R01	3H	106623911	0.727	107280206	107280933	656.3
starch	starch_R03	3H	546433616	0.727	545977734	545978461	455.2
protein	3H:173351655	3H	173351655	0.727	172609812	172610539	741.1
fiber	fiber_R04	3H	543690146	0.726	544395317	544396043	705.2
starch	starch_R03	3H	546433616	0.726	545925578	545926304	507.3
protein	3H:198076308	3H	198076308	0.726	197828604	197829330	247
fiber	fiber_R04	3H	543690146	0.725	544772333	544773058	1082.2
protein	protein_R01	3H	106623911	0.724	108062129	108062853	1438.2
protein	3H:173351655	3H	173351655	0.723	172023109	172023832	1327.8
fiber	fiber_R04	3H	543690146	0.72	545472590	545473310	1782.4
starch	starch_R03	3H	546433616	0.72	545957928	545958648	475
starch	starch_R04	6H	525776080	0.72	526272311	526273031	496.2
protein	protein_R01	3H	106623911	0.719	106630884	106631603	7
starch	starch_R04	6H	525776080	0.719	526386936	526387655	610.9
protein	3H:173351655	3H	173351655	0.719	172746859	172747578	604.1
fiber	fiber_R04	3H	543690146	0.718	544491862	544492580	801.7
fiber	fiber_R04	3H	543690146	0.718	544807832	544808550	1117.7
fiber	fiber_R12	7H	415651802	0.718	415968038	415968756	316.2
protein	3H:198076308	3H	198076308	0.718	199039281	199039999	963
betaglucan	betaglucan_R03	3H	475967335	0.716	475825737	475826453	140.9
fiber	fiber_R04	3H	543690146	0.716	545184588	545185304	1494.4
starch	starch_R03	3H	546433616	0.716	546041184	546041900	391.7
protein	3H:173351655	3H	173351655	0.716	172793790	172794506	557.1
betaglucan	betaglucan_R03	3H	475967335	0.715	475682904	475683619	283.7
fiber	fiber_R04	3H	543690146	0.715	544309371	544310086	619.2
fiber	fiber_R04	3H	543690146	0.715	545187972	545188687	1497.8
starch	starch_R04	6H	525776080	0.715	526391841	526392556	615.8
protein	3H:173351655	3H	173351655	0.715	173106890	173107605	244.1
fiber	fiber_R04	3H	543690146	0.714	544837662	544838376	1147.5
fiber	fiber_R04	3H	543690146	0.713	544372020	544372733	681.9
starch	starch_R04	6H	525776080	0.713	525321320	525322033	454
protein	protein_R01	3H	106623911	0.712	106800573	106801285	176.7
protein	3H:173351655	3H	173351655	0.712	173180132	173180844	170.8
fiber	fiber_R04	3H	543690146	0.711	544769578	544770289	1079.4
fiber	fiber_R04	3H	543690146	0.71	544538680	544539390	848.5
protein	3H:173351655	3H	173351655	0.71	172543172	172543882	807.8
protein	3H:173351655	3H	173351655	0.71	172845588	172846298	505.4
fiber	fiber_R10	5H	462564771	0.709	460982338	460983047	1581.7
protein	3H:173351655	3H	173351655	0.709	172646002	172646711	704.9
fiber	fiber_R05	4H	24707376	0.707	24583991	24584698	122.7
protein	protein_R01	3H	106623911	0.707	107794912	107795619	1171
betaglucan	betaglucan_R03	3H	475967335	0.705	475845940	475846645	120.7
fiber	fiber_R04	3H	543690146	0.705	544377671	544378376	687.5
protein	3H:173351655	3H	173351655	0.704	173121780	173122484	229.2
protein	3H:173351655	3H	173351655	0.703	172795914	172796617	555
protein	3H:198076308	3H	198076308	0.703	198071926	198072629	3.7
betaglucan	betaglucan_R03	3H	475967335	0.702	475770706	475771408	195.9
protein	3H:173351655	3H	173351655	0.702	172945110	172945812	405.8
fiber	fiber_R04	3H	543690146	0.701	544329614	544330315	639.5
protein	3H:198076308	3H	198076308	0.7	199291526	199292226	1215.2
betaglucan	betaglucan_R03	3H	475967335	0.699	475849329	475850028	117.3
fiber	fiber_R04	3H	543690146	0.699	545645422	545646121	1955.3
protein	protein_R01	3H	106623911	0.699	106014179	106014878	609
protein	3H:173351655	3H	173351655	0.699	172569849	172570548	781.1
protein	3H:198076308	3H	198076308	0.698	199207123	199207821	1130.8
betaglucan	betaglucan_R03	3H	475967335	0.697	476059396	476060093	92.1
betaglucan	betaglucan_R03	3H	475967335	0.696	475802958	475803654	163.7
protein	protein_R01	3H	106623911	0.696	108379695	108380391	1755.8
protein	3H:173351655	3H	173351655	0.696	172504019	172504715	846.9
protein	3H:198076308	3H	198076308	0.695	199290715	199291410	1214.4
starch	starch_R04	6H	525776080	0.694	525466094	525466788	309.3
betaglucan	betaglucan_R03	3H	475967335	0.693	475698820	475699513	267.8
fiber	fiber_R04	3H	543690146	0.693	545127987	545128680	1437.8
starch	starch_R03	3H	546433616	0.693	545927543	545928236	505.4
fiber	fiber_R04	3H	543690146	0.692	544568489	544569181	878.3
fiber	fiber_R09	5H	437005013	0.692	437092236	437092928	87.2
protein	protein_R01	3H	106623911	0.692	107717446	107718138	1093.5
betaglucan	betaglucan_R03	3H	475967335	0.69	476008029	476008719	40.7
fiber	fiber_R03	1H	440573355	0.69	439991247	439991937	581.4
fiber	fiber_R04	3H	543690146	0.69	545280819	545281509	1590.7
protein	3H:173351655	3H	173351655	0.69	172290358	172291048	1060.6
protein	3H:173351655	3H	173351655	0.69	172990280	172990970	360.7
protein	3H:173351655	3H	173351655	0.689	173312099	173312788	38.9
fiber	fiber_R04	3H	543690146	0.688	541846636	541847324	1842.8
fiber	fiber_R04	3H	543690146	0.688	545437660	545438348	1747.5
fiber	fiber_R12	7H	415651802	0.688	415641970	415642658	9.1
starch	starch_R03	3H	546433616	0.688	545970891	545971579	462
betaglucan	betaglucan_R08	6H	475144663	0.687	475159265	475159952	14.6
protein	3H:173351655	3H	173351655	0.687	172843486	172844173	507.5
fiber	fiber_R04	3H	543690146	0.686	544065898	544066584	375.8
protein	3H:173351655	3H	173351655	0.686	172941798	172942484	409.2
fiber	fiber_R04	3H	543690146	0.685	545593016	545593701	1902.9
protein	3H:173351655	3H	173351655	0.685	173110738	173111423	240.2
betaglucan	betaglucan_R03	3H	475967335	0.684	476094844	476095528	127.5
protein	protein_R01	3H	106623911	0.684	107113923	107114607	490
protein	3H:173351655	3H	173351655	0.684	173170490	173171174	180.5
protein	3H:198076308	3H	198076308	0.684	198949619	198950303	873.3
fiber	fiber_R04	3H	543690146	0.683	543907946	543908629	217.8
fiber	fiber_R04	3H	543690146	0.683	545185304	545185987	1495.2
protein	3H:173351655	3H	173351655	0.683	171474834	171475517	1876.1
fiber	fiber_R04	3H	543690146	0.682	544936401	544937083	1246.3
protein	3H:173351655	3H	173351655	0.682	172472299	172472981	878.7
protein	3H:173351655	3H	173351655	0.682	173134476	173135158	216.5
fiber	fiber_R04	3H	543690146	0.681	544382488	544383169	692.3
fiber	fiber_R10	5H	462564771	0.681	461797556	461798237	766.5
starch	starch_R04	6H	525776080	0.68	526857101	526857781	1081
protein	protein_R01	3H	106623911	0.679	107212362	107213041	588.5
fiber	fiber_R04	3H	543690146	0.678	544213221	544213899	523.1
protein	3H:198076308	3H	198076308	0.678	197630637	197631315	445
protein	3H:173351655	3H	173351655	0.677	172846767	172847444	504.2
betaglucan	betaglucan_R03	3H	475967335	0.676	475981807	475982483	14.5
protein	protein_R01	3H	106623911	0.676	106246108	106246784	377.1
fiber	fiber_R10	5H	462564771	0.675	461368396	461369071	1195.7
starch	starch_R03	3H	546433616	0.675	546095438	546096113	337.5
protein	3H:173351655	3H	173351655	0.675	172630208	172630883	720.8
fiber	fiber_R04	3H	543690146	0.674	543857928	543858602	167.8
protein	protein_R01	3H	106623911	0.671	106631807	106632478	7.9
protein	protein_R01	3H	106623911	0.671	106884824	106885495	260.9
protein	3H:173351655	3H	173351655	0.671	172564611	172565282	786.4
protein	3H:198076308	3H	198076308	0.671	198824144	198824815	747.8
fiber	fiber_R04	3H	543690146	0.67	543864744	543865414	174.6
fiber	fiber_R05	4H	24707376	0.67	24867382	24868052	160
betaglucan	betaglucan_R03	3H	475967335	0.669	476082675	476083344	115.3
fiber	fiber_R04	3H	543690146	0.669	544495809	544496478	805.7
fiber	fiber_R10	5H	462564771	0.668	462578032	462578700	13.3
starch	starch_R03	3H	546433616	0.668	545987210	545987878	445.7
protein	3H:198076308	3H	198076308	0.668	198123246	198123914	46.9
fiber	fiber_R04	3H	543690146	0.667	544527896	544528563	837.8
protein	3H:173351655	3H	173351655	0.667	172450846	172451513	900.1
fiber	fiber_R12	7H	415651802	0.665	415524814	415525479	126.3
protein	3H:198076308	3H	198076308	0.664	199302049	199302713	1225.7
betaglucan	betaglucan_R03	3H	475967335	0.663	475795197	475795860	171.5
fiber	fiber_R05	4H	24707376	0.663	24675041	24675704	31.7
fiber	fiber_R12	7H	415651802	0.663	415382580	415383243	268.6
protein	3H:173351655	3H	173351655	0.663	172022446	172023109	1328.5
starch	starch_R03	3H	546433616	0.662	545746778	545747440	686.2
fiber	fiber_R04	3H	543690146	0.661	545161148	545161809	1471
starch	starch_R04	6H	525776080	0.661	525727195	525727856	48.2
fiber	fiber_R04	3H	543690146	0.66	545128680	545129340	1438.5
fiber	fiber_R04	3H	543690146	0.659	545021620	545022279	1331.5
protein	3H:173351655	3H	173351655	0.659	172208085	172208744	1142.9
protein	3H:198076308	3H	198076308	0.658	198059943	198060601	15.7
fiber	fiber_R04	3H	543690146	0.657	543901471	543902128	211.3
starch	starch_R03	3H	546433616	0.657	546027109	546027766	405.9
protein	protein_R01	3H	106623911	0.656	108014503	108015159	1390.6
protein	3H:173351655	3H	173351655	0.656	172577212	172577868	773.8
starch	starch_R04	6H	525776080	0.655	525302127	525302782	473.3
protein	3H:173351655	3H	173351655	0.655	172412544	172413199	938.5
protein	3H:173351655	3H	173351655	0.653	172542199	172542852	808.8
protein	3H:173351655	3H	173351655	0.653	172942995	172943648	408
betaglucan	betaglucan_R03	3H	475967335	0.652	475789248	475789900	177.4
starch	starch_R04	6H	525776080	0.652	525728393	525729045	47
protein	3H:173351655	3H	173351655	0.651	173186104	173186755	164.9
starch	starch_R03	3H	546433616	0.649	546435080	546435729	1.5
protein	3H:173351655	3H	173351655	0.649	172404754	172405403	946.3
protein	3H:198076308	3H	198076308	0.649	197988801	197989450	86.9
fiber	fiber_R10	5H	462564771	0.648	461430197	461430845	1133.9
fiber	fiber_R11	7H	14817657	0.647	14817010	14817657	0
protein	3H:198076308	3H	198076308	0.647	197906401	197907048	169.3
starch	starch_R03	3H	546433616	0.646	546031859	546032505	401.1
betaglucan	betaglucan_R03	3H	475967335	0.645	475652150	475652795	314.5
fiber	fiber_R04	3H	543690146	0.645	543908644	543909289	218.5
protein	protein_R01	3H	106623911	0.645	105934386	105935031	688.9
protein	3H:173351655	3H	173351655	0.645	172625317	172625962	725.7
protein	3H:198076308	3H	198076308	0.645	199434372	199435017	1358.1
betaglucan	betaglucan_R03	3H	475967335	0.644	476069175	476069819	101.8
protein	3H:173351655	3H	173351655	0.644	172796617	172797261	554.4
fiber	fiber_R04	3H	543690146	0.643	544369038	544369681	678.9
fiber	fiber_R04	3H	543690146	0.643	544501659	544502302	811.5
fiber	fiber_R04	3H	543690146	0.642	543903529	543904171	213.4
starch	starch_R03	3H	546433616	0.642	545983662	545984304	449.3
fiber	fiber_R05	4H	24707376	0.641	24824138	24824779	116.8
fiber	fiber_R05	4H	24707376	0.641	24833096	24833737	125.7
betaglucan	betaglucan_R03	3H	475967335	0.64	475872044	475872684	94.7
protein	3H:173351655	3H	173351655	0.64	172630883	172631523	720.1
fiber	fiber_R04	3H	543690146	0.639	544783722	544784361	1093.6
protein	3H:173351655	3H	173351655	0.639	172387002	172387641	964
protein	3H:173351655	3H	173351655	0.639	173157165	173157804	193.9
betaglucan	betaglucan_R03	3H	475967335	0.638	475682266	475682904	284.4
fiber	fiber_R12	7H	415651802	0.637	415632796	415633433	18.4
starch	starch_R02	3H	530660057	0.636	530628530	530629166	30.9
fiber	fiber_R12	7H	415651802	0.635	415641335	415641970	9.8
fiber	fiber_R04	3H	543690146	0.634	545643684	545644318	1953.5
starch	starch_R04	6H	525776080	0.633	526393706	526394339	617.6
betaglucan	betaglucan_R03	3H	475967335	0.632	475968616	475969248	1.3
fiber	fiber_R10	5H	462564771	0.631	460823025	460823656	1741.1
starch	starch_R03	3H	546433616	0.631	546430997	546431628	2
betaglucan	betaglucan_R03	3H	475967335	0.63	475840198	475840828	126.5
protein	protein_R01	3H	106623911	0.63	106472877	106473507	150.4
protein	3H:173351655	3H	173351655	0.63	173137197	173137827	213.8
starch	starch_R03	3H	546433616	0.629	545915463	545916092	517.5
starch	starch_R04	6H	525776080	0.629	526393077	526393706	617
protein	3H:173351655	3H	173351655	0.629	172296227	172296856	1054.8
fiber	fiber_R04	3H	543690146	0.628	544475840	544476468	785.7
fiber	fiber_R05	4H	24707376	0.626	24836318	24836944	128.9
protein	protein_R01	3H	106623911	0.626	106677255	106677881	53.3
starch	starch_R02	3H	530660057	0.626	530624108	530624734	35.3
fiber	fiber_R04	3H	543690146	0.625	545033475	545034100	1343.3
fiber	fiber_R12	7H	415651802	0.625	415517529	415518154	133.6
protein	3H:173351655	3H	173351655	0.625	172426999	172427624	924
protein	3H:173351655	3H	173351655	0.625	173243473	173244098	107.6
fiber	fiber_R04	3H	543690146	0.624	544777758	544778382	1087.6
protein	protein_R01	3H	106623911	0.622	107594478	107595100	970.6
fiber	fiber_R04	3H	543690146	0.621	544259414	544260035	569.3
protein	protein_R01	3H	106623911	0.62	107146673	107147293	522.8
protein	3H:173351655	3H	173351655	0.619	172576155	172576774	774.9
starch	starch_R03	3H	546433616	0.618	546833695	546834313	400.1
protein	3H:173351655	3H	173351655	0.617	172389933	172390550	961.1
betaglucan	betaglucan_R03	3H	475967335	0.616	475839048	475839664	127.7
protein	3H:173351655	3H	173351655	0.616	173312788	173313404	38.3
betaglucan	betaglucan_R08	6H	475144663	0.615	474880558	474881173	263.5
fiber	fiber_R04	3H	543690146	0.615	544920056	544920671	1229.9
starch	starch_R04	6H	525776080	0.614	525245023	525245637	530.4
protein	3H:173351655	3H	173351655	0.614	173034242	173034856	316.8
fiber	fiber_R04	3H	543690146	0.613	541849994	541850607	1839.5
fiber	fiber_R04	3H	543690146	0.613	543690146	543690759	0
fiber	fiber_R10	5H	462564771	0.612	461122468	461123080	1441.7
starch	starch_R04	6H	525776080	0.612	526483456	526484068	707.4
betaglucan	betaglucan_R03	3H	475967335	0.611	475672833	475673444	293.9
protein	3H:173351655	3H	173351655	0.611	172428171	172428782	922.9
fiber	fiber_R04	3H	543690146	0.61	543927894	543928504	237.7
fiber	fiber_R04	3H	543690146	0.61	544043420	544044030	353.3
fiber	fiber_R04	3H	543690146	0.61	544391129	544391739	701
fiber	fiber_R05	4H	24707376	0.61	24798712	24799322	91.3
betaglucan	betaglucan_R03	3H	475967335	0.609	475938916	475939525	27.8
starch	starch_R03	3H	546433616	0.609	546071916	546072525	361.1
protein	3H:173351655	3H	173351655	0.609	172858943	172859552	492.1
betaglucan	betaglucan_R03	3H	475967335	0.608	475669941	475670549	296.8
fiber	fiber_R04	3H	543690146	0.608	544488005	544488613	797.9
protein	protein_R01	3H	106623911	0.608	107296075	107296683	672.2
starch	starch_R01	1H	330432546	0.608	330416288	330416896	15.7
protein	3H:173351655	3H	173351655	0.608	171529203	171529811	1821.8
protein	3H:173351655	3H	173351655	0.608	173026869	173027477	324.2
protein	3H:173351655	3H	173351655	0.608	173313404	173314012	37.6
fiber	fiber_R04	3H	543690146	0.607	543688511	543689118	1
fiber	fiber_R08	5H	377309369	0.607	377309369	377309976	0
betaglucan	betaglucan_R03	3H	475967335	0.606	475801920	475802526	164.8
starch	starch_R02	3H	530660057	0.606	530680059	530680665	20
fiber	fiber_R12	7H	415651802	0.605	415903715	415904320	251.9
fiber	fiber_R04	3H	543690146	0.604	545089284	545089888	1399.1
fiber	fiber_R10	5H	462564771	0.604	461066165	461066769	1498
protein	protein_R01	3H	106623911	0.604	107583468	107584072	959.6
fiber	fiber_R05	4H	24707376	0.603	24726516	24727119	19.1
starch	starch_R04	6H	525776080	0.603	525431724	525432327	343.8
fiber	fiber_R05	4H	24707376	0.602	24669783	24670385	37
starch	starch_R02	3H	530660057	0.602	530677108	530677710	17.1
fiber	fiber_R04	3H	543690146	0.601	543809472	543810073	119.3
fiber	fiber_R04	3H	543690146	0.601	545037437	545038038	1347.3
protein	3H:173351655	3H	173351655	0.601	172390550	172391151	960.5
starch	starch_R02	3H	530660057	0.599	530630770	530631369	28.7
protein	3H:173351655	3H	173351655	0.599	172453436	172454035	897.6
protein	3H:198076308	3H	198076308	0.599	197624272	197624871	451.4
fiber	fiber_R04	3H	543690146	0.597	543905968	543906565	215.8
fiber	fiber_R04	3H	543690146	0.597	544528630	544529227	838.5
fiber	fiber_R04	3H	543690146	0.597	545041145	545041742	1351
protein	3H:173351655	3H	173351655	0.597	172604350	172604947	746.7
protein	3H:173351655	3H	173351655	0.597	173124217	173124814	226.8
betaglucan	betaglucan_R01	1H	479493867	0.596	479550906	479551502	57
betaglucan	betaglucan_R03	3H	475967335	0.596	475869039	475869635	97.7
fiber	fiber_R04	3H	543690146	0.596	544304061	544304657	613.9
fiber	fiber_R04	3H	543690146	0.596	544781232	544781828	1091.1
protein	3H:173351655	3H	173351655	0.596	172391151	172391747	959.9
starch	starch_R01	1H	330432546	0.595	330689171	330689766	256.6
protein	3H:198076308	3H	198076308	0.595	199098290	199098885	1022
fiber	fiber_R05	4H	24707376	0.594	24453431	24454025	253.4
betaglucan	betaglucan_R03	3H	475967335	0.593	475824497	475825090	142.2
betaglucan	betaglucan_R04	3H	537247620	0.593	537821059	537821652	573.4
protein	3H:173351655	3H	173351655	0.593	172584031	172584624	767
starch	starch_R02	3H	530660057	0.592	530681134	530681726	21.1
fiber	fiber_R04	3H	543690146	0.591	544497040	544497631	806.9
protein	protein_R01	3H	106623911	0.591	106648899	106649490	25
protein	3H:173351655	3H	173351655	0.591	172294608	172295199	1056.5
protein	3H:173351655	3H	173351655	0.591	173168641	173169232	182.4
starch	starch_R03	3H	546433616	0.59	545867708	545868298	565.3
starch	starch_R03	3H	546433616	0.59	545980056	545980646	453
starch	starch_R04	6H	525776080	0.59	525777883	525778473	1.8
starch	starch_R04	6H	525776080	0.588	526386348	526386936	610.3
protein	3H:173351655	3H	173351655	0.588	173352088	173352676	0.4
betaglucan	betaglucan_R03	3H	475967335	0.587	475945863	475946450	20.9
fiber	fiber_R05	4H	24707376	0.587	24722361	24722948	15
protein	protein_R01	3H	106623911	0.586	108249353	108249939	1625.4
betaglucan	betaglucan_R03	3H	475967335	0.584	475969248	475969832	1.9
fiber	fiber_R04	3H	543690146	0.584	543868562	543869146	178.4
fiber	fiber_R04	3H	543690146	0.584	544493016	544493600	802.9
starch	starch_R04	6H	525776080	0.584	525454339	525454923	321.2
protein	3H:173351655	3H	173351655	0.583	172971285	172971868	379.8
fiber	fiber_R04	3H	543690146	0.581	543865513	543866094	175.4
protein	3H:173351655	3H	173351655	0.581	173026288	173026869	324.8
betaglucan	betaglucan_R03	3H	475967335	0.58	476027396	476027976	60.1
fiber	fiber_R12	7H	415651802	0.58	415606092	415606672	45.1
protein	3H:173351655	3H	173351655	0.58	172645151	172645731	705.9
protein	3H:173351655	3H	173351655	0.58	172828161	172828741	522.9
betaglucan	betaglucan_R04	3H	537247620	0.578	537299380	537299958	51.8
fiber	fiber_R04	3H	543690146	0.578	544839228	544839806	1149.1
starch	starch_R02	3H	530660057	0.577	530631837	530632414	27.6
starch	starch_R03	3H	546433616	0.577	546042248	546042825	390.8
starch	starch_R03	3H	546433616	0.577	546454282	546454859	20.7
protein	3H:173351655	3H	173351655	0.577	172855779	172856356	495.3
protein	3H:198076308	3H	198076308	0.577	199105344	199105921	1029
starch	starch_R03	3H	546433616	0.576	546026221	546026797	406.8
fiber	fiber_R04	3H	543690146	0.575	545474220	545474795	1784.1
protein	3H:173351655	3H	173351655	0.575	172840047	172840622	511
betaglucan	betaglucan_R08	6H	475144663	0.574	475129307	475129881	14.8
fiber	fiber_R10	5H	462564771	0.574	461537473	461538047	1026.7
protein	3H:173351655	3H	173351655	0.574	172435089	172435663	916
fiber	fiber_R04	3H	543690146	0.573	544441424	544441997	751.3
fiber	fiber_R05	4H	24707376	0.573	24839160	24839733	131.8
protein	protein_R01	3H	106623911	0.573	106526467	106527040	96.9
protein	3H:173351655	3H	173351655	0.573	173242784	173243357	108.3
protein	3H:198076308	3H	198076308	0.573	197728542	197729115	347.2
fiber	fiber_R04	3H	543690146	0.571	544226980	544227551	536.8
fiber	fiber_R10	5H	462564771	0.571	461408275	461408846	1155.9
fiber	fiber_R04	3H	543690146	0.57	544041838	544042408	351.7
starch	starch_R02	3H	530660057	0.57	530683122	530683692	23.1
protein	3H:173351655	3H	173351655	0.57	172501792	172502362	849.3
protein	3H:173351655	3H	173351655	0.57	172778494	172779064	572.6
fiber	fiber_R04	3H	543690146	0.569	541852713	541853282	1836.9
fiber	fiber_R04	3H	543690146	0.569	545154631	545155200	1464.5
fiber	fiber_R12	7H	415651802	0.569	415613703	415614272	37.5
protein	3H:173351655	3H	173351655	0.569	172051976	172052545	1299.1
protein	3H:173351655	3H	173351655	0.569	172414468	172415037	936.6
protein	3H:173351655	3H	173351655	0.569	172469792	172470361	881.3
fiber	fiber_R04	3H	543690146	0.568	544937637	544938205	1247.5
protein	3H:173351655	3H	173351655	0.568	172391747	172392315	959.3
betaglucan	betaglucan_R03	3H	475967335	0.567	475978956	475979523	11.6
betaglucan	betaglucan_R03	3H	475967335	0.567	476020877	476021444	53.5
fiber	fiber_R04	3H	543690146	0.566	544915555	544916121	1225.4
protein	protein_R01	3H	106623911	0.566	108349983	108350549	1726.1
starch	starch_R04	6H	525776080	0.566	525774128	525774694	1.4
fiber	fiber_R05	4H	24707376	0.565	24415267	24415832	291.5
protein	protein_R01	3H	106623911	0.565	106713537	106714102	89.6
protein	3H:173351655	3H	173351655	0.564	173118487	173119051	232.6
betaglucan	betaglucan_R03	3H	475967335	0.563	475866359	475866922	100.4
fiber	fiber_R04	3H	543690146	0.563	543691932	543692495	1.8
fiber	fiber_R04	3H	543690146	0.563	544777187	544777750	1087
protein	3H:173351655	3H	173351655	0.563	172291994	172292557	1059.1
betaglucan	betaglucan_R03	3H	475967335	0.562	475791282	475791844	175.5
betaglucan	betaglucan_R08	6H	475144663	0.562	475016247	475016809	127.9
starch	starch_R03	3H	546433616	0.562	545892596	545893158	540.5
protein	3H:173351655	3H	173351655	0.562	172731681	172732243	619.4
betaglucan	betaglucan_R03	3H	475967335	0.561	475764487	475765048	202.3
betaglucan	betaglucan_R03	3H	475967335	0.561	475793977	475794538	172.8
betaglucan	betaglucan_R03	3H	475967335	0.561	475969942	475970503	2.6
fiber	fiber_R04	3H	543690146	0.561	545619881	545620442	1929.7
starch	starch_R03	3H	546433616	0.561	545864792	545865353	568.3
protein	3H:173351655	3H	173351655	0.561	173124978	173125539	226.1
protein	3H:173351655	3H	173351655	0.561	173299225	173299786	51.9
betaglucan	betaglucan_R03	3H	475967335	0.56	475668506	475669066	298.3
fiber	fiber_R05	4H	24707376	0.56	24787944	24788504	80.6
starch	starch_R04	6H	525776080	0.56	525383036	525383596	392.5
starch	starch_R04	6H	525776080	0.56	525458720	525459280	316.8
betaglucan	betaglucan_R03	3H	475967335	0.559	476085301	476085860	118
protein	3H:173351655	3H	173351655	0.559	172920794	172921353	430.3
fiber	fiber_R04	3H	543690146	0.558	543906862	543907420	216.7
fiber	fiber_R04	3H	543690146	0.558	544738566	544739124	1048.4
starch	starch_R04	6H	525776080	0.558	525452180	525452738	323.3
protein	3H:173351655	3H	173351655	0.558	173012888	173013446	338.2
protein	3H:198076308	3H	198076308	0.558	198489891	198490449	413.6
fiber	fiber_R04	3H	543690146	0.556	543565086	543565642	124.5
fiber	fiber_R04	3H	543690146	0.556	545601358	545601914	1911.2
betaglucan	betaglucan_R03	3H	475967335	0.555	475683619	475684174	283.2
betaglucan	betaglucan_R03	3H	475967335	0.554	475670952	475671506	295.8
protein	protein_R01	3H	106623911	0.554	107297808	107298362	673.9
fiber	fiber_R04	3H	543690146	0.553	541944598	541945151	1745
fiber	fiber_R04	3H	543690146	0.552	544733225	544733777	1043.1
fiber	fiber_R04	3H	543690146	0.551	544843003	544843554	1152.9
starch	starch_R03	3H	546433616	0.551	545976927	545977478	456.1
starch	starch_R03	3H	546433616	0.551	546039155	546039706	393.9
starch	starch_R03	3H	546433616	0.551	546092417	546092968	340.6
starch	starch_R04	6H	525776080	0.551	525642328	525642879	133.2
protein	3H:173351655	3H	173351655	0.551	172415037	172415588	936.1
protein	3H:173351655	3H	173351655	0.551	172608488	172609039	742.6
protein	3H:173351655	3H	173351655	0.55	173162668	173163218	188.4
fiber	fiber_R04	3H	543690146	0.549	544373916	544374465	683.8
protein	3H:173351655	3H	173351655	0.549	172413199	172413748	937.9
protein	3H:173351655	3H	173351655	0.549	172833754	172834303	517.4
protein	3H:173351655	3H	173351655	0.549	173318364	173318913	32.7
betaglucan	betaglucan_R03	3H	475967335	0.548	475656282	475656830	310.5
fiber	fiber_R04	3H	543690146	0.548	544789279	544789827	1099.1
fiber	fiber_R04	3H	543690146	0.547	544574440	544574987	884.3
fiber	fiber_R04	3H	543690146	0.547	544883209	544883756	1193.1
protein	protein_R01	3H	106623911	0.547	108073619	108074166	1449.7
starch	starch_R03	3H	546433616	0.547	545874522	545875069	558.5
starch	starch_R03	3H	546433616	0.547	546077528	546078075	355.5
protein	3H:198076308	3H	198076308	0.547	197970225	197970772	105.5
betaglucan	betaglucan_R04	3H	537247620	0.546	537276613	537277159	29
fiber	fiber_R04	3H	543690146	0.546	544780650	544781196	1090.5
fiber	fiber_R04	3H	543690146	0.546	545549460	545550006	1859.3
fiber	fiber_R05	4H	24707376	0.546	24075733	24076279	631.1
protein	3H:198076308	3H	198076308	0.546	198804067	198804613	727.8
starch	starch_R04	6H	525776080	0.545	525823527	525824072	47.4
protein	3H:173351655	3H	173351655	0.545	172662285	172662830	688.8
fiber	fiber_R04	3H	543690146	0.544	544369681	544370225	679.5
fiber	fiber_R04	3H	543690146	0.544	544490123	544490667	800
starch	starch_R03	3H	546433616	0.544	545978480	545979024	454.6
betaglucan	betaglucan_R03	3H	475967335	0.543	475941021	475941564	25.8
fiber	fiber_R04	3H	543690146	0.543	544050350	544050893	360.2
protein	3H:173351655	3H	173351655	0.541	172047410	172047951	1303.7
fiber	fiber_R04	3H	543690146	0.54	542948705	542949245	740.9
betaglucan	betaglucan_R03	3H	475967335	0.539	475967490	475968029	0.2
betaglucan	betaglucan_R03	3H	475967335	0.538	475696123	475696661	270.7
protein	3H:173351655	3H	173351655	0.538	172052626	172053164	1298.5
protein	3H:173351655	3H	173351655	0.537	172386198	172386735	964.9
fiber	fiber_R04	3H	543690146	0.536	544524064	544524600	833.9
fiber	fiber_R04	3H	543690146	0.536	545256704	545257240	1566.6
betaglucan	betaglucan_R03	3H	475967335	0.535	476022914	476023449	55.6
protein	protein_R01	3H	106623911	0.535	106713002	106713537	89.1
starch	starch_R03	3H	546433616	0.535	545983066	545983601	450
protein	3H:173351655	3H	173351655	0.535	173358088	173358623	6.4
starch	starch_R03	3H	546433616	0.534	546435729	546436263	2.1
protein	3H:173351655	3H	173351655	0.534	173278437	173278971	72.7
protein	3H:173351655	3H	173351655	0.534	173305136	173305670	46
fiber	fiber_R04	3H	543690146	0.533	544549971	544550504	859.8
starch	starch_R03	3H	546433616	0.533	545902194	545902727	530.9
fiber	fiber_R04	3H	543690146	0.532	544376741	544377273	686.6
starch	starch_R03	3H	546433616	0.532	546091685	546092217	341.4
fiber	fiber_R04	3H	543690146	0.53	545193701	545194231	1503.6
fiber	fiber_R05	4H	24707376	0.53	24796700	24797230	89.3
fiber	fiber_R12	7H	415651802	0.53	415959563	415960093	307.8
starch	starch_R02	3H	530660057	0.53	530619382	530619912	40.1
betaglucan	betaglucan_R02	2H	41996626	0.529	41261987	41262516	734.1
fiber	fiber_R04	3H	543690146	0.529	543739960	543740489	49.8
fiber	fiber_R05	4H	24707376	0.529	24201569	24202098	505.3
fiber	fiber_R12	7H	415651802	0.529	415827303	415827832	175.5
starch	starch_R04	6H	525776080	0.529	525906028	525906557	129.9
protein	3H:173351655	3H	173351655	0.529	172385669	172386198	965.5
protein	3H:173351655	3H	173351655	0.529	173135331	173135860	215.8
protein	3H:173351655	3H	173351655	0.529	173211210	173211739	139.9
betaglucan	betaglucan_R04	3H	537247620	0.528	537273620	537274148	26
fiber	fiber_R10	5H	462564771	0.528	462576280	462576808	11.5
fiber	fiber_R04	3H	543690146	0.527	544538153	544538680	848
fiber	fiber_R04	3H	543690146	0.526	545192882	545193408	1502.7
starch	starch_R02	3H	530660057	0.526	530656150	530656676	3.4
starch	starch_R03	3H	546433616	0.526	546022110	546022636	411
starch	starch_R03	3H	546433616	0.526	546431628	546432154	1.5
starch	starch_R04	6H	525776080	0.525	525775555	525776080	0
protein	3H:173351655	3H	173351655	0.525	173354447	173354972	2.8
protein	3H:198076308	3H	198076308	0.525	199272948	199273473	1196.6
betaglucan	betaglucan_R03	3H	475967335	0.524	475695533	475696057	271.3
betaglucan	betaglucan_R03	3H	475967335	0.524	475828005	475828529	138.8
fiber	fiber_R04	3H	543690146	0.524	545163585	545164109	1473.4
fiber	fiber_R04	3H	543690146	0.523	543910130	543910653	220
fiber	fiber_R04	3H	543690146	0.523	544313099	544313622	623
fiber	fiber_R05	4H	24707376	0.523	24829702	24830225	122.3
starch	starch_R03	3H	546433616	0.522	545922686	545923208	510.4
protein	protein_R01	3H	106623911	0.521	106287433	106287954	336
starch	starch_R03	3H	546433616	0.521	545864271	545864792	568.8
starch	starch_R03	3H	546433616	0.521	546036754	546037275	396.3
starch	starch_R04	6H	525776080	0.52	526254214	526254734	478.1
protein	protein_R01	3H	106623911	0.519	107853901	107854420	1230
protein	3H:173351655	3H	173351655	0.519	172628545	172629064	722.6
protein	3H:173351655	3H	173351655	0.519	172975815	172976334	375.3
betaglucan	betaglucan_R03	3H	475967335	0.518	475832821	475833339	134
protein	protein_R01	3H	106623911	0.518	106890487	106891005	266.6
protein	3H:173351655	3H	173351655	0.518	172334097	172334615	1017
betaglucan	betaglucan_R03	3H	475967335	0.517	475655640	475656157	311.2
fiber	fiber_R04	3H	543690146	0.517	541929087	541929604	1760.5
protein	protein_R01	3H	106623911	0.517	106926472	106926989	302.6
starch	starch_R04	6H	525776080	0.517	525630742	525631259	144.8
protein	3H:173351655	3H	173351655	0.517	172631523	172632040	719.6
betaglucan	betaglucan_R04	3H	537247620	0.516	537104340	537104856	142.8
fiber	fiber_R05	4H	24707376	0.516	24720665	24721181	13.3
protein	protein_R01	3H	106623911	0.516	108622665	108623181	1998.8
betaglucan	betaglucan_R03	3H	475967335	0.515	476018124	476018639	50.8
fiber	fiber_R04	3H	543690146	0.515	543910653	543911168	220.5
protein	protein_R01	3H	106623911	0.515	106624251	106624766	0.3
starch	starch_R03	3H	546433616	0.515	545868308	545868823	564.8
fiber	fiber_R04	3H	543690146	0.514	543857322	543857836	167.2
fiber	fiber_R04	3H	543690146	0.513	543828107	543828620	138
fiber	fiber_R12	7H	415651802	0.513	415887908	415888421	236.1
protein	3H:173351655	3H	173351655	0.513	172949780	172950293	401.4
fiber	fiber_R04	3H	543690146	0.512	545206396	545206908	1516.2
starch	starch_R02	3H	530660057	0.512	530678288	530678800	18.2
betaglucan	betaglucan_R03	3H	475967335	0.51	475890725	475891235	76.1
fiber	fiber_R04	3H	543690146	0.51	544479722	544480232	789.6
fiber	fiber_R04	3H	543690146	0.51	544782246	544782756	1092.1
protein	protein_R01	3H	106623911	0.51	108229628	108230138	1605.7
starch	starch_R04	6H	525776080	0.51	526273031	526273541	497
betaglucan	betaglucan_R03	3H	475967335	0.509	475877076	475877585	89.8
protein	3H:198076308	3H	198076308	0.509	197623763	197624272	452
betaglucan	betaglucan_R03	3H	475967335	0.508	475860826	475861334	106
starch	starch_R03	3H	546433616	0.507	546020520	546021027	412.6
protein	3H:173351655	3H	173351655	0.507	172832903	172833410	518.2
fiber	fiber_R04	3H	543690146	0.506	544305802	544306308	615.7
fiber	fiber_R12	7H	415651802	0.506	415910236	415910742	258.4
starch	starch_R02	3H	530660057	0.505	530629212	530629717	30.3
starch	starch_R04	6H	525776080	0.505	525831522	525832027	55.4
betaglucan	betaglucan_R03	3H	475967335	0.504	476079643	476080147	112.3
betaglucan	betaglucan_R08	6H	475144663	0.501	475118376	475118877	25.8
fiber	fiber_R05	4H	24707376	0.501	24507111	24507612	199.8
starch	starch_R04	6H	525776080	0.501	526253555	526254056	477.5
protein	3H:173351655	3H	173351655	0.5	172427624	172428124	923.5
protein	3H:173351655	3H	173351655	0.5	172940102	172940602	411.1
fiber	fiber_R04	3H	543690146	0.498	544230249	544230747	540.1
fiber	fiber_R04	3H	543690146	0.498	544261950	544262448	571.8
starch	starch_R02	3H	530660057	0.498	530682624	530683122	22.6
protein	3H:173351655	3H	173351655	0.498	173215151	173215649	136
protein	3H:198076308	3H	198076308	0.498	199097792	199098290	1021.5
protein	protein_R01	3H	106623911	0.497	106450341	106450838	173.1
betaglucan	betaglucan_R03	3H	475967335	0.496	475651654	475652150	315.2
starch	starch_R03	3H	546433616	0.496	545979560	545980056	453.6
protein	3H:173351655	3H	173351655	0.496	172562755	172563251	788.4
fiber	fiber_R04	3H	543690146	0.495	543909635	543910130	219.5
fiber	fiber_R04	3H	543690146	0.495	544398539	544399034	708.4
starch	starch_R03	3H	546433616	0.495	546022636	546023131	410.5
betaglucan	betaglucan_R03	3H	475967335	0.494	475790139	475790633	176.7
betaglucan	betaglucan_R03	3H	475967335	0.494	475800303	475800797	166.5
betaglucan	betaglucan_R04	3H	537247620	0.494	539097853	539098347	1850.2
fiber	fiber_R04	3H	543690146	0.494	545659476	545659970	1969.3
starch	starch_R04	6H	525776080	0.494	525382470	525382964	393.1
fiber	fiber_R04	3H	543690146	0.493	544935869	544936362	1245.7
fiber	fiber_R05	4H	24707376	0.493	24675891	24676384	31
starch	starch_R04	6H	525776080	0.493	525775062	525775555	0.5
starch	starch_R03	3H	546433616	0.491	545987878	545988369	445.2
fiber	fiber_R04	3H	543690146	0.49	543872044	543872534	181.9
starch	starch_R03	3H	546433616	0.49	545919696	545920186	513.4
protein	3H:173351655	3H	173351655	0.49	172395526	172396016	955.6
fiber	fiber_R04	3H	543690146	0.489	544042606	544043095	352.5
protein	3H:173351655	3H	173351655	0.489	172561728	172562217	789.4
betaglucan	betaglucan_R08	6H	475144663	0.488	474859477	474859965	284.7
fiber	fiber_R12	7H	415651802	0.488	415769937	415770425	118.1
protein	3H:173351655	3H	173351655	0.488	172956635	172957123	394.5
betaglucan	betaglucan_R03	3H	475967335	0.487	475796600	475797087	170.2
betaglucan	betaglucan_R04	3H	537247620	0.487	537367775	537368262	120.2
starch	starch_R04	6H	525776080	0.487	526292203	526292690	516.1
protein	3H:173351655	3H	173351655	0.487	172340254	172340741	1010.9
protein	3H:173351655	3H	173351655	0.487	173195022	173195509	156.1
betaglucan	betaglucan_R03	3H	475967335	0.486	475978281	475978767	10.9
fiber	fiber_R04	3H	543690146	0.486	544912161	544912647	1222
fiber	fiber_R04	3H	543690146	0.486	545035813	545036299	1345.7
protein	3H:173351655	3H	173351655	0.486	172693853	172694339	657.3
protein	3H:173351655	3H	173351655	0.486	173192551	173193037	158.6
fiber	fiber_R04	3H	543690146	0.485	544216230	544216715	526.1
fiber	fiber_R04	3H	543690146	0.484	544872354	544872838	1182.2
starch	starch_R02	3H	530660057	0.483	530627974	530628457	31.6
starch	starch_R03	3H	546433616	0.483	546101675	546102158	331.5
fiber	fiber_R04	3H	543690146	0.482	545132389	545132871	1442.2
betaglucan	betaglucan_R03	3H	475967335	0.481	476041262	476041743	73.9
starch	starch_R03	3H	546433616	0.481	545897304	545897785	535.8
fiber	fiber_R04	3H	543690146	0.48	544469645	544470125	779.5
protein	3H:173351655	3H	173351655	0.48	172637508	172637988	713.7
fiber	fiber_R05	4H	24707376	0.479	24870488	24870967	163.1
starch	starch_R03	3H	546433616	0.479	545848094	545848573	585
protein	3H:173351655	3H	173351655	0.479	172430725	172431204	920.5
protein	3H:173351655	3H	173351655	0.479	173106411	173106890	244.8
fiber	fiber_R05	4H	24707376	0.478	24723484	24723962	16.1
protein	3H:173351655	3H	173351655	0.478	173279743	173280221	71.4
protein	3H:173351655	3H	173351655	0.478	173285127	173285605	66
fiber	fiber_R03	1H	440573355	0.477	440677556	440678033	104.2
fiber	fiber_R04	3H	543690146	0.477	545035336	545035813	1345.2
starch	starch_R03	3H	546433616	0.477	545921582	545922059	511.6
fiber	fiber_R12	7H	415651802	0.476	414877426	414877902	773.9
starch	starch_R03	3H	546433616	0.476	546574704	546575180	141.1
starch	starch_R04	6H	525776080	0.476	525409888	525410364	365.7
starch	starch_R04	6H	525776080	0.476	525418126	525418602	357.5
betaglucan	betaglucan_R04	3H	537247620	0.475	537356198	537356673	108.6
betaglucan	betaglucan_R06	4H	528254769	0.475	528357931	528358406	103.2
fiber	fiber_R05	4H	24707376	0.475	23999500	23999975	707.4
fiber	fiber_R04	3H	543690146	0.474	544453973	544454447	763.8
fiber	fiber_R04	3H	543690146	0.474	545398360	545398834	1708.2
protein	3H:173351655	3H	173351655	0.474	172532616	172533090	818.6
protein	3H:198076308	3H	198076308	0.474	197746997	197747471	328.8
protein	protein_R01	3H	106623911	0.473	107613096	107613569	989.2
protein	3H:173351655	3H	173351655	0.473	172563251	172563724	787.9
protein	3H:173351655	3H	173351655	0.473	173269249	173269722	81.9
fiber	fiber_R04	3H	543690146	0.472	542393008	542393480	1296.7
betaglucan	betaglucan_R03	3H	475967335	0.471	475601737	475602208	365.1
starch	starch_R04	6H	525776080	0.471	525243368	525243839	532.2
protein	3H:173351655	3H	173351655	0.471	173115025	173115496	236.2
betaglucan	betaglucan_R03	3H	475967335	0.47	475587525	475587995	379.3
betaglucan	betaglucan_R06	4H	528254769	0.47	528358406	528358876	103.6
starch	starch_R03	3H	546433616	0.47	546040482	546040952	392.7
protein	3H:173351655	3H	173351655	0.47	172042106	172042576	1309.1
betaglucan	betaglucan_R03	3H	475967335	0.469	475697842	475698311	269
betaglucan	betaglucan_R03	3H	475967335	0.468	475790703	475791171	176.2
protein	3H:198076308	3H	198076308	0.468	199091260	199091728	1015
betaglucan	betaglucan_R03	3H	475967335	0.467	475830262	475830729	136.6
protein	3H:198076308	3H	198076308	0.467	198072629	198073096	3.2
fiber	fiber_R04	3H	543690146	0.466	544455351	544455817	765.2
fiber	fiber_R04	3H	543690146	0.466	544476830	544477296	786.7
starch	starch_R03	3H	546433616	0.466	545920680	545921146	512.5
protein	3H:173351655	3H	173351655	0.466	172775195	172775661	576
betaglucan	betaglucan_R03	3H	475967335	0.465	476019174	476019639	51.8
fiber	fiber_R04	3H	543690146	0.465	543811896	543812361	121.8
fiber	fiber_R04	3H	543690146	0.465	544499692	544500157	809.5
starch	starch_R02	3H	530660057	0.465	530632414	530632879	27.2
protein	3H:173351655	3H	173351655	0.465	172556788	172557253	794.4
betaglucan	betaglucan_R03	3H	475967335	0.464	475684174	475684638	282.7
betaglucan	betaglucan_R05	4H	34858354	0.463	34860548	34861011	2.2
fiber	fiber_R04	3H	543690146	0.463	544578631	544579094	888.5
fiber	fiber_R12	7H	415651802	0.463	415821881	415822344	170.1
starch	starch_R03	3H	546433616	0.463	546094594	546095057	338.6
protein	3H:173351655	3H	173351655	0.463	172354905	172355368	996.3
fiber	fiber_R04	3H	543690146	0.461	544526502	544526963	836.4
protein	3H:173351655	3H	173351655	0.461	172120683	172121144	1230.5
protein	3H:173351655	3H	173351655	0.461	172295383	172295844	1055.8
betaglucan	betaglucan_R03	3H	475967335	0.46	475892443	475892903	74.4
betaglucan	betaglucan_R03	3H	475967335	0.46	475932411	475932871	34.5
betaglucan	betaglucan_R03	3H	475967335	0.46	476092279	476092739	124.9
starch	starch_R02	3H	530660057	0.46	530637173	530637633	22.4
protein	3H:173351655	3H	173351655	0.46	172280723	172281183	1070.5
starch	starch_R03	3H	546433616	0.459	546083665	546084124	349.5
protein	3H:173351655	3H	173351655	0.459	172797427	172797886	553.8
fiber	fiber_R04	3H	543690146	0.458	544033344	544033802	343.2
fiber	fiber_R04	3H	543690146	0.458	544921858	544922316	1231.7
starch	starch_R02	3H	530660057	0.458	530706990	530707448	46.9
fiber	fiber_R03	1H	440573355	0.457	439943025	439943482	629.9
fiber	fiber_R04	3H	543690146	0.457	544383169	544383626	693
protein	protein_R01	3H	106623911	0.457	106029950	106030407	593.5
starch	starch_R04	6H	525776080	0.457	525643290	525643747	132.3
protein	3H:173351655	3H	173351655	0.457	173320238	173320695	31
betaglucan	betaglucan_R03	3H	475967335	0.456	476081568	476082024	114.2
fiber	fiber_R04	3H	543690146	0.456	544553950	544554406	863.8
fiber	fiber_R04	3H	543690146	0.456	545030242	545030698	1340.1
betaglucan	betaglucan_R03	3H	475967335	0.455	475960954	475961409	5.9
betaglucan	betaglucan_R03	3H	475967335	0.455	476071629	476072084	104.3
fiber	fiber_R04	3H	543690146	0.455	545164109	545164564	1474
fiber	fiber_R05	4H	24707376	0.455	24202098	24202553	504.8
protein	3H:173351655	3H	173351655	0.455	173351200	173351655	0
fiber	fiber_R04	3H	543690146	0.454	544451755	544452209	761.6
betaglucan	betaglucan_R03	3H	475967335	0.453	475866922	475867375	100
fiber	fiber_R04	3H	543690146	0.453	544372733	544373186	682.6
starch	starch_R02	3H	530660057	0.453	530621326	530621779	38.3
starch	starch_R04	6H	525776080	0.453	525891496	525891949	115.4
protein	3H:173351655	3H	173351655	0.453	172541746	172542199	809.5
starch	starch_R03	3H	546433616	0.452	546037614	546038066	395.6
protein	3H:173351655	3H	173351655	0.452	172610738	172611190	740.5
betaglucan	betaglucan_R03	3H	475967335	0.451	475650512	475650963	316.4
protein	protein_R01	3H	106623911	0.451	107312864	107313315	689
protein	3H:173351655	3H	173351655	0.45	173037787	173038237	313.4
betaglucan	betaglucan_R03	3H	475967335	0.449	475799734	475800183	167.2
fiber	fiber_R04	3H	543690146	0.449	544383724	544384173	693.6
fiber	fiber_R04	3H	543690146	0.449	544489674	544490123	799.5
protein	3H:173351655	3H	173351655	0.449	172620096	172620545	731.1
protein	3H:173351655	3H	173351655	0.449	173242283	173242732	108.9
betaglucan	betaglucan_R03	3H	475967335	0.448	476085887	476086335	118.6
fiber	fiber_R04	3H	543690146	0.448	543556805	543557253	132.9
betaglucan	betaglucan_R03	3H	475967335	0.447	475868590	475869037	98.3
fiber	fiber_R04	3H	543690146	0.447	545164779	545165226	1474.6
fiber	fiber_R12	7H	415651802	0.447	415506645	415507092	144.7
starch	starch_R03	3H	546433616	0.447	545747498	545747945	685.7
starch	starch_R03	3H	546433616	0.447	546421926	546422373	11.2
starch	starch_R04	6H	525776080	0.447	525820810	525821257	44.7
protein	3H:173351655	3H	173351655	0.447	172989833	172990280	361.4
protein	3H:173351655	3H	173351655	0.447	173123457	173123904	227.8
protein	3H:198076308	3H	198076308	0.447	199098885	199099332	1022.6
starch	starch_R03	3H	546433616	0.446	545892150	545892596	541
protein	3H:173351655	3H	173351655	0.446	172835682	172836128	515.5
betaglucan	betaglucan_R04	3H	537247620	0.445	537702129	537702574	454.5
protein	3H:198076308	3H	198076308	0.445	198430520	198430965	354.2
betaglucan	betaglucan_R03	3H	475967335	0.444	475860343	475860787	106.5
protein	protein_R01	3H	106623911	0.444	107490618	107491062	866.7
protein	3H:173351655	3H	173351655	0.444	172294164	172294608	1057
protein	3H:173351655	3H	173351655	0.444	172832459	172832903	518.8
protein	3H:198076308	3H	198076308	0.444	199400819	199401263	1324.5
protein	3H:198076308	3H	198076308	0.443	198816966	198817409	740.7
betaglucan	betaglucan_R03	3H	475967335	0.442	475829242	475829684	137.7
protein	3H:173351655	3H	173351655	0.442	172646711	172647153	704.5
fiber	fiber_R03	1H	440573355	0.441	440721900	440722341	148.5
protein	3H:173351655	3H	173351655	0.441	172747578	172748019	603.6
fiber	fiber_R03	1H	440573355	0.44	440731080	440731520	157.7
fiber	fiber_R04	3H	543690146	0.44	544380437	544380877	690.3
fiber	fiber_R04	3H	543690146	0.439	544751754	544752193	1061.6
starch	starch_R03	3H	546433616	0.439	546031420	546031859	401.8
protein	3H:173351655	3H	173351655	0.439	172557253	172557692	794
betaglucan	betaglucan_R03	3H	475967335	0.438	475653552	475653990	313.3
fiber	fiber_R04	3H	543690146	0.438	544916229	544916667	1226.1
protein	3H:173351655	3H	173351655	0.438	172576774	172577212	774.4
fiber	fiber_R04	3H	543690146	0.437	542369338	542369775	1320.4
fiber	fiber_R04	3H	543690146	0.437	544469047	544469484	778.9
starch	starch_R03	3H	546433616	0.437	545946958	545947395	486.2
protein	3H:173351655	3H	173351655	0.437	172823015	172823452	528.2
betaglucan	betaglucan_R03	3H	475967335	0.436	475671793	475672229	295.1
fiber	fiber_R04	3H	543690146	0.435	544313622	544314057	623.5
starch	starch_R04	6H	525776080	0.435	526392556	526392991	616.5
fiber	fiber_R04	3H	543690146	0.434	544036951	544037385	346.8
fiber	fiber_R04	3H	543690146	0.434	545365303	545365737	1675.2
fiber	fiber_R10	5H	462564771	0.434	461362134	461362568	1202.2
protein	protein_R01	3H	106623911	0.434	106623477	106623911	0
starch	starch_R03	3H	546433616	0.434	546107207	546107641	326
betaglucan	betaglucan_R03	3H	475967335	0.433	475626868	475627301	340
betaglucan	betaglucan_R03	3H	475967335	0.433	476062311	476062744	95
fiber	fiber_R04	3H	543690146	0.433	545474965	545475398	1784.8
protein	protein_R01	3H	106623911	0.433	107793639	107794072	1169.7
starch	starch_R03	3H	546433616	0.433	546023131	546023564	410.1
starch	starch_R04	6H	525776080	0.433	526487680	526488113	711.6
protein	3H:173351655	3H	173351655	0.433	172041511	172041944	1309.7
fiber	fiber_R04	3H	543690146	0.432	544496484	544496916	806.3
starch	starch_R03	3H	546433616	0.432	546100385	546100817	332.8
starch	starch_R04	6H	525776080	0.432	526253097	526253529	477
protein	3H:173351655	3H	173351655	0.432	172445925	172446357	905.3
betaglucan	betaglucan_R03	3H	475967335	0.431	475696661	475697092	270.2
fiber	fiber_R04	3H	543690146	0.431	541909677	541910108	1780
protein	3H:173351655	3H	173351655	0.431	172548116	172548547	803.1
betaglucan	betaglucan_R02	2H	41996626	0.43	41421317	41421747	574.9
fiber	fiber_R04	3H	543690146	0.43	544532593	544533023	842.4
starch	starch_R04	6H	525776080	0.43	525887880	525888310	111.8
starch	starch_R04	6H	525776080	0.43	526439937	526440367	663.9
fiber	fiber_R05	4H	24707376	0.429	24834848	24835277	127.5
betaglucan	betaglucan_R03	3H	475967335	0.428	475827570	475827998	139.3
fiber	fiber_R10	5H	462564771	0.428	461918601	461919029	645.7
protein	3H:173351655	3H	173351655	0.428	172502362	172502790	848.9
protein	3H:173351655	3H	173351655	0.427	172049916	172050343	1301.3
protein	3H:173351655	3H	173351655	0.427	172667264	172667691	684
fiber	fiber_R04	3H	543690146	0.426	544552580	544553006	862.4
fiber	fiber_R12	7H	415651802	0.426	415632087	415632513	19.3
protein	3H:173351655	3H	173351655	0.426	172943648	172944074	407.6
betaglucan	betaglucan_R03	3H	475967335	0.425	475602208	475602633	364.7
fiber	fiber_R04	3H	543690146	0.425	543740489	543740914	50.3
fiber	fiber_R05	4H	24707376	0.425	24708916	24709341	1.5
starch	starch_R04	6H	525776080	0.425	525830755	525831180	54.7
betaglucan	betaglucan_R03	3H	475967335	0.424	475972010	475972434	4.7
fiber	fiber_R04	3H	543690146	0.424	543762931	543763355	72.8
fiber	fiber_R04	3H	543690146	0.423	544571277	544571700	881.1
starch	starch_R04	6H	525776080	0.423	526406403	526406826	630.3
fiber	fiber_R04	3H	543690146	0.422	544737965	544738387	1047.8
betaglucan	betaglucan_R03	3H	475967335	0.421	475842618	475843039	124.3
betaglucan	betaglucan_R03	3H	475967335	0.421	475877585	475878006	89.3
fiber	fiber_R04	3H	543690146	0.421	542137796	542138217	1551.9
protein	protein_R01	3H	106623911	0.421	106079006	106079427	544.5
starch	starch_R02	3H	530660057	0.421	530707457	530707878	47.4
protein	3H:173351655	3H	173351655	0.421	172856356	172856777	494.9
protein	3H:173351655	3H	173351655	0.421	172960379	172960800	390.9
protein	3H:173351655	3H	173351655	0.42	172562335	172562755	788.9
protein	3H:173351655	3H	173351655	0.42	172661740	172662160	689.5
protein	3H:173351655	3H	173351655	0.42	172736306	172736726	614.9
protein	3H:198076308	3H	198076308	0.42	198879258	198879678	803
betaglucan	betaglucan_R05	4H	34858354	0.419	34971190	34971609	112.8
fiber	fiber_R04	3H	543690146	0.418	544396735	544397153	706.6
starch	starch_R04	6H	525776080	0.418	525618982	525619400	156.7
betaglucan	betaglucan_R03	3H	475967335	0.417	475835070	475835487	131.8
fiber	fiber_R04	3H	543690146	0.417	544937083	544937500	1246.9
fiber	fiber_R04	3H	543690146	0.416	543903113	543903529	213
fiber	fiber_R04	3H	543690146	0.416	544478262	544478678	788.1
protein	3H:173351655	3H	173351655	0.416	172525663	172526079	825.6
protein	3H:173351655	3H	173351655	0.416	173298809	173299225	52.4
protein	3H:173351655	3H	173351655	0.415	172505819	172506234	845.4
betaglucan	betaglucan_R03	3H	475967335	0.414	476093881	476094295	126.5
betaglucan	betaglucan_R04	3H	537247620	0.414	537701715	537702129	454.1
fiber	fiber_R04	3H	543690146	0.414	545280405	545280819	1590.3
fiber	fiber_R05	4H	24707376	0.413	24202553	24202966	504.4
protein	3H:173351655	3H	173351655	0.413	172480754	172481167	870.5
betaglucan	betaglucan_R03	3H	475967335	0.412	475698311	475698723	268.6
betaglucan	betaglucan_R03	3H	475967335	0.412	475825090	475825502	141.8
fiber	fiber_R04	3H	543690146	0.412	545186576	545186988	1496.4
protein	3H:173351655	3H	173351655	0.412	172507269	172507681	844
protein	3H:173351655	3H	173351655	0.412	172880834	172881246	470.4
fiber	fiber_R04	3H	543690146	0.411	543869858	543870269	179.7
fiber	fiber_R04	3H	543690146	0.411	544926015	544926426	1235.9
fiber	fiber_R05	4H	24707376	0.411	24208474	24208885	498.5
fiber	fiber_R05	4H	24707376	0.411	24835539	24835950	128.2
starch	starch_R04	6H	525776080	0.411	525642879	525643290	132.8
fiber	fiber_R04	3H	543690146	0.41	543907420	543907830	217.3
protein	protein_R01	3H	106623911	0.41	106409541	106409951	214
protein	protein_R01	3H	106623911	0.409	107608259	107608668	984.3
protein	3H:173351655	3H	173351655	0.409	173224215	173224624	127
fiber	fiber_R04	3H	543690146	0.408	545437207	545437615	1747.1
protein	3H:198076308	3H	198076308	0.408	199414529	199414937	1338.2
betaglucan	betaglucan_R03	3H	475967335	0.407	475859592	475859999	107.3
fiber	fiber_R04	3H	543690146	0.407	544548077	544548484	857.9
fiber	fiber_R04	3H	543690146	0.407	544612183	544612590	922
protein	protein_R01	3H	106623911	0.407	107612395	107612802	988.5
starch	starch_R02	3H	530660057	0.407	530681726	530682133	21.7
starch	starch_R03	3H	546433616	0.407	545968271	545968678	464.9
starch	starch_R03	3H	546433616	0.407	546021514	546021921	411.7
fiber	fiber_R04	3H	543690146	0.406	544493600	544494006	803.5
fiber	fiber_R04	3H	543690146	0.406	544782756	544783162	1092.6
protein	3H:173351655	3H	173351655	0.406	173219731	173220137	131.5
fiber	fiber_R04	3H	543690146	0.405	544370225	544370630	680.1
fiber	fiber_R04	3H	543690146	0.405	544658581	544658986	968.4
protein	3H:173351655	3H	173351655	0.405	172412139	172412544	939.1
protein	3H:173351655	3H	173351655	0.405	172534131	172534536	817.1
protein	3H:173351655	3H	173351655	0.405	173177532	173177937	173.7
protein	3H:173351655	3H	173351655	0.405	173195509	173195914	155.7
fiber	fiber_R04	3H	543690146	0.404	544553536	544553940	863.4
fiber	fiber_R04	3H	543690146	0.404	545516614	545517018	1826.5
protein	3H:173351655	3H	173351655	0.404	172577868	172578272	773.4
protein	3H:173351655	3H	173351655	0.404	172733896	172734300	617.4
starch	starch_R03	3H	546433616	0.403	546029565	546029968	403.6
protein	3H:173351655	3H	173351655	0.403	173164403	173164806	186.8
protein	3H:173351655	3H	173351655	0.403	173282959	173283362	68.3
protein	3H:198076308	3H	198076308	0.403	198490479	198490882	414.2
betaglucan	betaglucan_R03	3H	475967335	0.402	475655227	475655629	311.7
betaglucan	betaglucan_R03	3H	475967335	0.402	475766571	475766973	200.4
protein	3H:173351655	3H	173351655	0.402	172315543	172315945	1035.7
protein	3H:173351655	3H	173351655	0.402	172759520	172759922	591.7
fiber	fiber_R04	3H	543690146	0.401	545069168	545069569	1379
protein	protein_R01	3H	106623911	0.401	106779200	106779601	155.3
fiber	fiber_R04	3H	543690146	0.4	544396335	544396735	706.2
fiber	fiber_R04	3H	543690146	0.4	545165362	545165762	1475.2
starch	starch_R04	6H	525776080	0.4	526486607	526487007	710.5
protein	3H:173351655	3H	173351655	0.4	171677612	171678012	1673.6
starch	starch_R02	3H	530660057	0.399	530660057	530660456	0
starch	starch_R03	3H	546433616	0.399	546775806	546776205	342.2
betaglucan	betaglucan_R03	3H	475967335	0.398	476023845	476024243	56.5
betaglucan	betaglucan_R04	3H	537247620	0.398	538459024	538459422	1211.4
fiber	fiber_R04	3H	543690146	0.398	543869460	543869858	179.3
fiber	fiber_R04	3H	543690146	0.398	544440810	544441208	750.7
fiber	fiber_R10	5H	462564771	0.398	460908283	460908681	1656.1
fiber	fiber_R10	5H	462564771	0.398	461850566	461850964	713.8
fiber	fiber_R04	3H	543690146	0.397	544766875	544767272	1076.7
fiber	fiber_R04	3H	543690146	0.397	544881862	544882259	1191.7
fiber	fiber_R04	3H	543690146	0.395	544573409	544573804	883.3
protein	3H:173351655	3H	173351655	0.395	173164008	173164403	187.3
fiber	fiber_R04	3H	543690146	0.394	544807400	544807794	1117.3
fiber	fiber_R04	3H	543690146	0.394	545002972	545003366	1312.8
fiber	fiber_R04	3H	543690146	0.394	545209478	545209872	1519.3
protein	protein_R01	3H	106623911	0.394	106858937	106859331	235
protein	3H:173351655	3H	173351655	0.394	172484073	172484467	867.2
betaglucan	betaglucan_R03	3H	475967335	0.393	476009675	476010068	42.3
starch	starch_R02	3H	530660057	0.393	530624734	530625127	34.9
protein	3H:198076308	3H	198076308	0.393	198520034	198520427	443.7
betaglucan	betaglucan_R03	3H	475967335	0.392	475842001	475842393	124.9
fiber	fiber_R04	3H	543690146	0.392	545054339	545054731	1364.2
starch	starch_R04	6H	525776080	0.392	525324106	525324498	451.6
betaglucan	betaglucan_R03	3H	475967335	0.391	476015892	476016283	48.6
fiber	fiber_R04	3H	543690146	0.391	544306735	544307126	616.6
protein	protein_R01	3H	106623911	0.391	106574916	106575307	48.6
protein	3H:173351655	3H	173351655	0.391	172666873	172667264	684.4
betaglucan	betaglucan_R03	3H	475967335	0.39	475791844	475792234	175.1
betaglucan	betaglucan_R03	3H	475967335	0.39	476015368	476015758	48
fiber	fiber_R04	3H	543690146	0.39	545638689	545639079	1948.5
fiber	fiber_R12	7H	415651802	0.39	415638120	415638510	13.3
starch	starch_R03	3H	546433616	0.39	546575490	546575880	141.9
protein	3H:173351655	3H	173351655	0.39	172383705	172384095	967.6
protein	3H:198076308	3H	198076308	0.39	199090870	199091260	1014.6
betaglucan	betaglucan_R03	3H	475967335	0.389	475626107	475626496	340.8
fiber	fiber_R04	3H	543690146	0.389	544240193	544240582	550
fiber	fiber_R04	3H	543690146	0.389	544527146	544527535	837
fiber	fiber_R04	3H	543690146	0.389	544925626	544926015	1235.5
protein	protein_R01	3H	106623911	0.388	106196657	106197045	426.9
protein	3H:173351655	3H	173351655	0.388	172616782	172617170	734.5
protein	3H:173351655	3H	173351655	0.388	173103941	173104329	247.3
fiber	fiber_R04	3H	543690146	0.387	544262650	544263037	572.5
fiber	fiber_R04	3H	543690146	0.387	544776800	544777187	1086.7
fiber	fiber_R12	7H	415651802	0.387	415543867	415544254	107.5
starch	starch_R03	3H	546433616	0.387	546542556	546542943	108.9
fiber	fiber_R04	3H	543690146	0.385	544232693	544233078	542.5
protein	3H:173351655	3H	173351655	0.385	172404369	172404754	946.9
protein	3H:198076308	3H	198076308	0.385	198084085	198084470	7.8
betaglucan	betaglucan_R03	3H	475967335	0.384	475605916	475606300	361
fiber	fiber_R04	3H	543690146	0.384	542046690	542047074	1643.1
fiber	fiber_R04	3H	543690146	0.384	545054731	545055115	1364.6
fiber	fiber_R08	5H	377309369	0.384	377553937	377554321	244.6
protein	protein_R01	3H	106623911	0.384	106190603	106190987	432.9
protein	3H:173351655	3H	173351655	0.384	172942605	172942989	408.7
fiber	fiber_R04	3H	543690146	0.383	544635243	544635626	945.1
fiber	fiber_R04	3H	543690146	0.383	544798706	544799089	1108.6
fiber	fiber_R04	3H	543690146	0.383	544885002	544885385	1194.9
starch	starch_R03	3H	546433616	0.383	545920297	545920680	512.9
protein	3H:173351655	3H	173351655	0.382	173224624	173225006	126.6
fiber	fiber_R04	3H	543690146	0.381	541877595	541877976	1812.2
fiber	fiber_R04	3H	543690146	0.381	544488885	544489266	798.7
starch	starch_R04	6H	525776080	0.381	525243839	525244220	531.9
protein	3H:173351655	3H	173351655	0.381	173014501	173014882	336.8
fiber	fiber_R04	3H	543690146	0.38	543868169	543868549	178
fiber	fiber_R04	3H	543690146	0.38	544925246	544925626	1235.1
fiber	fiber_R05	4H	24707376	0.38	24202966	24203346	504
fiber	fiber_R12	7H	415651802	0.38	415611052	415611432	40.4
starch	starch_R03	3H	546433616	0.38	545989558	545989938	443.7
starch	starch_R04	6H	525776080	0.38	525905300	525905680	129.2
fiber	fiber_R04	3H	543690146	0.379	542391185	542391564	1298.6
fiber	fiber_R04	3H	543690146	0.379	542942391	542942770	747.4
fiber	fiber_R04	3H	543690146	0.379	544771954	544772333	1081.8
fiber	fiber_R10	5H	462564771	0.379	462560238	462560617	4.2
starch	starch_R02	3H	530660057	0.378	530633496	530633874	26.2
starch	starch_R04	6H	525776080	0.378	525726407	525726785	49.3
fiber	fiber_R04	3H	543690146	0.377	544230819	544231196	540.7
protein	3H:173351655	3H	173351655	0.377	172690122	172690499	661.2
betaglucan	betaglucan_R03	3H	475967335	0.376	476023469	476023845	56.1
fiber	fiber_R04	3H	543690146	0.376	544881486	544881862	1191.3
fiber	fiber_R05	4H	24707376	0.376	24723108	24723484	15.7
protein	3H:173351655	3H	173351655	0.376	172825703	172826079	525.6
fiber	fiber_R04	3H	543690146	0.375	544837287	544837662	1147.1
fiber	fiber_R04	3H	543690146	0.375	545396480	545396855	1706.3
fiber	fiber_R04	3H	543690146	0.375	545599501	545599876	1909.4
protein	3H:173351655	3H	173351655	0.375	172506543	172506918	844.7
protein	3H:173351655	3H	173351655	0.375	173265122	173265497	86.2
protein	3H:173351655	3H	173351655	0.375	173351655	173352030	0
fiber	fiber_R04	3H	543690146	0.374	544801227	544801601	1111.1
fiber	fiber_R04	3H	543690146	0.374	545103950	545104324	1413.8
protein	protein_R01	3H	106623911	0.374	106624766	106625140	0.9
starch	starch_R01	1H	330432546	0.374	330562468	330562842	129.9
fiber	fiber_R04	3H	543690146	0.373	541869630	541870003	1820.1
fiber	fiber_R04	3H	543690146	0.373	544374743	544375116	684.6
fiber	fiber_R04	3H	543690146	0.373	544540093	544540466	849.9
betaglucan	betaglucan_R03	3H	475967335	0.372	476061212	476061584	93.9
fiber	fiber_R04	3H	543690146	0.372	544556977	544557349	866.8
betaglucan	betaglucan_R03	3H	475967335	0.371	475761362	475761733	205.6
fiber	fiber_R03	1H	440573355	0.371	441630645	441631016	1057.3
fiber	fiber_R04	3H	543690146	0.371	544239822	544240193	549.7
fiber	fiber_R04	3H	543690146	0.371	545130667	545131038	1440.5
starch	starch_R02	3H	530660057	0.371	530704548	530704919	44.5
starch	starch_R03	3H	546433616	0.371	546096113	546096484	337.1
starch	starch_R04	6H	525776080	0.371	525742673	525743044	33
protein	3H:173351655	3H	173351655	0.371	172467227	172467598	884.1
protein	3H:173351655	3H	173351655	0.37	172692401	172692771	658.9
protein	3H:173351655	3H	173351655	0.37	172772161	172772531	579.1
betaglucan	betaglucan_R03	3H	475967335	0.369	475768648	475769017	198.3
betaglucan	betaglucan_R03	3H	475967335	0.369	476022341	476022710	55
betaglucan	betaglucan_R03	3H	475967335	0.369	476058148	476058517	90.8
starch	starch_R04	6H	525776080	0.369	525301758	525302127	474
fiber	fiber_R04	3H	543690146	0.368	544503118	544503486	813
fiber	fiber_R04	3H	543690146	0.368	545605581	545605949	1915.4
fiber	fiber_R05	4H	24707376	0.368	24835950	24836318	128.6
starch	starch_R03	3H	546433616	0.368	546834313	546834681	400.7
protein	3H:173351655	3H	173351655	0.368	172553797	172554165	797.5
fiber	fiber_R04	3H	543690146	0.367	544766508	544766875	1076.4
protein	3H:173351655	3H	173351655	0.367	172396072	172396439	955.2
protein	3H:173351655	3H	173351655	0.367	172732480	172732847	618.8
fiber	fiber_R04	3H	543690146	0.366	544842313	544842679	1152.2
fiber	fiber_R04	3H	543690146	0.366	545073183	545073549	1383
starch	starch_R03	3H	546433616	0.366	545954310	545954676	478.9
starch	starch_R03	3H	546433616	0.366	546040111	546040477	393.1
protein	3H:173351655	3H	173351655	0.366	171666924	171667290	1684.4
protein	3H:173351655	3H	173351655	0.366	172049550	172049916	1301.7
betaglucan	betaglucan_R03	3H	475967335	0.365	475873081	475873446	93.9
betaglucan	betaglucan_R03	3H	475967335	0.365	475997611	475997976	30.3
fiber	fiber_R04	3H	543690146	0.365	545022317	545022682	1332.2
fiber	fiber_R04	3H	543690146	0.365	545213486	545213851	1523.3
betaglucan	betaglucan_R03	3H	475967335	0.364	476061916	476062280	94.6
fiber	fiber_R04	3H	543690146	0.364	544227551	544227915	537.4
fiber	fiber_R04	3H	543690146	0.364	544334830	544335194	644.7
fiber	fiber_R04	3H	543690146	0.364	544539729	544540093	849.6
protein	3H:173351655	3H	173351655	0.364	173280861	173281225	70.4
starch	starch_R04	6H	525776080	0.363	525774699	525775062	1
protein	3H:198076308	3H	198076308	0.363	198880627	198880990	804.3
betaglucan	betaglucan_R03	3H	475967335	0.362	476056900	476057262	89.6
betaglucan	betaglucan_R08	6H	475144663	0.362	475118877	475119239	25.4
fiber	fiber_R12	7H	415651802	0.362	416086428	416086790	434.6
starch	starch_R03	3H	546433616	0.362	545923657	545924019	509.6
protein	3H:173351655	3H	173351655	0.362	172280261	172280623	1071
protein	3H:173351655	3H	173351655	0.362	172394558	172394920	956.7
protein	3H:173351655	3H	173351655	0.362	172949418	172949780	401.9
protein	3H:173351655	3H	173351655	0.362	173171174	173171536	180.1
betaglucan	betaglucan_R03	3H	475967335	0.361	475665346	475665707	301.6
fiber	fiber_R04	3H	543690146	0.361	544819083	544819444	1128.9
fiber	fiber_R04	3H	543690146	0.361	545040784	545041145	1350.6
fiber	fiber_R04	3H	543690146	0.36	544489314	544489674	799.2
fiber	fiber_R10	5H	462564771	0.36	460998600	460998960	1565.8
starch	starch_R02	3H	530660057	0.36	530679334	530679694	19.3
fiber	fiber_R04	3H	543690146	0.359	544033945	544034304	343.8
fiber	fiber_R04	3H	543690146	0.359	544437178	544437537	747
fiber	fiber_R12	7H	415651802	0.359	415795622	415795981	143.8
starch	starch_R04	6H	525776080	0.359	525456125	525456484	319.6
protein	3H:198076308	3H	198076308	0.359	197734307	197734666	341.6
betaglucan	betaglucan_R03	3H	475967335	0.358	475572179	475572537	394.8
fiber	fiber_R04	3H	543690146	0.358	543825113	543825471	135
fiber	fiber_R04	3H	543690146	0.358	544397153	544397511	707
fiber	fiber_R04	3H	543690146	0.358	544471202	544471560	781.1
fiber	fiber_R04	3H	543690146	0.358	544502760	544503118	812.6
fiber	fiber_R04	3H	543690146	0.358	545041883	545042241	1351.7
fiber	fiber_R05	4H	24707376	0.358	24676384	24676742	30.6
fiber	fiber_R11	7H	14817657	0.358	14927590	14927948	109.9
starch	starch_R03	3H	546433616	0.358	546095080	546095438	338.2
fiber	fiber_R10	5H	462564771	0.357	461431190	461431547	1133.2
protein	3H:173351655	3H	173351655	0.357	172470655	172471012	880.6
betaglucan	betaglucan_R03	3H	475967335	0.356	475935694	475936050	31.3
fiber	fiber_R04	3H	543690146	0.356	543858602	543858958	168.5
fiber	fiber_R04	3H	543690146	0.356	544474307	544474663	784.2
protein	3H:173351655	3H	173351655	0.356	172368082	172368438	983.2
fiber	fiber_R04	3H	543690146	0.354	542320207	542320561	1369.6
fiber	fiber_R05	4H	24707376	0.354	24839733	24840087	132.4
protein	3H:173351655	3H	173351655	0.354	172929967	172930321	421.3
betaglucan	betaglucan_R03	3H	475967335	0.353	475602760	475603113	364.2
starch	starch_R02	3H	530660057	0.353	530704919	530705272	44.9
fiber	fiber_R04	3H	543690146	0.352	541869278	541869630	1820.5
fiber	fiber_R04	3H	543690146	0.352	544480758	544481110	790.6
fiber	fiber_R04	3H	543690146	0.352	545127370	545127722	1437.2
protein	3H:173351655	3H	173351655	0.352	172701527	172701879	649.8
protein	3H:173351655	3H	173351655	0.352	172882770	172883122	468.5
betaglucan	betaglucan_R03	3H	475967335	0.351	475794837	475795188	172.1
fiber	fiber_R04	3H	543690146	0.351	541852362	541852713	1837.4
fiber	fiber_R04	3H	543690146	0.351	544390778	544391129	700.6
fiber	fiber_R04	3H	543690146	0.351	545196846	545197197	1506.7
protein	3H:173351655	3H	173351655	0.351	172050462	172050813	1300.8
fiber	fiber_R04	3H	543690146	0.35	544781896	544782246	1091.8
starch	starch_R04	6H	525776080	0.35	525820407	525820757	44.3
betaglucan	betaglucan_R03	3H	475967335	0.349	475591566	475591915	375.4
betaglucan	betaglucan_R03	3H	475967335	0.349	475859243	475859592	107.7
fiber	fiber_R05	4H	24707376	0.349	24453082	24453431	253.9
protein	3H:173351655	3H	173351655	0.349	172329110	172329459	1022.2
protein	3H:173351655	3H	173351655	0.349	172954283	172954632	397
fiber	fiber_R04	3H	543690146	0.348	544268984	544269332	578.8
fiber	fiber_R04	3H	543690146	0.348	544523474	544523822	833.3
fiber	fiber_R04	3H	543690146	0.348	544577573	544577921	887.4
fiber	fiber_R05	4H	24707376	0.348	24723971	24724319	16.6
fiber	fiber_R04	3H	543690146	0.347	544216715	544217062	526.6
starch	starch_R02	3H	530660057	0.347	530682277	530682624	22.2
starch	starch_R04	6H	525776080	0.347	525891121	525891468	115
protein	3H:173351655	3H	173351655	0.347	173272298	173272645	79
betaglucan	betaglucan_R04	3H	537247620	0.346	537702574	537702920	455
fiber	fiber_R04	3H	543690146	0.346	544524762	544525108	834.6
fiber	fiber_R04	3H	543690146	0.346	544769232	544769578	1079.1
fiber	fiber_R04	3H	543690146	0.346	545601914	545602260	1911.8
starch	starch_R04	6H	525776080	0.346	525776080	525776426	0
protein	3H:173351655	3H	173351655	0.346	172385280	172385626	966
protein	3H:173351655	3H	173351655	0.346	172516857	172517203	834.5
betaglucan	betaglucan_R08	6H	475144663	0.345	475119239	475119584	25.1
fiber	fiber_R10	5H	462564771	0.345	461430845	461431190	1133.6
fiber	fiber_R12	7H	415651802	0.345	415631742	415632087	19.7
protein	3H:173351655	3H	173351655	0.345	172822670	172823015	528.6
protein	3H:173351655	3H	173351655	0.345	173125539	173125884	225.8
protein	3H:198076308	3H	198076308	0.345	198022232	198022577	53.7
betaglucan	betaglucan_R03	3H	475967335	0.344	475605045	475605389	361.9
starch	starch_R03	3H	546433616	0.344	546033730	546034074	399.5
protein	3H:173351655	3H	173351655	0.344	172833410	172833754	517.9
betaglucan	betaglucan_R03	3H	475967335	0.343	476055630	476055973	88.3
protein	3H:173351655	3H	173351655	0.343	172299823	172300166	1051.5
protein	3H:173351655	3H	173351655	0.343	172604007	172604350	747.3
fiber	fiber_R04	3H	543690146	0.342	544550561	544550903	860.4
protein	3H:173351655	3H	173351655	0.342	173283371	173283713	67.9
protein	3H:198076308	3H	198076308	0.342	197903011	197903353	173
betaglucan	betaglucan_R03	3H	475967335	0.341	475573033	475573374	394
betaglucan	betaglucan_R04	3H	537247620	0.341	539021614	539021955	1774
fiber	fiber_R04	3H	543690146	0.341	544940588	544940929	1250.4
starch	starch_R03	3H	546433616	0.341	545893359	545893700	539.9
fiber	fiber_R04	3H	543690146	0.34	544648098	544648438	958
protein	3H:173351655	3H	173351655	0.34	172456018	172456358	895.3
fiber	fiber_R04	3H	543690146	0.339	544382131	544382470	692
protein	protein_R01	3H	106623911	0.339	108061696	108062035	1437.8
fiber	fiber_R04	3H	543690146	0.338	544557386	544557724	867.2
protein	3H:198076308	3H	198076308	0.338	198039660	198039998	36.3
fiber	fiber_R04	3H	543690146	0.337	542912595	542912932	777.2
fiber	fiber_R04	3H	543690146	0.337	544028684	544029021	338.5
fiber	fiber_R04	3H	543690146	0.337	544384191	544384528	694
fiber	fiber_R04	3H	543690146	0.337	545006214	545006551	1316.1
fiber	fiber_R10	5H	462564771	0.337	462683807	462684144	119
starch	starch_R04	6H	525776080	0.337	526843010	526843347	1066.9
betaglucan	betaglucan_R02	2H	41996626	0.336	42016001	42016337	19.4
betaglucan	betaglucan_R03	3H	475967335	0.336	475972447	475972783	5.1
fiber	fiber_R04	3H	543690146	0.336	545157813	545158149	1467.7
starch	starch_R03	3H	546433616	0.336	545922059	545922395	511.2
betaglucan	betaglucan_R03	3H	475967335	0.335	476009107	476009442	41.8
fiber	fiber_R04	3H	543690146	0.335	545187637	545187972	1497.5
starch	starch_R03	3H	546433616	0.335	546083255	546083590	350
starch	starch_R04	6H	525776080	0.335	525459280	525459615	316.5
protein	3H:173351655	3H	173351655	0.335	172848496	172848831	502.8
fiber	fiber_R05	4H	24707376	0.334	24842071	24842405	134.7
protein	3H:198076308	3H	198076308	0.334	198076308	198076642	0
betaglucan	betaglucan_R03	3H	475967335	0.333	475797387	475797720	169.6
betaglucan	betaglucan_R03	3H	475967335	0.333	475845434	475845767	121.6
fiber	fiber_R05	4H	24707376	0.333	24829369	24829702	122
fiber	fiber_R12	7H	415651802	0.333	415905478	415905811	253.7
starch	starch_R03	3H	546433616	0.333	545971769	545972102	461.5
betaglucan	betaglucan_R03	3H	475967335	0.332	475562072	475562404	404.9
betaglucan	betaglucan_R03	3H	475967335	0.332	475697452	475697784	269.6
betaglucan	betaglucan_R03	3H	475967335	0.332	475831526	475831858	135.5
betaglucan	betaglucan_R03	3H	475967335	0.332	475847910	475848242	119.1
fiber	fiber_R04	3H	543690146	0.331	543917273	543917604	227.1
fiber	fiber_R04	3H	543690146	0.331	544306308	544306639	616.2
starch	starch_R03	3H	546433616	0.331	546578492	546578823	144.9
protein	3H:173351655	3H	173351655	0.331	172022115	172022446	1329.2
protein	3H:198076308	3H	198076308	0.331	199469497	199469828	1393.2
fiber	fiber_R04	3H	543690146	0.33	544553084	544553414	862.9
fiber	fiber_R04	3H	543690146	0.33	544813345	544813675	1123.2
protein	3H:173351655	3H	173351655	0.33	172740974	172741304	610.4
fiber	fiber_R04	3H	543690146	0.329	543739449	543739778	49.3
fiber	fiber_R04	3H	543690146	0.329	544272664	544272993	582.5
fiber	fiber_R10	5H	462564771	0.329	461749535	461749864	814.9
starch	starch_R04	6H	525776080	0.329	525792114	525792443	16
betaglucan	betaglucan_R03	3H	475967335	0.328	475621338	475621666	345.7
fiber	fiber_R03	1H	440573355	0.328	440685964	440686292	112.6
fiber	fiber_R04	3H	543690146	0.328	544472390	544472718	782.2
fiber	fiber_R04	3H	543690146	0.328	544732897	544733225	1042.8
protein	3H:173351655	3H	173351655	0.328	172469306	172469634	882
betaglucan	betaglucan_R03	3H	475967335	0.327	475966349	475966676	0.7
betaglucan	betaglucan_R03	3H	475967335	0.327	476057659	476057986	90.3
starch	starch_R04	6H	525776080	0.327	526271984	526272311	495.9
fiber	fiber_R04	3H	543690146	0.326	544031170	544031496	341
fiber	fiber_R04	3H	543690146	0.326	545646121	545646447	1956
betaglucan	betaglucan_R03	3H	475967335	0.325	475873694	475874019	93.3
fiber	fiber_R04	3H	543690146	0.325	544043095	544043420	352.9
fiber	fiber_R04	3H	543690146	0.325	545296273	545296598	1606.1
fiber	fiber_R04	3H	543690146	0.324	544393233	544393557	703.1
fiber	fiber_R04	3H	543690146	0.324	544842679	544843003	1152.5
fiber	fiber_R04	3H	543690146	0.323	544749201	544749524	1059.1
fiber	fiber_R10	5H	462564771	0.323	462753861	462754184	189.1
fiber	fiber_R04	3H	543690146	0.322	544657012	544657334	966.9
starch	starch_R03	3H	546433616	0.322	546071594	546071916	361.7
protein	3H:173351655	3H	173351655	0.322	172333066	172333388	1018.3
betaglucan	betaglucan_R03	3H	475967335	0.321	475625477	475625798	341.5
betaglucan	betaglucan_R03	3H	475967335	0.321	476082024	476082345	114.7
fiber	fiber_R04	3H	543690146	0.321	543858958	543859279	168.8
fiber	fiber_R05	4H	24707376	0.321	24799343	24799664	92
betaglucan	betaglucan_R02	2H	41996626	0.32	41202235	41202555	794.1
betaglucan	betaglucan_R03	3H	475967335	0.32	475672296	475672616	294.7
betaglucan	betaglucan_R03	3H	475967335	0.32	476082345	476082665	115
betaglucan	betaglucan_R05	4H	34858354	0.32	34861116	34861436	2.8
fiber	fiber_R04	3H	543690146	0.32	545158149	545158469	1468
protein	3H:173351655	3H	173351655	0.32	172542852	172543172	808.5
betaglucan	betaglucan_R03	3H	475967335	0.319	475941564	475941883	25.5
starch	starch_R03	3H	546433616	0.319	546029246	546029565	404.1
fiber	fiber_R04	3H	543690146	0.318	544525158	544525476	835
starch	starch_R03	3H	546433616	0.318	546035551	546035869	397.7
starch	starch_R03	3H	546433616	0.318	546422373	546422691	10.9
protein	3H:173351655	3H	173351655	0.318	173110420	173110738	240.9
fiber	fiber_R04	3H	543690146	0.316	545032043	545032359	1341.9
starch	starch_R03	3H	546433616	0.316	546092968	546093284	340.3
betaglucan	betaglucan_R03	3H	475967335	0.315	475665899	475666214	301.1
betaglucan	betaglucan_R03	3H	475967335	0.315	475770391	475770706	196.6
fiber	fiber_R04	3H	543690146	0.315	544399034	544399349	708.9
fiber	fiber_R04	3H	543690146	0.315	544537838	544538153	847.7
fiber	fiber_R04	3H	543690146	0.315	544799779	544800094	1109.6
protein	3H:173351655	3H	173351655	0.315	172426684	172426999	924.7
betaglucan	betaglucan_R03	3H	475967335	0.314	475846645	475846959	120.4
betaglucan	betaglucan_R03	3H	475967335	0.314	476013514	476013828	46.2
starch	starch_R03	3H	546433616	0.314	546035874	546036188	397.4
protein	3H:173351655	3H	173351655	0.314	173282561	173282875	68.8
betaglucan	betaglucan_R03	3H	475967335	0.313	475966676	475966989	0.3
betaglucan	betaglucan_R03	3H	475967335	0.313	476056479	476056792	89.1
fiber	fiber_R04	3H	543690146	0.313	544393661	544393974	703.5
protein	protein_R01	3H	106623911	0.313	108003584	108003897	1379.7
protein	3H:173351655	3H	173351655	0.313	172338377	172338690	1013
protein	3H:173351655	3H	173351655	0.313	173123904	173124217	227.4
betaglucan	betaglucan_R03	3H	475967335	0.312	475867688	475868000	99.3
fiber	fiber_R04	3H	543690146	0.312	542109616	542109928	1580.2
fiber	fiber_R04	3H	543690146	0.312	544213899	544214211	523.8
fiber	fiber_R04	3H	543690146	0.312	544526073	544526385	835.9
starch	starch_R02	3H	530660057	0.312	530633132	530633444	26.6
protein	3H:173351655	3H	173351655	0.312	172455706	172456018	895.6
fiber	fiber_R04	3H	543690146	0.311	542391564	542391875	1298.3
fiber	fiber_R04	3H	543690146	0.311	544454930	544455241	764.8
fiber	fiber_R04	3H	543690146	0.311	545165909	545166220	1475.8
starch	starch_R03	3H	546433616	0.311	546024256	546024567	409
starch	starch_R04	6H	525776080	0.311	525388595	525388906	387.2
protein	3H:198076308	3H	198076308	0.311	199410368	199410679	1334.1
fiber	fiber_R04	3H	543690146	0.309	544029021	544029330	338.9
fiber	fiber_R04	3H	543690146	0.309	544787220	544787529	1097.1
fiber	fiber_R04	3H	543690146	0.309	545070028	545070337	1379.9
fiber	fiber_R04	3H	543690146	0.309	545580686	545580995	1890.5
betaglucan	betaglucan_R03	3H	475967335	0.308	475870094	475870402	96.9
fiber	fiber_R01	1H	330239605	0.308	330625182	330625490	385.6
fiber	fiber_R04	3H	543690146	0.308	545116535	545116843	1426.4
protein	protein_R01	3H	106623911	0.308	106513259	106513567	110.3
starch	starch_R01	1H	330432546	0.308	330625182	330625490	192.6
starch	starch_R03	3H	546433616	0.308	546094286	546094594	339
starch	starch_R04	6H	525776080	0.308	526488526	526488834	712.4
fiber	fiber_R04	3H	543690146	0.307	544271777	544272084	581.6
protein	3H:173351655	3H	173351655	0.307	172881437	172881744	469.9
betaglucan	betaglucan_R03	3H	475967335	0.306	475769093	475769399	197.9
betaglucan	betaglucan_R03	3H	475967335	0.306	475943613	475943919	23.4
betaglucan	betaglucan_R03	3H	475967335	0.306	476066535	476066841	99.2
betaglucan	betaglucan_R04	3H	537247620	0.306	537952178	537952484	704.6
betaglucan	betaglucan_R03	3H	475967335	0.305	475971130	475971435	3.8
betaglucan	betaglucan_R03	3H	475967335	0.305	476083642	476083947	116.3
betaglucan	betaglucan_R04	3H	537247620	0.305	537104856	537105161	142.5
fiber	fiber_R04	3H	543690146	0.305	543909289	543909594	219.1
protein	protein_R01	3H	106623911	0.305	107879853	107880158	1255.9
starch	starch_R02	3H	530660057	0.305	530619077	530619382	40.7
starch	starch_R04	6H	525776080	0.305	525905680	525905985	129.6
protein	3H:173351655	3H	173351655	0.305	172064260	172064565	1287.1
fiber	fiber_R04	3H	543690146	0.304	544214211	544214515	524.1
fiber	fiber_R04	3H	543690146	0.304	544883778	544884082	1193.6
fiber	fiber_R04	3H	543690146	0.304	545116231	545116535	1426.1
fiber	fiber_R10	5H	462564771	0.304	461955256	461955560	609.2
protein	3H:173351655	3H	173351655	0.304	173012584	173012888	338.8
protein	3H:173351655	3H	173351655	0.303	172413925	172414228	937.4
protein	3H:173351655	3H	173351655	0.303	173177201	173177504	174.2
betaglucan	betaglucan_R03	3H	475967335	0.302	475562592	475562894	404.4
fiber	fiber_R12	7H	415651802	0.302	415888421	415888723	236.6
starch	starch_R04	6H	525776080	0.302	525630440	525630742	145.3
starch	starch_R04	6H	525776080	0.302	525658625	525658927	117.2
starch	starch_R04	6H	525776080	0.302	525892182	525892484	116.1
fiber	fiber_R04	3H	543690146	0.301	544307126	544307427	617
fiber	fiber_R04	3H	543690146	0.301	544659344	544659645	969.2
protein	3H:173351655	3H	173351655	0.301	173354146	173354447	2.5
betaglucan	betaglucan_R03	3H	475967335	0.3	475993585	475993885	26.2
betaglucan	betaglucan_R03	3H	475967335	0.3	476055984	476056284	88.6
fiber	fiber_R04	3H	543690146	0.3	545526556	545526856	1836.4
starch	starch_R03	3H	546433616	0.3	546024572	546024872	408.7
betaglucan	betaglucan_R02	2H	41996626	0.299	41427364	41427663	569
betaglucan	betaglucan_R03	3H	475967335	0.299	476035340	476035639	68
fiber	fiber_R04	3H	543690146	0.299	545187279	545187578	1497.1
starch	starch_R03	3H	546433616	0.299	546367419	546367718	65.9
starch	starch_R04	6H	525776080	0.299	526487065	526487364	711
protein	3H:173351655	3H	173351655	0.299	172559082	172559381	792.3
fiber	fiber_R04	3H	543690146	0.298	545154333	545154631	1464.2
protein	protein_R01	3H	106623911	0.298	106198409	106198707	425.2
protein	protein_R01	3H	106623911	0.298	108230138	108230436	1606.2
starch	starch_R03	3H	546433616	0.298	546037275	546037573	396
protein	3H:173351655	3H	173351655	0.298	173350686	173350984	0.7
fiber	fiber_R04	3H	543690146	0.297	542028486	542028783	1661.4
fiber	fiber_R04	3H	543690146	0.297	543906565	543906862	216.4
fiber	fiber_R04	3H	543690146	0.297	544229942	544230239	539.8
protein	protein_R01	3H	106623911	0.297	106134725	106135022	488.9
starch	starch_R02	3H	530660057	0.297	530658063	530658360	1.7
fiber	fiber_R04	3H	543690146	0.296	544030874	544031170	340.7
protein	protein_R01	3H	106623911	0.296	106646580	106646876	22.7
protein	3H:173351655	3H	173351655	0.296	173151198	173151494	200.2
fiber	fiber_R04	3H	543690146	0.295	544571959	544572254	881.8
starch	starch_R03	3H	546433616	0.295	546432154	546432449	1.2
starch	starch_R04	6H	525776080	0.295	526481989	526482284	705.9
betaglucan	betaglucan_R03	3H	475967335	0.294	475769665	475769959	197.4
fiber	fiber_R04	3H	543690146	0.294	544312449	544312743	622.3
fiber	fiber_R04	3H	543690146	0.294	544657504	544657798	967.4
protein	3H:173351655	3H	173351655	0.294	172726714	172727008	624.6
betaglucan	betaglucan_R03	3H	475967335	0.293	475968295	475968588	1
betaglucan	betaglucan_R08	6H	475144663	0.293	475272763	475273056	128.1
fiber	fiber_R04	3H	543690146	0.293	545193408	545193701	1503.3
fiber	fiber_R10	5H	462564771	0.293	461104814	461105107	1459.7
protein	3H:173351655	3H	173351655	0.293	172485831	172486124	865.5
protein	3H:173351655	3H	173351655	0.293	172555455	172555748	795.9
betaglucan	betaglucan_R03	3H	475967335	0.292	475874202	475874494	92.8
fiber	fiber_R04	3H	543690146	0.292	545511455	545511747	1821.3
starch	starch_R04	6H	525776080	0.292	525457322	525457614	318.5
protein	3H:173351655	3H	173351655	0.292	172042607	172042899	1308.8
protein	3H:173351655	3H	173351655	0.292	173373317	173373609	21.7
betaglucan	betaglucan_R03	3H	475967335	0.291	475981301	475981592	14
fiber	fiber_R04	3H	543690146	0.291	545186988	545187279	1496.8
protein	protein_R01	3H	106623911	0.291	108061405	108061696	1437.5
starch	starch_R04	6H	525776080	0.291	525776426	525776717	0.3
protein	protein_R01	3H	106623911	0.29	107829276	107829566	1205.4
starch	starch_R04	6H	525776080	0.29	526487390	526487680	711.3
protein	3H:173351655	3H	173351655	0.29	172486124	172486414	865.2
protein	3H:173351655	3H	173351655	0.29	172734300	172734590	617.1
protein	3H:173351655	3H	173351655	0.29	172822380	172822670	529
protein	3H:173351655	3H	173351655	0.29	173352890	173353180	1.2
betaglucan	betaglucan_R03	3H	475967335	0.289	476072169	476072458	104.8
betaglucan	betaglucan_R03	3H	475967335	0.289	476081054	476081343	113.7
fiber	fiber_R04	3H	543690146	0.289	544370735	544371024	680.6
fiber	fiber_R04	3H	543690146	0.289	544579233	544579522	889.1
fiber	fiber_R04	3H	543690146	0.289	545455013	545455302	1764.9
starch	starch_R04	6H	525776080	0.289	526250649	526250938	474.6
protein	3H:173351655	3H	173351655	0.289	172507681	172507970	843.7
fiber	fiber_R04	3H	543690146	0.288	544939235	544939523	1249.1
fiber	fiber_R10	5H	462564771	0.288	461778722	461779010	785.8
starch	starch_R03	3H	546433616	0.288	546359737	546360025	73.6
protein	3H:173351655	3H	173351655	0.288	172525351	172525639	826
protein	3H:173351655	3H	173351655	0.288	172555748	172556036	795.6
protein	3H:173351655	3H	173351655	0.287	172333555	172333842	1017.8
protein	3H:173351655	3H	173351655	0.287	172748019	172748306	603.3
protein	3H:173351655	3H	173351655	0.287	172985761	172986048	365.6
fiber	fiber_R04	3H	543690146	0.286	545005732	545006018	1315.6
fiber	fiber_R04	3H	543690146	0.286	545088998	545089284	1398.9
protein	3H:173351655	3H	173351655	0.286	171845642	171845928	1505.7
protein	3H:173351655	3H	173351655	0.286	172516313	172516599	835.1
betaglucan	betaglucan_R03	3H	475967335	0.285	476020592	476020877	53.3
protein	3H:173351655	3H	173351655	0.285	172430440	172430725	920.9
protein	3H:173351655	3H	173351655	0.285	173015529	173015814	335.8
betaglucan	betaglucan_R03	3H	475967335	0.284	475945579	475945863	21.5
betaglucan	betaglucan_R03	3H	475967335	0.284	476092739	476093023	125.4
fiber	fiber_R04	3H	543690146	0.284	543825522	543825806	135.4
fiber	fiber_R04	3H	543690146	0.284	545158469	545158753	1468.3
fiber	fiber_R04	3H	543690146	0.284	545160864	545161148	1470.7
protein	3H:173351655	3H	173351655	0.284	172380980	172381264	970.4
betaglucan	betaglucan_R04	3H	537247620	0.283	538991315	538991598	1743.7
fiber	fiber_R09	5H	437005013	0.283	435241688	435241971	1763
starch	starch_R03	3H	546433616	0.283	546029968	546030251	403.4
starch	starch_R04	6H	525776080	0.283	525408670	525408953	367.1
protein	3H:198076308	3H	198076308	0.283	199438048	199438331	1361.7
starch	starch_R03	3H	546433616	0.282	546089335	546089617	344
betaglucan	betaglucan_R03	3H	475967335	0.281	475606403	475606684	360.7
betaglucan	betaglucan_R03	3H	475967335	0.281	475971438	475971719	4.1
fiber	fiber_R04	3H	543690146	0.281	545206908	545207189	1516.8
protein	protein_R01	3H	106623911	0.281	107131592	107131873	507.7
protein	3H:173351655	3H	173351655	0.281	172616501	172616782	734.9
betaglucan	betaglucan_R03	3H	475967335	0.28	475650963	475651243	316.1
betaglucan	betaglucan_R03	3H	475967335	0.28	475753323	475753603	213.7
fiber	fiber_R04	3H	543690146	0.28	544041558	544041838	351.4
protein	3H:173351655	3H	173351655	0.28	172118128	172118408	1233.2
fiber	fiber_R04	3H	543690146	0.279	544041238	544041517	351.1
fiber	fiber_R04	3H	543690146	0.278	544817497	544817775	1127.4
fiber	fiber_R04	3H	543690146	0.278	545146068	545146346	1455.9
fiber	fiber_R05	4H	24707376	0.278	24830225	24830503	122.8
starch	starch_R02	3H	530660057	0.278	530623789	530624067	36
starch	starch_R03	3H	546433616	0.278	545973688	545973966	459.6
starch	starch_R04	6H	525776080	0.278	525643880	525644158	131.9
protein	3H:173351655	3H	173351655	0.278	173121502	173121780	229.9
fiber	fiber_R04	3H	543690146	0.277	543691655	543691932	1.5
fiber	fiber_R04	3H	543690146	0.277	544201836	544202113	511.7
fiber	fiber_R04	3H	543690146	0.277	544232220	544232497	542.1
fiber	fiber_R04	3H	543690146	0.277	545162677	545162954	1472.5
starch	starch_R04	6H	525776080	0.277	525938926	525939203	162.8
protein	3H:198076308	3H	198076308	0.277	198137135	198137412	60.8
betaglucan	betaglucan_R03	3H	475967335	0.276	475974602	475974878	7.3
fiber	fiber_R04	3H	543690146	0.276	543580805	543581081	109.1
fiber	fiber_R04	3H	543690146	0.276	544379139	544379415	689
fiber	fiber_R04	3H	543690146	0.276	545211682	545211958	1521.5
fiber	fiber_R04	3H	543690146	0.276	545279158	545279434	1589
protein	protein_R01	3H	106623911	0.276	105529533	105529809	1094.1
protein	protein_R01	3H	106623911	0.276	106627474	106627750	3.6
starch	starch_R02	3H	530660057	0.276	530680858	530681134	20.8
protein	3H:173351655	3H	173351655	0.276	172667691	172667967	683.7
protein	3H:173351655	3H	173351655	0.276	172883966	172884242	467.4
fiber	fiber_R04	3H	543690146	0.275	545160315	545160590	1470.2
starch	starch_R03	3H	546433616	0.275	545986711	545986986	446.6
starch	starch_R03	3H	546433616	0.275	546020245	546020520	413.1
betaglucan	betaglucan_R03	3H	475967335	0.274	475763001	475763275	204.1
betaglucan	betaglucan_R03	3H	475967335	0.274	476060093	476060367	92.8
fiber	fiber_R04	3H	543690146	0.274	544309097	544309371	619
starch	starch_R03	3H	546433616	0.274	545979204	545979478	454.1
starch	starch_R04	6H	525776080	0.274	525457026	525457300	318.8
fiber	fiber_R04	3H	543690146	0.273	544552297	544552570	862.2
fiber	fiber_R04	3H	543690146	0.273	545641847	545642120	1951.7
protein	3H:173351655	3H	173351655	0.273	173153994	173154267	197.4
betaglucan	betaglucan_R03	3H	475967335	0.272	475788975	475789247	178.1
fiber	fiber_R04	3H	543690146	0.272	543763493	543763765	73.3
fiber	fiber_R04	3H	543690146	0.272	544488613	544488885	798.5
protein	3H:173351655	3H	173351655	0.272	173280222	173280494	71.2
protein	3H:198076308	3H	198076308	0.272	197630365	197630637	445.7
fiber	fiber_R10	5H	462564771	0.271	462576878	462577149	12.1
starch	starch_R04	6H	525776080	0.271	525727860	525728131	47.9
betaglucan	betaglucan_R03	3H	475967335	0.27	475654957	475655227	312.1
betaglucan	betaglucan_R03	3H	475967335	0.27	476020119	476020389	52.8
fiber	fiber_R04	3H	543690146	0.27	545104512	545104782	1414.4
starch	starch_R03	3H	546433616	0.27	546043180	546043450	390.2
starch	starch_R04	6H	525776080	0.27	525750031	525750301	25.8
protein	3H:173351655	3H	173351655	0.27	172382685	172382955	968.7
protein	3H:173351655	3H	173351655	0.27	172795529	172795799	555.9
fiber	fiber_R04	3H	543690146	0.269	544816195	544816464	1126
protein	3H:173351655	3H	173351655	0.269	172173250	172173519	1178.1
protein	3H:173351655	3H	173351655	0.269	173120442	173120711	230.9
protein	3H:173351655	3H	173351655	0.269	173137827	173138096	213.6
protein	3H:173351655	3H	173351655	0.269	173274129	173274398	77.3
betaglucan	betaglucan_R03	3H	475967335	0.268	476058900	476059168	91.6
betaglucan	betaglucan_R04	3H	537247620	0.268	537302503	537302771	54.9
fiber	fiber_R04	3H	543690146	0.268	544658123	544658391	968
protein	protein_R01	3H	106623911	0.268	106053216	106053484	570.4
starch	starch_R02	3H	530660057	0.268	530705557	530705825	45.5
starch	starch_R03	3H	546433616	0.268	545922395	545922663	511
starch	starch_R04	6H	525776080	0.268	526439669	526439937	663.6
protein	3H:173351655	3H	173351655	0.268	172307384	172307652	1044
protein	3H:173351655	3H	173351655	0.268	172392315	172392583	959.1
protein	3H:173351655	3H	173351655	0.268	172627224	172627492	724.2
protein	3H:173351655	3H	173351655	0.268	173014882	173015150	336.5
fiber	fiber_R04	3H	543690146	0.267	543864477	543864744	174.3
fiber	fiber_R04	3H	543690146	0.267	544329347	544329614	639.2
fiber	fiber_R04	3H	543690146	0.267	544330510	544330777	640.4
fiber	fiber_R04	3H	543690146	0.267	544375382	544375649	685.2
fiber	fiber_R04	3H	543690146	0.267	544494439	544494706	804.3
protein	3H:173351655	3H	173351655	0.267	172386735	172387002	964.7
protein	3H:173351655	3H	173351655	0.267	173174426	173174693	177
protein	3H:198076308	3H	198076308	0.267	197989450	197989717	86.6
betaglucan	betaglucan_R03	3H	475967335	0.266	475769399	475769665	197.7
betaglucan	betaglucan_R03	3H	475967335	0.266	475874648	475874914	92.4
fiber	fiber_R04	3H	543690146	0.266	544050084	544050350	359.9
fiber	fiber_R04	3H	543690146	0.266	544381865	544382131	691.7
fiber	fiber_R04	3H	543690146	0.266	544453462	544453728	763.3
fiber	fiber_R04	3H	543690146	0.266	544647290	544647556	957.1
fiber	fiber_R04	3H	543690146	0.266	544647556	544647822	957.4
protein	3H:173351655	3H	173351655	0.266	171678012	171678278	1673.4
fiber	fiber_R04	3H	543690146	0.265	544572254	544572519	882.1
fiber	fiber_R04	3H	543690146	0.265	545115679	545115944	1425.5
protein	3H:173351655	3H	173351655	0.265	173310159	173310424	41.2
fiber	fiber_R04	3H	543690146	0.264	544335619	544335883	645.5
fiber	fiber_R04	3H	543690146	0.264	544525684	544525948	835.5
fiber	fiber_R04	3H	543690146	0.264	545031001	545031265	1340.9
protein	3H:173351655	3H	173351655	0.264	172913638	172913902	437.8
betaglucan	betaglucan_R03	3H	475967335	0.263	475767318	475767581	199.8
fiber	fiber_R04	3H	543690146	0.263	544660173	544660436	970
protein	protein_R01	3H	106623911	0.263	105841891	105842154	781.8
betaglucan	betaglucan_R04	3H	537247620	0.262	537816403	537816665	568.8
fiber	fiber_R04	3H	543690146	0.262	544033082	544033344	342.9
fiber	fiber_R05	4H	24707376	0.262	24835277	24835539	127.9
starch	starch_R03	3H	546433616	0.262	546042825	546043087	390.5
starch	starch_R04	6H	525776080	0.262	525728131	525728393	47.7
protein	3H:173351655	3H	173351655	0.262	173348933	173349195	2.5
fiber	fiber_R03	1H	440573355	0.261	441206453	441206714	633.1
fiber	fiber_R04	3H	543690146	0.261	543891921	543892182	201.8
betaglucan	betaglucan_R03	3H	475967335	0.26	475572773	475573033	394.3
fiber	fiber_R04	3H	543690146	0.26	545087582	545087842	1397.4
betaglucan	betaglucan_R03	3H	475967335	0.259	475801661	475801920	165.4
fiber	fiber_R04	3H	543690146	0.259	543567305	543567564	122.6
fiber	fiber_R04	3H	543690146	0.259	544335307	544335566	645.2
protein	protein_R01	3H	106623911	0.259	107315579	107315838	691.7
protein	3H:173351655	3H	173351655	0.259	171596664	171596923	1754.7
betaglucan	betaglucan_R03	3H	475967335	0.258	476058642	476058900	91.3
betaglucan	betaglucan_R09	6H	477651616	0.258	477651358	477651616	0
fiber	fiber_R04	3H	543690146	0.258	544533312	544533570	843.2
fiber	fiber_R04	3H	543690146	0.258	545586679	545586937	1896.5
protein	3H:173351655	3H	173351655	0.258	172516599	172516857	834.8
protein	3H:173351655	3H	173351655	0.258	172552692	172552950	798.7
betaglucan	betaglucan_R03	3H	475967335	0.257	476094295	476094552	127
betaglucan	betaglucan_R04	3H	537247620	0.257	537346769	537347026	99.1
betaglucan	betaglucan_R04	3H	537247620	0.257	537813308	537813565	565.7
fiber	fiber_R05	4H	24707376	0.257	24003694	24003951	703.4
fiber	fiber_R04	3H	543690146	0.256	544475058	544475314	784.9
fiber	fiber_R04	3H	543690146	0.256	544533056	544533312	842.9
fiber	fiber_R04	3H	543690146	0.256	544569181	544569437	879
starch	starch_R02	3H	530660057	0.256	530660776	530661032	0.7
betaglucan	betaglucan_R03	3H	475967335	0.255	475697197	475697452	269.9
betaglucan	betaglucan_R03	3H	475967335	0.255	475978026	475978281	10.7
betaglucan	betaglucan_R03	3H	475967335	0.255	476016434	476016689	49.1
fiber	fiber_R04	3H	543690146	0.255	544577928	544578183	887.8
fiber	fiber_R04	3H	543690146	0.255	545321442	545321697	1631.3
starch	starch_R04	6H	525776080	0.255	526274284	526274539	498.2
betaglucan	betaglucan_R03	3H	475967335	0.254	475944207	475944461	22.9
starch	starch_R02	3H	530660057	0.254	530674352	530674606	14.3
starch	starch_R03	3H	546433616	0.254	545919256	545919510	514.1
protein	3H:198076308	3H	198076308	0.254	198137412	198137666	61.1
fiber	fiber_R03	1H	440573355	0.253	440726869	440727122	153.5
fiber	fiber_R04	3H	543690146	0.253	544214622	544214875	524.5
fiber	fiber_R04	3H	543690146	0.253	544527643	544527896	837.5
fiber	fiber_R04	3H	543690146	0.253	544570676	544570929	880.5
fiber	fiber_R04	3H	543690146	0.253	544629303	544629556	939.2
fiber	fiber_R04	3H	543690146	0.253	544813675	544813928	1123.5
fiber	fiber_R04	3H	543690146	0.253	545073549	545073802	1383.4
fiber	fiber_R04	3H	543690146	0.253	545472127	545472380	1782
protein	3H:173351655	3H	173351655	0.253	172974253	172974506	377.1
betaglucan	betaglucan_R03	3H	475967335	0.252	475831007	475831259	136.1
betaglucan	betaglucan_R03	3H	475967335	0.252	475837439	475837691	129.6
betaglucan	betaglucan_R03	3H	475967335	0.252	475879440	475879692	87.6
fiber	fiber_R03	1H	440573355	0.252	440506802	440507054	66.3
fiber	fiber_R12	7H	415651802	0.252	415632513	415632765	19
starch	starch_R03	3H	546433616	0.252	546317201	546317453	116.2
protein	3H:173351655	3H	173351655	0.252	172557926	172558178	793.5
betaglucan	betaglucan_R03	3H	475967335	0.251	476084867	476085118	117.5
fiber	fiber_R04	3H	543690146	0.251	544266377	544266628	576.2
fiber	fiber_R04	3H	543690146	0.251	544502302	544502553	812.2
fiber	fiber_R04	3H	543690146	0.251	545296022	545296273	1605.9
starch	starch_R03	3H	546433616	0.251	546000873	546001124	432.5
protein	3H:173351655	3H	173351655	0.251	172434838	172435089	916.6
protein	3H:173351655	3H	173351655	0.251	172662980	172663231	688.4
betaglucan	betaglucan_R03	3H	475967335	0.25	475865273	475865523	101.8
betaglucan	betaglucan_R03	3H	475967335	0.25	475970519	475970769	3.2
betaglucan	betaglucan_R03	3H	475967335	0.25	476084281	476084531	116.9
fiber	fiber_R04	3H	543690146	0.25	544310221	544310471	620.1
fiber	fiber_R04	3H	543690146	0.25	544449849	544450099	759.7
protein	protein_R01	3H	106623911	0.25	106024812	106025062	598.8
betaglucan	betaglucan_R03	3H	475967335	0.249	475695284	475695533	271.8
fiber	fiber_R03	1H	440573355	0.249	441206714	441206963	633.4
fiber	fiber_R04	3H	543690146	0.249	544573945	544574194	883.8
fiber	fiber_R04	3H	543690146	0.249	544636664	544636913	946.5
fiber	fiber_R04	3H	543690146	0.249	545055115	545055364	1365
starch	starch_R04	6H	525776080	0.249	525259664	525259913	516.2
protein	3H:173351655	3H	173351655	0.249	172623602	172623851	727.8
protein	3H:173351655	3H	173351655	0.249	173184081	173184330	167.3
protein	3H:173351655	3H	173351655	0.249	173284478	173284727	66.9
betaglucan	betaglucan_R03	3H	475967335	0.248	475828994	475829242	138.1
fiber	fiber_R04	3H	543690146	0.248	544032834	544033082	342.7
protein	3H:173351655	3H	173351655	0.248	173108845	173109093	242.6
protein	3H:173351655	3H	173351655	0.248	173311298	173311546	40.1
betaglucan	betaglucan_R03	3H	475967335	0.247	475605389	475605636	361.7
betaglucan	betaglucan_R03	3H	475967335	0.247	476057412	476057659	90.1
fiber	fiber_R12	7H	415651802	0.247	415544346	415544593	107.2
fiber	fiber_R04	3H	543690146	0.246	544032393	544032639	342.2
fiber	fiber_R04	3H	543690146	0.246	544554406	544554652	864.3
fiber	fiber_R04	3H	543690146	0.246	544574194	544574440	884
fiber	fiber_R12	7H	415651802	0.246	415872671	415872917	220.9
fiber	fiber_R04	3H	543690146	0.245	544314226	544314471	624.1
fiber	fiber_R05	4H	24707376	0.245	26231299	26231544	1523.9
betaglucan	betaglucan_R03	3H	475967335	0.244	476063115	476063359	95.8
fiber	fiber_R04	3H	543690146	0.244	544233235	544233479	543.1
fiber	fiber_R04	3H	543690146	0.244	544264635	544264879	574.5
starch	starch_R03	3H	546433616	0.244	545728325	545728569	705
protein	3H:173351655	3H	173351655	0.244	172682153	172682397	669.3
protein	3H:173351655	3H	173351655	0.244	172858699	172858943	492.7
betaglucan	betaglucan_R03	3H	475967335	0.243	475982714	475982957	15.4
betaglucan	betaglucan_R03	3H	475967335	0.243	476080147	476080390	112.8
fiber	fiber_R04	3H	543690146	0.243	544733777	544734020	1043.6
fiber	fiber_R04	3H	543690146	0.243	545163188	545163431	1473
fiber	fiber_R06	4H	470989624	0.243	470120024	470120267	869.4
protein	protein_R01	3H	106623911	0.243	106146743	106146986	476.9
protein	3H:173351655	3H	173351655	0.243	172381264	172381507	970.1
betaglucan	betaglucan_R03	3H	475967335	0.242	475653078	475653320	314
fiber	fiber_R09	5H	437005013	0.242	437004771	437005013	0
starch	starch_R02	3H	530660057	0.242	530634136	530634378	25.7
starch	starch_R04	6H	525776080	0.242	525408258	525408500	367.6
starch	starch_R03	3H	546433616	0.241	546093737	546093978	339.6
starch	starch_R04	6H	525776080	0.241	525459684	525459925	316.2
starch	starch_R04	6H	525776080	0.241	526382974	526383215	606.9
protein	3H:173351655	3H	173351655	0.241	172395140	172395381	956.3
fiber	fiber_R04	3H	543690146	0.24	541940026	541940266	1749.9
fiber	fiber_R04	3H	543690146	0.24	544435996	544436236	745.9
fiber	fiber_R04	3H	543690146	0.24	545042322	545042562	1352.2
fiber	fiber_R04	3H	543690146	0.24	545439267	545439507	1749.1
protein	protein_R01	3H	106623911	0.24	106014885	106015125	608.8
protein	3H:173351655	3H	173351655	0.24	172414228	172414468	937.2
protein	3H:173351655	3H	173351655	0.24	172569529	172569769	781.9
protein	3H:173351655	3H	173351655	0.24	173153754	173153994	197.7
betaglucan	betaglucan_R03	3H	475967335	0.239	475789900	475790139	177.2
betaglucan	betaglucan_R03	3H	475967335	0.239	475920063	475920302	47
fiber	fiber_R04	3H	543690146	0.239	544260481	544260720	570.3
fiber	fiber_R04	3H	543690146	0.239	544523163	544523402	833
starch	starch_R02	3H	530660057	0.239	530618838	530619077	41
starch	starch_R04	6H	525776080	0.239	525456484	525456723	319.4
protein	3H:173351655	3H	173351655	0.239	172674312	172674551	677.1
protein	3H:173351655	3H	173351655	0.239	173264830	173265069	86.6
betaglucan	betaglucan_R03	3H	475967335	0.238	475802645	475802883	164.5
fiber	fiber_R04	3H	543690146	0.238	544808691	544808929	1118.5
fiber	fiber_R04	3H	543690146	0.238	545158988	545159226	1468.8
fiber	fiber_R10	5H	462564771	0.238	462369663	462369901	194.9
starch	starch_R03	3H	546433616	0.238	546034089	546034327	399.3
protein	3H:173351655	3H	173351655	0.238	173241161	173241399	110.3
protein	3H:173351655	3H	173351655	0.238	173298514	173298752	52.9
betaglucan	betaglucan_R03	3H	475967335	0.237	475651243	475651480	315.9
protein	3H:173351655	3H	173351655	0.237	172506918	172507155	844.5
protein	3H:173351655	3H	173351655	0.237	172728132	172728369	623.3
protein	3H:173351655	3H	173351655	0.237	172732243	172732480	619.2
betaglucan	betaglucan_R03	3H	475967335	0.236	476013828	476014064	46.5
fiber	fiber_R04	3H	543690146	0.236	545002620	545002856	1312.5
starch	starch_R03	3H	546433616	0.236	546578256	546578492	144.6
protein	3H:173351655	3H	173351655	0.236	172292732	172292968	1058.7
betaglucan	betaglucan_R03	3H	475967335	0.235	476084046	476084281	116.7
fiber	fiber_R04	3H	543690146	0.235	544475314	544475549	785.2
fiber	fiber_R04	3H	543690146	0.235	544532329	544532564	842.2
fiber	fiber_R04	3H	543690146	0.235	544556742	544556977	866.6
fiber	fiber_R04	3H	543690146	0.235	544788950	544789185	1098.8
fiber	fiber_R04	3H	543690146	0.235	545158753	545158988	1468.6
fiber	fiber_R05	4H	24707376	0.235	24855834	24856069	148.5
starch	starch_R03	3H	546433616	0.235	545813975	545814210	619.4
protein	3H:198076308	3H	198076308	0.235	197879446	197879681	196.6
betaglucan	betaglucan_R03	3H	475967335	0.234	475589723	475589957	377.4
betaglucan	betaglucan_R03	3H	475967335	0.234	475668272	475668506	298.8
fiber	fiber_R04	3H	543690146	0.234	544102960	544103194	412.8
fiber	fiber_R04	3H	543690146	0.234	545162954	545163188	1472.8
fiber	fiber_R08	5H	377309369	0.234	378275767	378276001	966.4
protein	protein_R01	3H	106623911	0.234	106526233	106526467	97.4
protein	3H:173351655	3H	173351655	0.234	172557692	172557926	793.7
protein	3H:173351655	3H	173351655	0.234	173357848	173358082	6.2
betaglucan	betaglucan_R03	3H	475967335	0.233	475797154	475797387	169.9
fiber	fiber_R04	3H	543690146	0.233	545002387	545002620	1312.2
fiber	fiber_R04	3H	543690146	0.233	545131786	545132019	1441.6
starch	starch_R03	3H	546433616	0.233	545728757	545728990	704.6
protein	3H:173351655	3H	173351655	0.233	173015296	173015529	336.1
betaglucan	betaglucan_R03	3H	475967335	0.232	475653320	475653552	313.8
betaglucan	betaglucan_R03	3H	475967335	0.232	475766973	475767205	200.1
fiber	fiber_R04	3H	543690146	0.232	544263286	544263518	573.1
protein	protein_R01	3H	106623911	0.232	107094948	107095180	471
protein	3H:173351655	3H	173351655	0.232	172787905	172788137	563.5
betaglucan	betaglucan_R03	3H	475967335	0.231	475801241	475801472	165.9
betaglucan	betaglucan_R03	3H	475967335	0.231	475828602	475828833	138.5
betaglucan	betaglucan_R03	3H	475967335	0.231	476019888	476020119	52.6
betaglucan	betaglucan_R03	3H	475967335	0.231	476080390	476080621	113.1
betaglucan	betaglucan_R08	6H	475144663	0.231	475028765	475028996	115.7
fiber	fiber_R03	1H	440573355	0.231	440573355	440573586	0
fiber	fiber_R04	3H	543690146	0.231	542317522	542317753	1372.4
fiber	fiber_R04	3H	543690146	0.231	544454462	544454693	764.3
fiber	fiber_R04	3H	543690146	0.231	544801601	544801832	1111.5
starch	starch_R04	6H	525776080	0.231	525891951	525892182	115.9
starch	starch_R04	6H	525776080	0.231	526391610	526391841	615.5
protein	3H:198076308	3H	198076308	0.231	198907920	198908151	831.6
betaglucan	betaglucan_R03	3H	475967335	0.23	475603321	475603551	363.8
betaglucan	betaglucan_R03	3H	475967335	0.23	475917938	475918168	49.2
starch	starch_R04	6H	525776080	0.23	525400332	525400562	375.5
starch	starch_R04	6H	525776080	0.23	525779666	525779896	3.6
protein	3H:173351655	3H	173351655	0.23	172682512	172682742	668.9
betaglucan	betaglucan_R03	3H	475967335	0.229	476015139	476015368	47.8
betaglucan	betaglucan_R03	3H	475967335	0.229	476027167	476027396	59.8
fiber	fiber_R04	3H	543690146	0.229	543902362	543902591	212.2
fiber	fiber_R10	5H	462564771	0.229	463087423	463087652	522.7
starch	starch_R03	3H	546433616	0.229	545923428	545923657	510
protein	3H:173351655	3H	173351655	0.229	172548547	172548776	802.9
protein	3H:173351655	3H	173351655	0.229	172884458	172884687	467
betaglucan	betaglucan_R03	3H	475967335	0.228	475974262	475974490	6.9
fiber	fiber_R04	3H	543690146	0.228	544492580	544492808	802.4
fiber	fiber_R04	3H	543690146	0.228	544807172	544807400	1117
fiber	fiber_R05	4H	24707376	0.228	24867154	24867382	159.8
protein	protein_R01	3H	106623911	0.228	107612868	107613096	989
protein	3H:173351655	3H	173351655	0.228	172128485	172128713	1222.9
betaglucan	betaglucan_R03	3H	475967335	0.227	475625880	475626107	341.2
starch	starch_R04	6H	525776080	0.226	526488148	526488374	712.1
protein	3H:173351655	3H	173351655	0.226	173014275	173014501	337.2
betaglucan	betaglucan_R03	3H	475967335	0.225	475619731	475619956	347.4
betaglucan	betaglucan_R03	3H	475967335	0.225	475842393	475842618	124.7
betaglucan	betaglucan_R03	3H	475967335	0.225	475843039	475843264	124.1
betaglucan	betaglucan_R03	3H	475967335	0.225	476081343	476081568	114
fiber	fiber_R04	3H	543690146	0.225	543635338	543635563	54.6
fiber	fiber_R04	3H	543690146	0.225	545599276	545599501	1909.1
starch	starch_R03	3H	546433616	0.225	545927316	545927541	506.1
protein	3H:173351655	3H	173351655	0.225	172428782	172429007	922.6
protein	3H:173351655	3H	173351655	0.225	172593488	172593713	757.9
protein	3H:173351655	3H	173351655	0.225	172696510	172696735	654.9
betaglucan	betaglucan_R03	3H	475967335	0.224	475844996	475845220	122.1
betaglucan	betaglucan_R03	3H	475967335	0.224	476009451	476009675	42.1
fiber	fiber_R03	1H	440573355	0.224	440270038	440270262	303.1
protein	3H:173351655	3H	173351655	0.224	172470361	172470585	881.1
betaglucan	betaglucan_R05	4H	34858354	0.223	34861436	34861659	3.1
protein	3H:173351655	3H	173351655	0.223	172527232	172527455	824.2
betaglucan	betaglucan_R03	3H	475967335	0.222	475762650	475762872	204.5
fiber	fiber_R04	3H	543690146	0.222	544776578	544776800	1086.4
fiber	fiber_R04	3H	543690146	0.222	545172807	545173029	1482.7
starch	starch_R03	3H	546433616	0.222	545860165	545860387	573.2
starch	starch_R03	3H	546433616	0.222	545869064	545869286	564.3
fiber	fiber_R04	3H	543690146	0.221	544453752	544453973	763.6
protein	3H:173351655	3H	173351655	0.221	171678278	171678499	1673.2
betaglucan	betaglucan_R08	6H	475144663	0.22	475160772	475160992	16.1
starch	starch_R02	3H	530660057	0.22	530678919	530679139	18.9
starch	starch_R04	6H	525776080	0.22	525780022	525780242	3.9
protein	3H:173351655	3H	173351655	0.22	172394920	172395140	956.5
protein	3H:173351655	3H	173351655	0.22	172417060	172417280	934.4
protein	3H:173351655	3H	173351655	0.22	173350415	173350635	1
fiber	fiber_R04	3H	543690146	0.219	543823458	543823677	133.3
fiber	fiber_R04	3H	543690146	0.219	545436988	545437207	1746.8
protein	protein_R01	3H	106623911	0.219	106516917	106517136	106.8
protein	protein_R01	3H	106623911	0.219	106624032	106624251	0.1
protein	protein_R01	3H	106623911	0.219	107864738	107864957	1240.8
betaglucan	betaglucan_R03	3H	475967335	0.218	475829684	475829902	137.4
betaglucan	betaglucan_R03	3H	475967335	0.217	475587995	475588212	379.1
fiber	fiber_R04	3H	543690146	0.217	542121860	542122077	1568.1
fiber	fiber_R04	3H	543690146	0.217	544368533	544368750	678.4
starch	starch_R02	3H	530660057	0.217	530679809	530680026	19.8
betaglucan	betaglucan_R03	3H	475967335	0.216	475805489	475805705	161.6
betaglucan	betaglucan_R03	3H	475967335	0.216	475830729	475830945	136.4
betaglucan	betaglucan_R03	3H	475967335	0.216	476062899	476063115	95.6
starch	starch_R04	6H	525776080	0.216	525259914	525260130	516
protein	3H:173351655	3H	173351655	0.216	172015275	172015491	1336.2
protein	3H:173351655	3H	173351655	0.216	172884242	172884458	467.2
protein	3H:173351655	3H	173351655	0.216	173350984	173351200	0.5
protein	3H:198076308	3H	198076308	0.216	198585444	198585660	509.1
betaglucan	betaglucan_R03	3H	475967335	0.215	475566976	475567191	400.1
betaglucan	betaglucan_R03	3H	475967335	0.215	476063395	476063610	96.1
fiber	fiber_R04	3H	543690146	0.215	544040990	544041205	350.8
fiber	fiber_R04	3H	543690146	0.215	544377456	544377671	687.3
fiber	fiber_R04	3H	543690146	0.215	545103735	545103950	1413.6
fiber	fiber_R04	3H	543690146	0.215	545164564	545164779	1474.4
fiber	fiber_R04	3H	543690146	0.215	545172592	545172807	1482.4
starch	starch_R03	3H	546433616	0.215	545902727	545902942	530.7
starch	starch_R03	3H	546433616	0.215	545970336	545970551	463.1
starch	starch_R03	3H	546433616	0.215	546089086	546089301	344.3
starch	starch_R04	6H	525776080	0.215	525740577	525740792	35.3
protein	3H:173351655	3H	173351655	0.215	173299786	173300001	51.7
protein	3H:198076308	3H	198076308	0.215	199206001	199206216	1129.7
betaglucan	betaglucan_R06	4H	528254769	0.214	528254512	528254726	0
fiber	fiber_R04	3H	543690146	0.214	544454693	544454907	764.5
fiber	fiber_R04	3H	543690146	0.214	545619335	545619549	1929.2
starch	starch_R04	6H	525776080	0.214	525746592	525746806	29.3
betaglucan	betaglucan_R03	3H	475967335	0.213	475823721	475823934	143.4
fiber	fiber_R04	3H	543690146	0.213	543927522	543927735	237.4
fiber	fiber_R04	3H	543690146	0.213	544266771	544266984	576.6
protein	3H:173351655	3H	173351655	0.213	172846554	172846767	504.9
betaglucan	betaglucan_R03	3H	475967335	0.212	475870715	475870927	96.4
fiber	fiber_R04	3H	543690146	0.212	544481317	544481529	791.2
fiber	fiber_R04	3H	543690146	0.212	544922316	544922528	1232.2
fiber	fiber_R04	3H	543690146	0.212	545186186	545186398	1496
fiber	fiber_R10	5H	462564771	0.212	460981993	460982205	1582.6
starch	starch_R03	3H	546433616	0.212	546021027	546021239	412.4
betaglucan	betaglucan_R03	3H	475967335	0.211	475838837	475839048	128.3
fiber	fiber_R04	3H	543690146	0.211	544455817	544456028	765.7
fiber	fiber_R04	3H	543690146	0.211	545194231	545194442	1504.1
starch	starch_R04	6H	525776080	0.211	526250992	526251203	474.9
protein	3H:173351655	3H	173351655	0.211	173284875	173285086	66.6
protein	3H:173351655	3H	173351655	0.211	173311546	173311757	39.9
fiber	fiber_R04	3H	543690146	0.21	545472380	545472590	1782.2
starch	starch_R03	3H	546433616	0.21	545853682	545853892	579.7
betaglucan	betaglucan_R03	3H	475967335	0.209	475869885	475870094	97.2
betaglucan	betaglucan_R03	3H	475967335	0.209	476008898	476009107	41.6
fiber	fiber_R04	3H	543690146	0.209	545656810	545657019	1966.7
fiber	fiber_R10	5H	462564771	0.209	461064857	461065066	1499.7
starch	starch_R03	3H	546433616	0.209	546023859	546024068	409.5
protein	3H:173351655	3H	173351655	0.209	172559381	172559590	792.1
protein	3H:173351655	3H	173351655	0.209	173323254	173323463	28.2
betaglucan	betaglucan_R03	3H	475967335	0.208	475868104	475868312	99
betaglucan	betaglucan_R03	3H	475967335	0.208	476060533	476060741	93.2
fiber	fiber_R04	3H	543690146	0.208	544525476	544525684	835.3
fiber	fiber_R04	3H	543690146	0.208	545037229	545037437	1347.1
fiber	fiber_R04	3H	543690146	0.208	545196483	545196691	1506.3
protein	protein_R01	3H	106623911	0.208	106271812	106272020	351.9
protein	protein_R01	3H	106623911	0.208	107195900	107196108	572
starch	starch_R05	7H	573606460	0.208	573607637	573607845	1.2
fiber	fiber_R04	3H	543690146	0.207	544472859	544473066	782.7
fiber	fiber_R04	3H	543690146	0.207	544565757	544565964	875.6
fiber	fiber_R04	3H	543690146	0.207	545254305	545254512	1564.2
starch	starch_R02	3H	530660057	0.207	530632925	530633132	26.9
starch	starch_R04	6H	525776080	0.207	525726988	525727195	48.9
protein	3H:173351655	3H	173351655	0.207	172053164	172053371	1298.3
betaglucan	betaglucan_R03	3H	475967335	0.206	475605636	475605842	361.5
betaglucan	betaglucan_R03	3H	475967335	0.206	475650306	475650512	316.8
betaglucan	betaglucan_R03	3H	475967335	0.206	475938691	475938897	28.4
fiber	fiber_R04	3H	543690146	0.206	544215879	544216085	525.7
fiber	fiber_R04	3H	543690146	0.206	544522957	544523163	832.8
fiber	fiber_R05	4H	24707376	0.206	24666656	24666862	40.5
protein	3H:173351655	3H	173351655	0.206	172332509	172332715	1018.9
protein	3H:173351655	3H	173351655	0.206	172441706	172441912	909.7
protein	3H:173351655	3H	173351655	0.206	172525145	172525351	826.3
fiber	fiber_R04	3H	543690146	0.205	543902157	543902362	212
fiber	fiber_R04	3H	543690146	0.205	545127782	545127987	1437.6
fiber	fiber_R04	3H	543690146	0.205	545348640	545348845	1658.5
protein	3H:173351655	3H	173351655	0.205	173240027	173240232	111.4
betaglucan	betaglucan_R03	3H	475967335	0.204	476022710	476022914	55.4
fiber	fiber_R04	3H	543690146	0.204	544480384	544480588	790.2
fiber	fiber_R04	3H	543690146	0.204	545069824	545070028	1379.7
fiber	fiber_R05	4H	24707376	0.204	24836944	24837148	129.6
protein	protein_R01	3H	106623911	0.204	106631603	106631807	7.7
starch	starch_R03	3H	546433616	0.204	546036347	546036551	397.1
fiber	fiber_R04	3H	543690146	0.203	544035592	544035795	345.4
fiber	fiber_R04	3H	543690146	0.203	544261747	544261950	571.6
fiber	fiber_R04	3H	543690146	0.203	544308894	544309097	618.7
starch	starch_R04	6H	525776080	0.203	525726785	525726988	49.1
protein	3H:173351655	3H	173351655	0.203	172982892	172983095	368.6
fiber	fiber_R04	3H	543690146	0.202	544799089	544799291	1108.9
starch	starch_R03	3H	546433616	0.202	546578054	546578256	144.4
betaglucan	betaglucan_R03	3H	475967335	0.201	475824017	475824218	143.1
betaglucan	betaglucan_R08	6H	475144663	0.201	475276004	475276205	131.3
starch	starch_R03	3H	546433616	0.201	545921298	545921499	512.1
protein	3H:173351655	3H	173351655	0.201	172921353	172921554	430.1
betaglucan	betaglucan_R03	3H	475967335	0.2	475944595	475944795	22.5
fiber	fiber_R04	3H	543690146	0.2	544034563	544034763	344.4
starch	starch_R03	3H	546433616	0.2	546021302	546021502	412.1
starch	starch_R03	3H	546433616	0.2	546092217	546092417	341.2
fiber	fiber_R04	3H	543690146	0.199	543928557	543928756	238.4
fiber	fiber_R04	3H	543690146	0.199	544373382	544373581	683.2
fiber	fiber_R04	3H	543690146	0.199	545185987	545186186	1495.8
fiber	fiber_R05	4H	24707376	0.199	24707177	24707376	0
protein	3H:173351655	3H	173351655	0.199	172400613	172400812	950.8
protein	3H:173351655	3H	173351655	0.199	172610539	172610738	740.9
protein	3H:173351655	3H	173351655	0.199	172739185	172739384	612.3
fiber	fiber_R04	3H	543690146	0.198	544042408	544042606	352.3
fiber	fiber_R10	5H	462564771	0.198	462575717	462575915	10.9
starch	starch_R04	6H	525776080	0.198	525452959	525453157	322.9
betaglucan	betaglucan_R03	3H	475967335	0.197	475652795	475652992	314.3
fiber	fiber_R04	3H	543690146	0.197	545335131	545335328	1645
protein	protein_R01	3H	106623911	0.197	106030568	106030765	593.1
starch	starch_R03	3H	546433616	0.197	546033533	546033730	399.9
starch	starch_R03	3H	546433616	0.197	546041900	546042097	391.5
protein	3H:173351655	3H	173351655	0.197	172913902	172914099	437.6
protein	3H:173351655	3H	173351655	0.197	173318913	173319110	32.5
betaglucan	betaglucan_R03	3H	475967335	0.196	476042642	476042838	75.3
fiber	fiber_R04	3H	543690146	0.196	545006018	545006214	1315.9
fiber	fiber_R04	3H	543690146	0.196	545030732	545030928	1340.6
protein	protein_R01	3H	106623911	0.196	107865752	107865948	1241.8
starch	starch_R04	6H	525776080	0.196	525452738	525452934	323.1
fiber	fiber_R04	3H	543690146	0.195	544032639	544032834	342.5
fiber	fiber_R04	3H	543690146	0.195	544065682	544065877	375.5
fiber	fiber_R04	3H	543690146	0.195	544330315	544330510	640.2
fiber	fiber_R04	3H	543690146	0.195	544636092	544636287	945.9
starch	starch_R03	3H	546433616	0.195	545893700	545893895	539.7
starch	starch_R04	6H	525776080	0.195	526297418	526297613	521.3
protein	3H:173351655	3H	173351655	0.194	172444376	172444570	907.1
protein	3H:173351655	3H	173351655	0.194	172628350	172628544	723.1
protein	3H:173351655	3H	173351655	0.194	172688795	172688989	662.7
protein	3H:173351655	3H	173351655	0.194	173248022	173248216	103.4
protein	3H:198076308	3H	198076308	0.194	197629163	197629357	447
betaglucan	betaglucan_R03	3H	475967335	0.193	475623792	475623985	343.4
fiber	fiber_R04	3H	543690146	0.193	544816464	544816657	1126.3
fiber	fiber_R04	3H	543690146	0.193	545643490	545643683	1953.3
starch	starch_R02	3H	530660057	0.193	530680665	530680858	20.6
protein	3H:173351655	3H	173351655	0.193	172332715	172332908	1018.7
betaglucan	betaglucan_R03	3H	475967335	0.192	475665707	475665899	301.4
betaglucan	betaglucan_R08	6H	475144663	0.192	475104424	475104616	40
betaglucan	betaglucan_R09	6H	477651616	0.192	477636648	477636840	14.8
protein	3H:173351655	3H	173351655	0.192	172487387	172487579	864.1
protein	3H:173351655	3H	173351655	0.192	173272106	173272298	79.4
betaglucan	betaglucan_R03	3H	475967335	0.191	475793786	475793977	173.4
fiber	fiber_R04	3H	543690146	0.191	545132871	545133062	1442.7
starch	starch_R03	3H	546433616	0.191	546024899	546025090	408.5
protein	3H:173351655	3H	173351655	0.191	172881246	172881437	470.2
protein	3H:173351655	3H	173351655	0.191	173151494	173151685	200
betaglucan	betaglucan_R03	3H	475967335	0.19	475591376	475591566	375.8
betaglucan	betaglucan_R03	3H	475967335	0.19	475825502	475825692	141.6
betaglucan	betaglucan_R04	3H	537247620	0.19	537301368	537301558	53.7
fiber	fiber_R04	3H	543690146	0.19	543902630	543902820	212.5
fiber	fiber_R04	3H	543690146	0.19	544272205	544272395	582.1
fiber	fiber_R04	3H	543690146	0.19	544272395	544272585	582.2
fiber	fiber_R04	3H	543690146	0.19	544384528	544384718	694.4
fiber	fiber_R04	3H	543690146	0.19	544809746	544809936	1119.6
fiber	fiber_R05	4H	24707376	0.19	24834590	24834780	127.2
fiber	fiber_R10	5H	462564771	0.19	461749345	461749535	815.2
starch	starch_R03	3H	546433616	0.19	545971579	545971769	461.8
starch	starch_R03	3H	546433616	0.19	546036551	546036741	396.9
starch	starch_R03	3H	546433616	0.19	546093284	546093474	340.1
protein	3H:173351655	3H	173351655	0.19	172648403	172648593	703.1
protein	3H:173351655	3H	173351655	0.19	172881744	172881934	469.7
protein	3H:198076308	3H	198076308	0.19	199102750	199102940	1026.4
fiber	fiber_R04	3H	543690146	0.189	544499503	544499692	809.4
fiber	fiber_R04	3H	543690146	0.189	545592827	545593016	1902.7
fiber	fiber_R12	7H	415651802	0.189	415895736	415895925	243.9
protein	3H:173351655	3H	173351655	0.189	172767730	172767919	583.7
betaglucan	betaglucan_R03	3H	475967335	0.188	475562404	475562592	404.7
betaglucan	betaglucan_R03	3H	475967335	0.188	475668074	475668262	299.1
betaglucan	betaglucan_R03	3H	475967335	0.188	475980670	475980858	13.3
fiber	fiber_R04	3H	543690146	0.188	545132201	545132389	1442.1
fiber	fiber_R04	3H	543690146	0.188	545637323	545637511	1947.2
starch	starch_R03	3H	546433616	0.188	545728569	545728757	704.9
starch	starch_R03	3H	546433616	0.188	545932070	545932258	501.4
starch	starch_R03	3H	546433616	0.188	546024068	546024256	409.4
fiber	fiber_R04	3H	543690146	0.187	544750555	544750742	1060.4
fiber	fiber_R05	4H	24707376	0.187	24675704	24675891	31.5
fiber	fiber_R10	5H	462564771	0.187	462575412	462575599	10.6
protein	3H:173351655	3H	173351655	0.187	172502790	172502977	848.7
protein	3H:173351655	3H	173351655	0.187	173137008	173137195	214.5
betaglucan	betaglucan_R03	3H	475967335	0.186	475626626	475626812	340.5
betaglucan	betaglucan_R03	3H	475967335	0.186	475839696	475839882	127.5
fiber	fiber_R05	4H	24707376	0.186	24676856	24677042	30.3
fiber	fiber_R05	4H	24707376	0.186	24864366	24864552	157
starch	starch_R03	3H	546433616	0.186	545919510	545919696	513.9
starch	starch_R03	3H	546433616	0.186	546098523	546098709	334.9
starch	starch_R03	3H	546433616	0.186	546575225	546575411	141.6
fiber	fiber_R04	3H	543690146	0.185	544333795	544333980	643.6
fiber	fiber_R04	3H	543690146	0.185	544575073	544575258	884.9
starch	starch_R03	3H	546433616	0.185	545918959	545919144	514.5
protein	3H:173351655	3H	173351655	0.185	172455521	172455706	895.9
starch	starch_R03	3H	546433616	0.184	545986989	545987173	446.4
protein	3H:173351655	3H	173351655	0.184	172295199	172295383	1056.3
protein	3H:198076308	3H	198076308	0.184	197564551	197564735	511.6
betaglucan	betaglucan_R03	3H	475967335	0.183	475823538	475823721	143.6
betaglucan	betaglucan_R03	3H	475967335	0.183	476085118	476085301	117.8
fiber	fiber_R04	3H	543690146	0.183	543869146	543869329	179
fiber	fiber_R04	3H	543690146	0.183	544377273	544377456	687.1
fiber	fiber_R04	3H	543690146	0.183	544658398	544658581	968.3
fiber	fiber_R04	3H	543690146	0.183	544770454	544770637	1080.3
starch	starch_R03	3H	546433616	0.183	546016760	546016943	416.7
starch	starch_R03	3H	546433616	0.183	546032505	546032688	400.9
protein	3H:173351655	3H	173351655	0.183	172680066	172680249	671.4
protein	3H:173351655	3H	173351655	0.183	173311916	173312099	39.6
protein	3H:198076308	3H	198076308	0.183	199435017	199435200	1358.7
fiber	fiber_R04	3H	543690146	0.182	543739778	543739960	49.6
fiber	fiber_R04	3H	543690146	0.182	544379415	544379597	689.3
fiber	fiber_R04	3H	543690146	0.182	545132019	545132201	1441.9
starch	starch_R02	3H	530660057	0.182	530707878	530708060	47.8
betaglucan	betaglucan_R03	3H	475967335	0.181	475871665	475871846	95.5
betaglucan	betaglucan_R03	3H	475967335	0.181	476018676	476018857	51.3
betaglucan	betaglucan_R03	3H	475967335	0.181	476060793	476060974	93.5
betaglucan	betaglucan_R03	3H	475967335	0.181	476084531	476084712	117.2
betaglucan	betaglucan_R04	3H	537247620	0.181	538203774	538203955	956.2
fiber	fiber_R03	1H	440573355	0.181	440722341	440722522	149
fiber	fiber_R10	5H	462564771	0.181	461197003	461197184	1367.6
betaglucan	betaglucan_R03	3H	475967335	0.18	475573374	475573554	393.8
betaglucan	betaglucan_R03	3H	475967335	0.18	476061584	476061764	94.2
fiber	fiber_R04	3H	543690146	0.18	544049024	544049204	358.9
protein	protein_R01	3H	106623911	0.18	106008774	106008954	615
starch	starch_R03	3H	546433616	0.18	545979024	545979204	454.4
protein	3H:173351655	3H	173351655	0.18	172315363	172315543	1036.1
protein	3H:198076308	3H	198076308	0.18	198323235	198323415	246.9
betaglucan	betaglucan_R03	3H	475967335	0.179	475928691	475928870	38.5
betaglucan	betaglucan_R03	3H	475967335	0.179	476008719	476008898	41.4
fiber	fiber_R04	3H	543690146	0.179	544577085	544577264	886.9
starch	starch_R04	6H	525776080	0.179	525423711	525423890	352.2
betaglucan	betaglucan_R03	3H	475967335	0.178	475890547	475890725	76.6
betaglucan	betaglucan_R03	3H	475967335	0.178	476061034	476061212	93.7
fiber	fiber_R04	3H	543690146	0.178	543843631	543843809	153.5
fiber	fiber_R04	3H	543690146	0.178	544552081	544552259	861.9
fiber	fiber_R04	3H	543690146	0.178	544659166	544659344	969
fiber	fiber_R04	3H	543690146	0.178	545186398	545186576	1496.3
starch	starch_R03	3H	546433616	0.178	546026931	546027109	406.5
protein	3H:173351655	3H	173351655	0.178	172652490	172652668	699
protein	3H:198076308	3H	198076308	0.178	199316809	199316987	1240.5
betaglucan	betaglucan_R03	3H	475967335	0.177	475670632	475670809	296.5
betaglucan	betaglucan_R03	3H	475967335	0.177	475794538	475794715	172.6
fiber	fiber_R04	3H	543690146	0.177	543631884	543632061	58.1
fiber	fiber_R04	3H	543690146	0.177	545640464	545640641	1950.3
protein	protein_R01	3H	106623911	0.177	105965398	105965575	658.3
betaglucan	betaglucan_R03	3H	475967335	0.176	475873518	475873694	93.6
betaglucan	betaglucan_R03	3H	475967335	0.176	476011212	476011388	43.9
fiber	fiber_R04	3H	543690146	0.176	544771745	544771921	1081.6
betaglucan	betaglucan_R03	3H	475967335	0.175	475603757	475603932	363.4
betaglucan	betaglucan_R03	3H	475967335	0.175	475929435	475929610	37.7
fiber	fiber_R04	3H	543690146	0.175	544259239	544259414	569.1
fiber	fiber_R04	3H	543690146	0.175	544476612	544476787	786.5
fiber	fiber_R04	3H	543690146	0.175	544477296	544477471	787.1
fiber	fiber_R12	7H	415651802	0.175	415631567	415631742	20.1
starch	starch_R04	6H	525776080	0.175	525658927	525659102	117
protein	3H:173351655	3H	173351655	0.175	172292557	172292732	1058.9
protein	3H:173351655	3H	173351655	0.175	172415588	172415763	935.9
protein	3H:173351655	3H	173351655	0.175	172674551	172674726	676.9
betaglucan	betaglucan_R03	3H	475967335	0.174	475651480	475651654	315.7
betaglucan	betaglucan_R03	3H	475967335	0.174	475845220	475845394	121.9
betaglucan	betaglucan_R03	3H	475967335	0.174	476011388	476011562	44.1
fiber	fiber_R04	3H	543690146	0.174	543902820	543902994	212.7
fiber	fiber_R04	3H	543690146	0.174	544556567	544556741	866.4
fiber	fiber_R04	3H	543690146	0.174	544636463	544636637	946.3
fiber	fiber_R04	3H	543690146	0.174	544647921	544648095	957.8
fiber	fiber_R05	4H	24707376	0.174	24842410	24842584	135
protein	protein_R01	3H	106623911	0.174	106840658	106840832	216.7
starch	starch_R02	3H	530660057	0.174	530658360	530658534	1.5
starch	starch_R04	6H	525776080	0.174	525831199	525831373	55.1
betaglucan	betaglucan_R03	3H	475967335	0.173	475845767	475845940	121.4
betaglucan	betaglucan_R03	3H	475967335	0.173	475860050	475860223	107.1
fiber	fiber_R04	3H	543690146	0.173	544209201	544209374	519.1
fiber	fiber_R04	3H	543690146	0.173	544368766	544368939	678.6
betaglucan	betaglucan_R03	3H	475967335	0.172	475763398	475763570	203.8
betaglucan	betaglucan_R03	3H	475967335	0.172	475837796	475837968	129.4
betaglucan	betaglucan_R03	3H	475967335	0.172	475982542	475982714	15.2
betaglucan	betaglucan_R03	3H	475967335	0.172	476017818	476017990	50.5
fiber	fiber_R04	3H	543690146	0.172	544260162	544260334	570
fiber	fiber_R04	3H	543690146	0.172	544523883	544524055	833.7
protein	protein_R01	3H	106623911	0.172	107714131	107714303	1090.2
starch	starch_R03	3H	546433616	0.172	545868823	545868995	564.6
starch	starch_R04	6H	525776080	0.172	525658381	525658553	117.5
protein	3H:173351655	3H	173351655	0.172	172338205	172338377	1013.3
protein	3H:173351655	3H	173351655	0.172	172451637	172451809	899.8
fiber	fiber_R03	1H	440573355	0.171	440904834	440905005	331.5
fiber	fiber_R04	3H	543690146	0.171	544539418	544539589	849.3
fiber	fiber_R04	3H	543690146	0.171	544766254	544766425	1076.1
protein	protein_R01	3H	106623911	0.171	106015125	106015296	608.6
protein	protein_R01	3H	106623911	0.171	107583179	107583350	959.3
starch	starch_R03	3H	546433616	0.171	546029015	546029186	404.4
protein	3H:173351655	3H	173351655	0.171	172290187	172290358	1061.3
protein	3H:173351655	3H	173351655	0.171	172410918	172411089	940.6
protein	3H:173351655	3H	173351655	0.171	172441473	172441644	910
betaglucan	betaglucan_R03	3H	475967335	0.17	475840028	475840198	127.1
betaglucan	betaglucan_R03	3H	475967335	0.17	475941892	475942062	25.3
betaglucan	betaglucan_R03	3H	475967335	0.17	475985296	475985466	18
betaglucan	betaglucan_R03	3H	475967335	0.17	476020422	476020592	53.1
fiber	fiber_R04	3H	543690146	0.17	544783552	544783722	1093.4
fiber	fiber_R04	3H	543690146	0.17	545474795	545474965	1784.6
fiber	fiber_R12	7H	415651802	0.17	415910066	415910236	258.3
starch	starch_R03	3H	546433616	0.17	545977564	545977734	455.9
starch	starch_R03	3H	546433616	0.17	546025915	546026085	407.5
starch	starch_R04	6H	525776080	0.17	525408500	525408670	367.4
betaglucan	betaglucan_R03	3H	475967335	0.169	475891422	475891591	75.7
betaglucan	betaglucan_R03	3H	475967335	0.169	475949072	475949241	18.1
fiber	fiber_R04	3H	543690146	0.169	544658997	544659166	968.9
protein	3H:173351655	3H	173351655	0.169	172468997	172469166	882.5
betaglucan	betaglucan_R03	3H	475967335	0.168	475563204	475563372	404
betaglucan	betaglucan_R03	3H	475967335	0.168	475667020	475667188	300.1
betaglucan	betaglucan_R03	3H	475967335	0.168	476010975	476011143	43.6
fiber	fiber_R04	3H	543690146	0.168	544570929	544571097	880.8
starch	starch_R03	3H	546433616	0.168	546575880	546576048	142.3
protein	3H:198076308	3H	198076308	0.168	199100553	199100721	1024.2
betaglucan	betaglucan_R03	3H	475967335	0.167	475830095	475830262	137.1
fiber	fiber_R04	3H	543690146	0.167	544578293	544578460	888.1
fiber	fiber_R04	3H	543690146	0.167	544612016	544612183	921.9
protein	3H:173351655	3H	173351655	0.167	172333388	172333555	1018.1
protein	3H:173351655	3H	173351655	0.167	172950381	172950548	401.1
betaglucan	betaglucan_R03	3H	475967335	0.166	475970943	475971109	3.6
betaglucan	betaglucan_R03	3H	475967335	0.166	476080888	476081054	113.6
fiber	fiber_R04	3H	543690146	0.166	545033309	545033475	1343.2
protein	3H:173351655	3H	173351655	0.166	172797261	172797427	554.2
betaglucan	betaglucan_R01	1H	479493867	0.165	479533580	479533745	39.7
betaglucan	betaglucan_R03	3H	475967335	0.165	475829930	475830095	137.2
betaglucan	betaglucan_R03	3H	475967335	0.165	475879692	475879857	87.5
betaglucan	betaglucan_R03	3H	475967335	0.165	476094672	476094837	127.3
betaglucan	betaglucan_R04	3H	537247620	0.165	537202169	537202334	45.3
betaglucan	betaglucan_R04	3H	537247620	0.165	537607553	537607718	359.9
fiber	fiber_R12	7H	415651802	0.165	415518991	415519156	132.6
starch	starch_R02	3H	530660057	0.165	530629853	530630018	30
starch	starch_R03	3H	546433616	0.165	545893895	545894060	539.6
starch	starch_R03	3H	546433616	0.165	545902942	545903107	530.5
starch	starch_R03	3H	546433616	0.165	546023694	546023859	409.8
betaglucan	betaglucan_R01	1H	479493867	0.164	479533416	479533580	39.5
betaglucan	betaglucan_R03	3H	475967335	0.164	475800797	475800961	166.4
fiber	fiber_R04	3H	543690146	0.164	545454849	545455013	1764.7
starch	starch_R04	6H	525776080	0.164	525823363	525823527	47.3
protein	3H:173351655	3H	173351655	0.164	172652326	172652490	699.2
protein	3H:198076308	3H	198076308	0.164	198181920	198182084	105.6
fiber	fiber_R04	3H	543690146	0.163	544232530	544232693	542.4
fiber	fiber_R04	3H	543690146	0.163	544537389	544537552	847.2
fiber	fiber_R05	4H	24707376	0.163	24674878	24675041	32.3
starch	starch_R02	3H	530660057	0.163	530679171	530679334	19.1
protein	3H:173351655	3H	173351655	0.163	172632040	172632203	719.5
protein	3H:173351655	3H	173351655	0.163	173373154	173373317	21.5
betaglucan	betaglucan_R03	3H	475967335	0.162	475682055	475682217	285.1
starch	starch_R03	3H	546433616	0.162	546038993	546039155	394.5
starch	starch_R04	6H	525776080	0.162	525417964	525418126	358
protein	3H:173351655	3H	173351655	0.162	172041944	172042106	1309.5
protein	3H:173351655	3H	173351655	0.162	172506381	172506543	845.1
betaglucan	betaglucan_R03	3H	475967335	0.161	475981140	475981301	13.8
fiber	fiber_R04	3H	543690146	0.161	544226685	544226846	536.5
fiber	fiber_R04	3H	543690146	0.161	544799618	544799779	1109.5
fiber	fiber_R10	5H	462564771	0.161	462560728	462560889	3.9
protein	protein_R01	3H	106623911	0.161	106030407	106030568	593.3
starch	starch_R04	6H	525776080	0.161	526252936	526253097	476.9
betaglucan	betaglucan_R04	3H	537247620	0.16	537170537	537170697	76.9
fiber	fiber_R04	3H	543690146	0.16	544659895	544660055	969.7
fiber	fiber_R05	4H	24707376	0.16	24722948	24723108	15.6
starch	starch_R03	3H	546433616	0.16	546077336	546077496	356.1
starch	starch_R03	3H	546433616	0.16	546093978	546094138	339.5
starch	starch_R04	6H	525776080	0.16	525423551	525423711	352.4
protein	3H:173351655	3H	173351655	0.16	172049390	172049550	1302.1
betaglucan	betaglucan_R03	3H	475967335	0.159	475762318	475762477	204.9
betaglucan	betaglucan_R03	3H	475967335	0.159	475766351	475766510	200.8
fiber	fiber_R03	1H	440573355	0.159	440721741	440721900	148.4
fiber	fiber_R04	3H	543690146	0.159	543927735	543927894	237.6
fiber	fiber_R04	3H	543690146	0.159	544526963	544527122	836.8
fiber	fiber_R04	3H	543690146	0.159	544577414	544577573	887.3
fiber	fiber_R12	7H	415651802	0.159	415795463	415795622	143.7
starch	starch_R03	3H	546433616	0.159	546036188	546036347	397.3
starch	starch_R04	6H	525776080	0.159	525938488	525938647	162.4
fiber	fiber_R04	3H	543690146	0.158	545002229	545002387	1312.1
protein	protein_R01	3H	106623911	0.158	106622570	106622728	1.2
starch	starch_R04	6H	525776080	0.158	526254056	526254214	478
protein	3H:173351655	3H	173351655	0.158	172332908	172333066	1018.6
protein	3H:198076308	3H	198076308	0.158	197970772	197970930	105.4
fiber	fiber_R04	3H	543690146	0.157	544635626	544635783	945.5
starch	starch_R03	3H	546433616	0.157	545970695	545970852	462.8
protein	3H:173351655	3H	173351655	0.157	172333940	172334097	1017.6
protein	3H:173351655	3H	173351655	0.157	173280527	173280684	71
protein	3H:173351655	3H	173351655	0.157	173314761	173314918	36.7
betaglucan	betaglucan_R03	3H	475967335	0.156	475762477	475762633	204.7
betaglucan	betaglucan_R03	3H	475967335	0.156	475929251	475929407	37.9
betaglucan	betaglucan_R03	3H	475967335	0.156	476019640	476019796	52.3
fiber	fiber_R04	3H	543690146	0.156	545396299	545396455	1706.2
betaglucan	betaglucan_R03	3H	475967335	0.155	476084712	476084867	117.4
fiber	fiber_R04	3H	543690146	0.155	544373227	544373382	683.1
fiber	fiber_R04	3H	543690146	0.155	544492808	544492963	802.7
fiber	fiber_R04	3H	543690146	0.155	545196691	545196846	1506.5
fiber	fiber_R04	3H	543690146	0.155	545526401	545526556	1836.3
fiber	fiber_R06	4H	470989624	0.155	470257526	470257681	731.9
starch	starch_R03	3H	546433616	0.155	546448256	546448411	14.6
protein	3H:173351655	3H	173351655	0.155	173184330	173184485	167.2
betaglucan	betaglucan_R03	3H	475967335	0.154	475563050	475563204	404.1
betaglucan	betaglucan_R03	3H	475967335	0.154	475967107	475967261	0.1
fiber	fiber_R04	3H	543690146	0.154	544783398	544783552	1093.3
fiber	fiber_R04	3H	543690146	0.154	545163431	545163585	1473.3
fiber	fiber_R13	7H	573606306	0.154	573606306	573606460	0
starch	starch_R05	7H	573606460	0.154	573606306	573606460	0
betaglucan	betaglucan_R03	3H	475967335	0.153	475824341	475824494	142.8
betaglucan	betaglucan_R03	3H	475967335	0.153	475985143	475985296	17.8
protein	protein_R01	3H	106623911	0.153	106813562	106813715	189.7
starch	starch_R02	3H	530660057	0.153	530635766	530635919	24.1
starch	starch_R02	3H	530660057	0.153	530657910	530658063	2
starch	starch_R04	6H	525776080	0.153	526421800	526421953	645.7
protein	3H:173351655	3H	173351655	0.153	173318146	173318299	33.4
betaglucan	betaglucan_R03	3H	475967335	0.152	475589957	475590109	377.2
betaglucan	betaglucan_R03	3H	475967335	0.152	475867536	475867688	99.6
betaglucan	betaglucan_R03	3H	475967335	0.152	476061764	476061916	94.4
fiber	fiber_R04	3H	543690146	0.152	542317856	542318008	1372.1
fiber	fiber_R04	3H	543690146	0.152	544050972	544051124	360.8
fiber	fiber_R04	3H	543690146	0.152	545157576	545157728	1467.4
fiber	fiber_R04	3H	543690146	0.152	545398834	545398986	1708.7
fiber	fiber_R10	5H	462564771	0.152	462576128	462576280	11.4
fiber	fiber_R10	5H	462564771	0.152	463264929	463265081	700.2
starch	starch_R02	3H	530660057	0.152	530633874	530634026	26
starch	starch_R02	3H	530660057	0.152	530674200	530674352	14.1
starch	starch_R03	3H	546433616	0.152	545921146	545921298	512.3
starch	starch_R04	6H	525776080	0.152	526482284	526482436	706.2
starch	starch_R04	6H	525776080	0.152	526488374	526488526	712.3
protein	3H:173351655	3H	173351655	0.152	173274432	173274584	77.1
protein	3H:173351655	3H	173351655	0.152	173290377	173290529	61.1
betaglucan	betaglucan_R03	3H	475967335	0.151	476016283	476016434	48.9
fiber	fiber_R04	3H	543690146	0.151	544435845	544435996	745.7
fiber	fiber_R04	3H	543690146	0.151	545133188	545133339	1443
starch	starch_R02	3H	530660057	0.151	530660503	530660654	0.4
starch	starch_R03	3H	546433616	0.151	546042097	546042248	391.4
starch	starch_R04	6H	525776080	0.151	525456852	525457003	319.1
protein	3H:173351655	3H	173351655	0.151	173167423	173167574	184.1
protein	3H:173351655	3H	173351655	0.151	173269722	173269873	81.8
protein	3H:198076308	3H	198076308	0.151	198425560	198425711	349.3
betaglucan	betaglucan_R03	3H	475967335	0.15	475765095	475765245	202.1
protein	3H:173351655	3H	173351655	0.15	172637358	172637508	714.1
protein	3H:173351655	3H	173351655	0.15	172662830	172662980	688.7
protein	3H:173351655	3H	173351655	0.15	172743665	172743815	607.8
protein	3H:173351655	3H	173351655	0.15	172921657	172921807	429.8
fiber	fiber_R04	3H	543690146	0.149	544533570	544533719	843.4
fiber	fiber_R04	3H	543690146	0.149	545069675	545069824	1379.5
fiber	fiber_R04	3H	543690146	0.149	545188687	545188836	1498.5
starch	starch_R04	6H	525776080	0.149	525831373	525831522	55.3
betaglucan	betaglucan_R03	3H	475967335	0.148	475970795	475970943	3.5
fiber	fiber_R04	3H	543690146	0.148	544263037	544263185	572.9
protein	3H:173351655	3H	173351655	0.148	173193896	173194044	157.6
fiber	fiber_R04	3H	543690146	0.147	544635825	544635972	945.7
fiber	fiber_R05	4H	24707376	0.147	24709341	24709488	2
starch	starch_R04	6H	525776080	0.147	526404547	526404694	628.5
protein	3H:173351655	3H	173351655	0.147	172487579	172487726	863.9
protein	3H:173351655	3H	173351655	0.147	172506234	172506381	845.3
betaglucan	betaglucan_R04	3H	537247620	0.146	537428049	537428195	180.4
protein	3H:173351655	3H	173351655	0.146	173015150	173015296	336.4
betaglucan	betaglucan_R03	3H	475967335	0.145	475768423	475768568	198.8
betaglucan	betaglucan_R03	3H	475967335	0.145	475800961	475801106	166.2
fiber	fiber_R04	3H	543690146	0.145	541853282	541853427	1836.7
fiber	fiber_R04	3H	543690146	0.145	544576634	544576779	886.5
fiber	fiber_R04	3H	543690146	0.145	545004845	545004990	1314.7
starch	starch_R02	3H	530660057	0.145	530659912	530660057	0
protein	3H:173351655	3H	173351655	0.145	172741304	172741449	610.2
protein	3H:173351655	3H	173351655	0.145	173139941	173140086	211.6
betaglucan	betaglucan_R03	3H	475967335	0.144	475980858	475981002	13.5
betaglucan	betaglucan_R03	3H	475967335	0.144	475981663	475981807	14.3
fiber	fiber_R04	3H	543690146	0.144	544314057	544314201	623.9
fiber	fiber_R04	3H	543690146	0.144	544783254	544783398	1093.1
fiber	fiber_R04	3H	543690146	0.144	545089986	545090130	1399.8
fiber	fiber_R05	4H	24707376	0.144	24272458	24272602	434.8
fiber	fiber_R05	4H	24707376	0.144	24705958	24706102	1.3
starch	starch_R02	3H	530660057	0.144	530682133	530682277	22.1
starch	starch_R03	3H	546433616	0.144	545970551	545970695	462.9
protein	3H:173351655	3H	173351655	0.144	172395382	172395526	956.1
betaglucan	betaglucan_R03	3H	475967335	0.143	475670809	475670952	296.4
fiber	fiber_R04	3H	543690146	0.143	544037446	544037589	347.3
fiber	fiber_R04	3H	543690146	0.143	544266628	544266771	576.5
fiber	fiber_R04	3H	543690146	0.143	544396179	544396322	706
fiber	fiber_R04	3H	543690146	0.143	544476469	544476612	786.3
fiber	fiber_R04	3H	543690146	0.143	544660873	544661016	970.7
fiber	fiber_R04	3H	543690146	0.143	545104369	545104512	1414.2
protein	protein_R01	3H	106623911	0.143	107613569	107613712	989.7
starch	starch_R04	6H	525776080	0.143	525791771	525791914	15.7
protein	3H:173351655	3H	173351655	0.143	172295950	172296093	1055.6
protein	3H:173351655	3H	173351655	0.143	172315220	172315363	1036.3
protein	3H:173351655	3H	173351655	0.143	172469649	172469792	881.9
protein	3H:173351655	3H	173351655	0.143	172526079	172526222	825.4
protein	3H:173351655	3H	173351655	0.143	173085169	173085312	266.3
betaglucan	betaglucan_R03	3H	475967335	0.142	475874914	475875056	92.3
fiber	fiber_R04	3H	543690146	0.142	545317876	545318018	1627.7
fiber	fiber_R05	4H	24707376	0.142	24787780	24787922	80.4
fiber	fiber_R10	5H	462564771	0.142	462577150	462577292	12.4
starch	starch_R03	3H	546433616	0.142	546098025	546098167	335.4
protein	3H:173351655	3H	173351655	0.142	172413748	172413890	937.8
protein	3H:173351655	3H	173351655	0.142	172645731	172645873	705.8
protein	3H:173351655	3H	173351655	0.142	172856870	172857012	494.6
protein	3H:173351655	3H	173351655	0.142	172875545	172875687	476
betaglucan	betaglucan_R03	3H	475967335	0.141	475793645	475793786	173.5
betaglucan	betaglucan_R03	3H	475967335	0.141	475801520	475801661	165.7
betaglucan	betaglucan_R03	3H	475967335	0.141	475868322	475868463	98.9
betaglucan	betaglucan_R03	3H	475967335	0.141	475876857	475876998	90.3
betaglucan	betaglucan_R03	3H	475967335	0.141	476069939	476070080	102.6
fiber	fiber_R04	3H	543690146	0.141	544472718	544472859	782.6
fiber	fiber_R04	3H	543690146	0.141	544816003	544816144	1125.9
starch	starch_R02	3H	530660057	0.141	530631614	530631755	28.3
starch	starch_R03	3H	546433616	0.141	546089669	546089810	343.8
protein	3H:173351655	3H	173351655	0.141	173357707	173357848	6.1
protein	3H:198076308	3H	198076308	0.141	197800770	197800911	275.4
betaglucan	betaglucan_R06	4H	528254769	0.14	528222635	528222775	32
fiber	fiber_R04	3H	543690146	0.14	543809332	543809472	119.2
fiber	fiber_R04	3H	543690146	0.14	544035795	544035935	345.6
starch	starch_R02	3H	530660057	0.14	530676968	530677108	16.9
starch	starch_R03	3H	546433616	0.14	546035397	546035537	398.1
starch	starch_R04	6H	525776080	0.14	525773988	525774128	2
protein	3H:173351655	3H	173351655	0.14	172469166	172469306	882.3
betaglucan	betaglucan_R03	3H	475967335	0.139	475977887	475978026	10.6
fiber	fiber_R04	3H	543690146	0.139	544030637	544030776	340.5
fiber	fiber_R04	3H	543690146	0.139	544393974	544394113	703.8
fiber	fiber_R04	3H	543690146	0.139	545153076	545153215	1462.9
protein	3H:173351655	3H	173351655	0.139	172529391	172529530	822.1
protein	3H:173351655	3H	173351655	0.139	173027477	173027616	324
protein	3H:173351655	3H	173351655	0.139	173220137	173220276	131.4
protein	3H:173351655	3H	173351655	0.139	173353180	173353319	1.5
protein	3H:198076308	3H	198076308	0.139	198014172	198014311	62
betaglucan	betaglucan_R03	3H	475967335	0.138	475619455	475619593	347.7
betaglucan	betaglucan_R03	3H	475967335	0.138	475917799	475917937	49.4
fiber	fiber_R04	3H	543690146	0.138	543763355	543763493	73.2
fiber	fiber_R04	3H	543690146	0.138	544571700	544571838	881.6
fiber	fiber_R04	3H	543690146	0.138	545160590	545160728	1470.4
starch	starch_R04	6H	525776080	0.138	526504774	526504912	728.7
protein	3H:173351655	3H	173351655	0.138	172467689	172467827	883.8
betaglucan	betaglucan_R03	3H	475967335	0.137	475879974	475880111	87.2
betaglucan	betaglucan_R03	3H	475967335	0.137	475891239	475891376	76
fiber	fiber_R04	3H	543690146	0.137	544229805	544229942	539.7
fiber	fiber_R04	3H	543690146	0.137	544799421	544799558	1109.3
fiber	fiber_R04	3H	543690146	0.137	544937500	544937637	1247.4
fiber	fiber_R04	3H	543690146	0.137	545153342	545153479	1463.2
fiber	fiber_R04	3H	543690146	0.136	543868033	543868169	177.9
fiber	fiber_R04	3H	543690146	0.136	544474922	544475058	784.8
fiber	fiber_R04	3H	543690146	0.136	544938205	544938341	1248.1
fiber	fiber_R04	3H	543690146	0.136	545160728	545160864	1470.6
starch	starch_R02	3H	530660057	0.136	530629717	530629853	30.2
starch	starch_R02	3H	530660057	0.136	530678152	530678288	18.1
betaglucan	betaglucan_R03	3H	475967335	0.135	475562915	475563050	404.3
fiber	fiber_R04	3H	543690146	0.135	544329119	544329254	639
protein	3H:173351655	3H	173351655	0.135	172587440	172587575	764.1
protein	3H:173351655	3H	173351655	0.135	172759385	172759520	592.1
protein	3H:173351655	3H	173351655	0.135	173180844	173180979	170.7
betaglucan	betaglucan_R03	3H	475967335	0.134	475918240	475918374	49
fiber	fiber_R04	3H	543690146	0.134	544226846	544226980	536.7
fiber	fiber_R04	3H	543690146	0.134	545041742	545041876	1351.6
starch	starch_R03	3H	546433616	0.134	546026797	546026931	406.7
protein	3H:173351655	3H	173351655	0.134	172296093	172296227	1055.4
protein	3H:173351655	3H	173351655	0.134	173352756	173352890	1.1
betaglucan	betaglucan_R03	3H	475967335	0.133	475875141	475875274	92.1
betaglucan	betaglucan_R03	3H	475967335	0.133	475967335	475967468	0
fiber	fiber_R04	3H	543690146	0.133	543778616	543778749	88.5
fiber	fiber_R04	3H	543690146	0.133	544474789	544474922	784.6
betaglucan	betaglucan_R03	3H	475967335	0.132	476015760	476015892	48.4
betaglucan	betaglucan_R04	3H	537247620	0.132	537858002	537858134	610.4
fiber	fiber_R04	3H	543690146	0.132	544034304	544034436	344.2
fiber	fiber_R04	3H	543690146	0.132	545191891	545192023	1501.7
fiber	fiber_R04	3H	543690146	0.132	545619635	545619767	1929.5
starch	starch_R03	3H	546433616	0.132	545807983	545808115	625.5
protein	3H:173351655	3H	173351655	0.132	172884687	172884819	466.8
betaglucan	betaglucan_R03	3H	475967335	0.131	475671506	475671637	295.7
fiber	fiber_R04	3H	543690146	0.131	543869329	543869460	179.2
fiber	fiber_R04	3H	543690146	0.131	544033814	544033945	343.7
starch	starch_R02	3H	530660057	0.131	530616385	530616516	43.5
protein	3H:173351655	3H	173351655	0.131	173290245	173290376	61.3
protein	3H:198076308	3H	198076308	0.131	197992563	197992694	83.6
protein	3H:198076308	3H	198076308	0.131	198376787	198376918	300.5
protein	3H:198076308	3H	198076308	0.131	199500013	199500144	1423.7
betaglucan	betaglucan_R03	3H	475967335	0.13	475603564	475603694	363.6
betaglucan	betaglucan_R03	3H	475967335	0.13	475626496	475626626	340.7
betaglucan	betaglucan_R09	6H	477651616	0.13	477651228	477651358	0.3
fiber	fiber_R04	3H	543690146	0.13	544031519	544031649	341.4
fiber	fiber_R04	3H	543690146	0.13	544573804	544573934	883.7
protein	3H:173351655	3H	173351655	0.13	172290057	172290187	1061.5
betaglucan	betaglucan_R03	3H	475967335	0.129	475624072	475624201	343.1
betaglucan	betaglucan_R03	3H	475967335	0.129	475762096	475762225	205.1
betaglucan	betaglucan_R03	3H	475967335	0.129	475762872	475763001	204.3
betaglucan	betaglucan_R03	3H	475967335	0.129	475870586	475870715	96.6
betaglucan	betaglucan_R03	3H	475967335	0.129	476017990	476018119	50.7
betaglucan	betaglucan_R03	3H	475967335	0.129	476018902	476019031	51.6
betaglucan	betaglucan_R03	3H	475967335	0.129	476057283	476057412	89.9
fiber	fiber_R04	3H	543690146	0.129	544438738	544438867	748.6
starch	starch_R04	6H	525776080	0.129	525456723	525456852	319.2
protein	3H:173351655	3H	173351655	0.129	172529530	172529659	822
protein	3H:173351655	3H	173351655	0.129	172645873	172646002	705.7
fiber	fiber_R04	3H	543690146	0.128	541853427	541853555	1836.6
fiber	fiber_R04	3H	543690146	0.128	544216102	544216230	526
fiber	fiber_R04	3H	543690146	0.128	544478678	544478806	788.5
fiber	fiber_R04	3H	543690146	0.128	545115944	545116072	1425.8
fiber	fiber_R04	3H	543690146	0.128	545550006	545550134	1859.9
starch	starch_R04	6H	525776080	0.128	526466628	526466756	690.5
protein	3H:173351655	3H	173351655	0.128	172061529	172061657	1290
protein	3H:173351655	3H	173351655	0.128	172501664	172501792	849.9
betaglucan	betaglucan_R03	3H	475967335	0.127	475792234	475792361	175
betaglucan	betaglucan_R03	3H	475967335	0.127	475868463	475868590	98.7
betaglucan	betaglucan_R03	3H	475967335	0.127	476080662	476080789	113.3
fiber	fiber_R04	3H	543690146	0.127	544034436	544034563	344.3
fiber	fiber_R04	3H	543690146	0.127	544374481	544374608	684.3
fiber	fiber_R04	3H	543690146	0.127	545051919	545052046	1361.8
fiber	fiber_R04	3H	543690146	0.127	545153215	545153342	1463.1
fiber	fiber_R04	3H	543690146	0.127	545165762	545165889	1475.6
fiber	fiber_R12	7H	415651802	0.127	415544593	415544720	107.1
starch	starch_R02	3H	530660057	0.127	530631487	530631614	28.4
protein	3H:173351655	3H	173351655	0.127	173118360	173118487	233.2
protein	3H:198076308	3H	198076308	0.127	198425711	198425838	349.4
protein	3H:198076308	3H	198076308	0.127	198523718	198523845	447.4
betaglucan	betaglucan_R03	3H	475967335	0.126	476017692	476017818	50.4
fiber	fiber_R04	3H	543690146	0.126	544266251	544266377	576.1
fiber	fiber_R04	3H	543690146	0.126	545053241	545053367	1363.1
fiber	fiber_R04	3H	543690146	0.126	545133062	545133188	1442.9
starch	starch_R02	3H	530660057	0.126	530705272	530705398	45.2
starch	starch_R04	6H	525776080	0.126	525779896	525780022	3.8
betaglucan	betaglucan_R03	3H	475967335	0.125	475653990	475654115	313.2
betaglucan	betaglucan_R03	3H	475967335	0.125	475656157	475656282	311.1
fiber	fiber_R04	3H	543690146	0.125	544312891	544313016	622.7
fiber	fiber_R04	3H	543690146	0.125	544576851	544576976	886.7
fiber	fiber_R04	3H	543690146	0.125	545165237	545165362	1475.1
starch	starch_R03	3H	546433616	0.125	546096923	546097048	336.6
protein	3H:173351655	3H	173351655	0.125	172623851	172623976	727.7
protein	3H:173351655	3H	173351655	0.125	172662160	172662285	689.4
betaglucan	betaglucan_R03	3H	475967335	0.124	475568743	475568867	398.5
fiber	fiber_R04	3H	543690146	0.124	541853584	541853708	1836.4
fiber	fiber_R04	3H	543690146	0.124	544303817	544303941	613.7
fiber	fiber_R04	3H	543690146	0.124	544595864	544595988	905.7
fiber	fiber_R10	5H	462564771	0.124	462576004	462576128	11.2
protein	protein_R01	3H	106623911	0.124	107957802	107957926	1333.9
protein	3H:173351655	3H	173351655	0.124	172451513	172451637	900
protein	3H:173351655	3H	173351655	0.124	172471911	172472035	879.6
protein	3H:173351655	3H	173351655	0.124	173043481	173043605	308
betaglucan	betaglucan_R03	3H	475967335	0.123	475763275	475763398	203.9
fiber	fiber_R04	3H	543690146	0.123	544260334	544260457	570.2
fiber	fiber_R04	3H	543690146	0.123	545052883	545053006	1362.7
starch	starch_R02	3H	530660057	0.123	530677800	530677923	17.7
starch	starch_R03	3H	546433616	0.123	546023571	546023694	409.9
protein	3H:173351655	3H	173351655	0.123	172367946	172368069	983.6
protein	3H:173351655	3H	173351655	0.123	172405403	172405526	946.1
protein	3H:173351655	3H	173351655	0.123	172652668	172652791	698.9
betaglucan	betaglucan_R03	3H	475967335	0.122	475602633	475602755	364.6
betaglucan	betaglucan_R03	3H	475967335	0.122	475699513	475699635	267.7
betaglucan	betaglucan_R03	3H	475967335	0.122	475794715	475794837	172.5
betaglucan	betaglucan_R04	3H	537247620	0.122	537934210	537934332	686.6
fiber	fiber_R04	3H	543690146	0.122	541952210	541952332	1737.8
fiber	fiber_R04	3H	543690146	0.122	544579094	544579216	888.9
fiber	fiber_R04	3H	543690146	0.122	545053006	545053128	1362.9
fiber	fiber_R12	7H	415651802	0.122	415519156	415519278	132.5
protein	protein_R01	3H	106623911	0.122	106198287	106198409	425.5
starch	starch_R02	3H	530660057	0.122	530660654	530660776	0.6
protein	3H:173351655	3H	173351655	0.122	172061657	172061779	1289.9
protein	3H:198076308	3H	198076308	0.122	197946532	197946654	129.7
protein	3H:198076308	3H	198076308	0.122	197983566	197983688	92.6
betaglucan	betaglucan_R03	3H	475967335	0.121	475833339	475833460	133.9
fiber	fiber_R04	3H	543690146	0.121	544272084	544272205	581.9
fiber	fiber_R04	3H	543690146	0.121	544502639	544502760	812.5
fiber	fiber_R04	3H	543690146	0.121	545580471	545580592	1890.3
fiber	fiber_R05	4H	24707376	0.121	24870366	24870487	163
protein	protein_R01	3H	106623911	0.121	106623911	106624032	0
starch	starch_R04	6H	525776080	0.121	526261680	526261801	485.6
betaglucan	betaglucan_R03	3H	475967335	0.12	475800183	475800303	167
fiber	fiber_R04	3H	543690146	0.12	543809047	543809167	118.9
fiber	fiber_R04	3H	543690146	0.12	544227915	544228035	537.8
fiber	fiber_R04	3H	543690146	0.12	544303941	544304061	613.8
fiber	fiber_R04	3H	543690146	0.12	544850610	544850730	1160.5
starch	starch_R04	6H	525776080	0.12	526404322	526404442	628.2
protein	3H:173351655	3H	173351655	0.12	173135211	173135331	216.3
betaglucan	betaglucan_R03	3H	475967335	0.119	475802526	475802645	164.7
betaglucan	betaglucan_R03	3H	475967335	0.119	476058517	476058636	91.2
betaglucan	betaglucan_R04	3H	537247620	0.119	537934081	537934200	686.5
fiber	fiber_R04	3H	543690146	0.119	543902994	543903113	212.8
fiber	fiber_R04	3H	543690146	0.119	545035217	545035336	1345.1
fiber	fiber_R12	7H	415651802	0.119	415913608	415913727	261.8
protein	protein_R01	3H	106623911	0.119	107815202	107815321	1191.3
starch	starch_R02	3H	530660057	0.119	530678800	530678919	18.7
starch	starch_R03	3H	546433616	0.119	545893240	545893359	540.3
starch	starch_R03	3H	546433616	0.119	546098188	546098307	335.3
starch	starch_R04	6H	525776080	0.119	525453157	525453276	322.8
protein	3H:173351655	3H	173351655	0.119	172050343	172050462	1301.2
betaglucan	betaglucan_R03	3H	475967335	0.118	475603113	475603231	364.1
fiber	fiber_R04	3H	543690146	0.118	541909559	541909677	1780.5
fiber	fiber_R04	3H	543690146	0.118	544571838	544571956	881.7
fiber	fiber_R04	3H	543690146	0.118	544660055	544660173	969.9
fiber	fiber_R04	3H	543690146	0.118	544771619	544771737	1081.5
fiber	fiber_R04	3H	543690146	0.118	545117912	545118030	1427.8
fiber	fiber_R05	4H	24707376	0.118	24722243	24722361	14.9
fiber	fiber_R10	5H	462564771	0.118	462575599	462575717	10.8
protein	protein_R01	3H	106623911	0.118	106214356	106214474	409.4
protein	protein_R01	3H	106623911	0.118	107583350	107583468	959.4
starch	starch_R02	3H	530660057	0.118	530631369	530631487	28.6
starch	starch_R03	3H	546433616	0.118	545915310	545915428	518.2
protein	3H:173351655	3H	173351655	0.118	172562217	172562335	789.3
protein	3H:173351655	3H	173351655	0.118	173305671	173305789	45.9
betaglucan	betaglucan_R03	3H	475967335	0.117	475568867	475568984	398.4
betaglucan	betaglucan_R03	3H	475967335	0.117	475838720	475838837	128.5
betaglucan	betaglucan_R03	3H	475967335	0.117	476058031	476058148	90.7
betaglucan	betaglucan_R03	3H	475967335	0.117	476083435	476083552	116.1
fiber	fiber_R04	3H	543690146	0.117	545318018	545318135	1627.9
fiber	fiber_R10	5H	462564771	0.117	461210786	461210903	1353.9
starch	starch_R02	3H	530660057	0.117	530623431	530623548	36.5
protein	3H:173351655	3H	173351655	0.117	172322121	172322238	1029.4
protein	3H:173351655	3H	173351655	0.117	172942488	172942605	409
fiber	fiber_R04	3H	543690146	0.116	544537568	544537684	847.4
fiber	fiber_R05	4H	24707376	0.116	24824779	24824895	117.4
protein	3H:198076308	3H	198076308	0.116	199291410	199291526	1215.1
betaglucan	betaglucan_R03	3H	475967335	0.115	475963337	475963452	3.9
betaglucan	betaglucan_R05	4H	34858354	0.115	34849987	34850102	8.3
fiber	fiber_R03	1H	440573355	0.115	439785865	439785980	787.4
fiber	fiber_R04	3H	543690146	0.115	542369775	542369890	1320.3
fiber	fiber_R04	3H	543690146	0.115	544570532	544570647	880.4
starch	starch_R02	3H	530660057	0.115	530679694	530679809	19.6
starch	starch_R03	3H	546433616	0.115	545923313	545923428	510.2
starch	starch_R04	6H	525776080	0.115	525417849	525417964	358.1
protein	3H:173351655	3H	173351655	0.115	172431204	172431319	920.3
protein	3H:173351655	3H	173351655	0.115	172682397	172682512	669.1
protein	3H:173351655	3H	173351655	0.115	172795799	172795914	555.7
betaglucan	betaglucan_R03	3H	475967335	0.114	475567191	475567305	400
betaglucan	betaglucan_R03	3H	475967335	0.114	475572537	475572651	394.7
betaglucan	betaglucan_R03	3H	475967335	0.114	475918430	475918544	48.8
betaglucan	betaglucan_R03	3H	475967335	0.114	475948893	475949007	18.3
betaglucan	betaglucan_R04	3H	537247620	0.114	537356673	537356787	109.1
fiber	fiber_R05	4H	24707376	0.114	24676742	24676856	30.5
fiber	fiber_R10	5H	462564771	0.114	462564657	462564771	0
starch	starch_R03	3H	546433616	0.114	545973966	545974080	459.5
protein	3H:173351655	3H	173351655	0.114	172507155	172507269	844.4
betaglucan	betaglucan_R03	3H	475967335	0.113	475767205	475767318	200
fiber	fiber_R04	3H	543690146	0.113	543809167	543809280	119
fiber	fiber_R04	3H	543690146	0.113	544262448	544262561	572.3
fiber	fiber_R04	3H	543690146	0.113	544374630	544374743	684.5
fiber	fiber_R04	3H	543690146	0.113	544551968	544552081	861.8
fiber	fiber_R04	3H	543690146	0.113	544799291	544799404	1109.1
fiber	fiber_R04	3H	543690146	0.113	545053128	545053241	1363
fiber	fiber_R05	4H	24707376	0.113	24871870	24871983	164.5
starch	starch_R04	6H	525776080	0.113	525791986	525792099	15.9
protein	3H:173351655	3H	173351655	0.113	172472186	172472299	879.4
betaglucan	betaglucan_R03	3H	475967335	0.112	475828882	475828994	138.3
fiber	fiber_R04	3H	543690146	0.112	544500157	544500269	810
fiber	fiber_R05	4H	24707376	0.112	24927381	24927493	220
starch	starch_R03	3H	546433616	0.112	545919144	545919256	514.4
protein	3H:173351655	3H	173351655	0.112	172368529	172368641	983
betaglucan	betaglucan_R01	1H	479493867	0.111	479533836	479533947	40
betaglucan	betaglucan_R03	3H	475967335	0.111	475623617	475623728	343.6
betaglucan	betaglucan_R03	3H	475967335	0.111	475805378	475805489	161.8
betaglucan	betaglucan_R03	3H	475967335	0.111	475869668	475869779	97.6
fiber	fiber_R04	3H	543690146	0.111	544269332	544269443	579.2
fiber	fiber_R04	3H	543690146	0.111	545157354	545157465	1467.2
starch	starch_R02	3H	530660057	0.111	530705968	530706079	45.9
protein	3H:173351655	3H	173351655	0.111	173170379	173170490	181.2
protein	3H:198076308	3H	198076308	0.111	199406507	199406618	1330.2
betaglucan	betaglucan_R03	3H	475967335	0.11	475619956	475620066	347.3
betaglucan	betaglucan_R03	3H	475967335	0.11	475798786	475798896	168.4
betaglucan	betaglucan_R03	3H	475967335	0.11	475969832	475969942	2.5
fiber	fiber_R01	1H	330239605	0.11	330432546	330432656	192.9
fiber	fiber_R04	3H	543690146	0.11	544455241	544455351	765.1
fiber	fiber_R04	3H	543690146	0.11	544475730	544475840	785.6
fiber	fiber_R04	3H	543690146	0.11	544660652	544660762	970.5
fiber	fiber_R04	3H	543690146	0.11	544802019	544802129	1111.9
fiber	fiber_R04	3H	543690146	0.11	545157244	545157354	1467.1
starch	starch_R02	3H	530660057	0.11	530634026	530634136	25.9
protein	3H:173351655	3H	173351655	0.11	172384095	172384205	967.5
protein	3H:173351655	3H	173351655	0.11	173285605	173285715	65.9
betaglucan	betaglucan_R03	3H	475967335	0.109	475948784	475948893	18.4
fiber	fiber_R03	1H	440573355	0.109	440250522	440250631	322.7
fiber	fiber_R04	3H	543690146	0.109	544240582	544240691	550.4
fiber	fiber_R04	3H	543690146	0.109	544635022	544635131	944.9
starch	starch_R03	3H	546433616	0.109	545920188	545920297	513.3
starch	starch_R03	3H	546433616	0.109	546039800	546039909	393.7
protein	3H:173351655	3H	173351655	0.109	172846445	172846554	505.1
betaglucan	betaglucan_R03	3H	475967335	0.108	475960837	475960945	6.4
betaglucan	betaglucan_R03	3H	475967335	0.108	476056792	476056900	89.5
betaglucan	betaglucan_R03	3H	475967335	0.108	476062744	476062852	95.4
fiber	fiber_R04	3H	543690146	0.108	544373704	544373812	683.6
fiber	fiber_R04	3H	543690146	0.108	544532128	544532236	842
fiber	fiber_R04	3H	543690146	0.108	544770331	544770439	1080.2
fiber	fiber_R04	3H	543690146	0.108	544916121	544916229	1226
fiber	fiber_R04	3H	543690146	0.108	545646447	545646555	1956.3
fiber	fiber_R12	7H	415651802	0.108	415446352	415446460	205.3
starch	starch_R03	3H	546433616	0.108	546022002	546022110	411.5
protein	3H:173351655	3H	173351655	0.108	172559590	172559698	792
betaglucan	betaglucan_R03	3H	475967335	0.107	475618305	475618412	348.9
fiber	fiber_R04	3H	543690146	0.107	543928756	543928863	238.6
fiber	fiber_R04	3H	543690146	0.107	544214515	544214622	524.4
starch	starch_R04	6H	525776080	0.107	526488851	526488958	712.8
protein	3H:198076308	3H	198076308	0.107	199302713	199302820	1226.4
betaglucan	betaglucan_R03	3H	475967335	0.106	475619349	475619455	347.9
fiber	fiber_R04	3H	543690146	0.106	544787529	544787635	1097.4
fiber	fiber_R04	3H	543690146	0.106	545069569	545069675	1379.4
fiber	fiber_R08	5H	377309369	0.106	377553831	377553937	244.5
starch	starch_R03	3H	546433616	0.106	545916092	545916198	517.4
starch	starch_R03	3H	546433616	0.106	546098346	546098452	335.2
protein	3H:173351655	3H	173351655	0.106	172295844	172295950	1055.7
betaglucan	betaglucan_R03	3H	475967335	0.105	475831272	475831377	136
betaglucan	betaglucan_R03	3H	475967335	0.105	475837691	475837796	129.5
betaglucan	betaglucan_R03	3H	475967335	0.105	475946450	475946555	20.8
betaglucan	betaglucan_R03	3H	475967335	0.105	476094567	476094672	127.2
betaglucan	betaglucan_R05	4H	34858354	0.105	34861011	34861116	2.7
protein	protein_R01	3H	106623911	0.105	107702632	107702737	1078.7
starch	starch_R02	3H	530660057	0.105	530621941	530622046	38
starch	starch_R02	3H	530660057	0.105	530705398	530705503	45.3
starch	starch_R03	3H	546433616	0.105	545923208	545923313	510.3
starch	starch_R03	3H	546433616	0.105	546038070	546038175	395.4
starch	starch_R03	3H	546433616	0.105	546039909	546040014	393.6
starch	starch_R03	3H	546433616	0.105	546565122	546565227	131.5
protein	3H:173351655	3H	173351655	0.105	173109118	173109223	242.4
protein	3H:198076308	3H	198076308	0.105	198489720	198489825	413.4
betaglucan	betaglucan_R03	3H	475967335	0.104	475753219	475753323	214
betaglucan	betaglucan_R03	3H	475967335	0.104	475870402	475870506	96.8
betaglucan	betaglucan_R03	3H	475967335	0.104	475935493	475935597	31.7
betaglucan	betaglucan_R04	3H	537247620	0.104	537427867	537427971	180.2
fiber	fiber_R04	3H	543690146	0.104	544393557	544393661	703.4
fiber	fiber_R04	3H	543690146	0.104	544527539	544527643	837.4
fiber	fiber_R04	3H	543690146	0.104	545211578	545211682	1521.4
starch	starch_R03	3H	546433616	0.104	545968101	545968205	465.4
starch	starch_R03	3H	546433616	0.104	546083151	546083255	350.4
protein	3H:173351655	3H	173351655	0.104	172526222	172526326	825.3
protein	3H:173351655	3H	173351655	0.104	173368537	173368641	16.9
betaglucan	betaglucan_R03	3H	475967335	0.103	475606300	475606403	360.9
betaglucan	betaglucan_R03	3H	475967335	0.103	475650203	475650306	317
fiber	fiber_R04	3H	543690146	0.103	542317753	542317856	1372.3
fiber	fiber_R04	3H	543690146	0.103	544481110	544481213	791
fiber	fiber_R04	3H	543690146	0.103	544801865	544801968	1111.7
fiber	fiber_R04	3H	543690146	0.103	545207358	545207461	1517.2
starch	starch_R02	3H	530660057	0.103	530623686	530623789	36.3
starch	starch_R03	3H	546433616	0.103	546000770	546000873	432.7
starch	starch_R04	6H	525776080	0.103	525454923	525455026	321.1
betaglucan	betaglucan_R03	3H	475967335	0.102	475793543	475793645	173.7
betaglucan	betaglucan_R03	3H	475967335	0.102	476086457	476086559	119.1
betaglucan	betaglucan_R03	3H	475967335	0.102	476093779	476093881	126.4
betaglucan	betaglucan_R04	3H	537247620	0.102	537813622	537813724	566
fiber	fiber_R04	3H	543690146	0.102	544537684	544537786	847.5
fiber	fiber_R04	3H	543690146	0.102	544919954	544920056	1229.8
fiber	fiber_R04	3H	543690146	0.102	545051817	545051919	1361.7
fiber	fiber_R10	5H	462564771	0.102	461858713	461858815	706
starch	starch_R04	6H	525776080	0.102	525409786	525409888	366.2
protein	3H:173351655	3H	173351655	0.102	172041350	172041452	1310.2
betaglucan	betaglucan_R06	4H	528254769	0.101	528304629	528304730	49.9
fiber	fiber_R04	3H	543690146	0.101	544263185	544263286	573
fiber	fiber_R04	3H	543690146	0.101	545335328	545335429	1645.2
starch	starch_R02	3H	530660057	0.101	530683736	530683837	23.7
protein	3H:173351655	3H	173351655	0.101	172291893	172291994	1059.7
protein	3H:198076308	3H	198076308	0.101	198475817	198475918	399.5
betaglucan	betaglucan_R03	3H	475967335	0.1	475997511	475997611	30.2
betaglucan	betaglucan_R04	3H	537247620	0.1	537702920	537703020	455.3
fiber	fiber_R04	3H	543690146	0.1	544303629	544303729	613.5
fiber	fiber_R04	3H	543690146	0.1	544556467	544556567	866.3
fiber	fiber_R04	3H	543690146	0.1	545592727	545592827	1902.6
starch	starch_R04	6H	525776080	0.1	525830655	525830755	54.6
protein	3H:173351655	3H	173351655	0.1	172280623	172280723	1070.9
protein	3H:173351655	3H	173351655	0.1	172921554	172921654	430
betaglucan	betaglucan_R03	3H	475967335	0.099	475767581	475767680	199.7
betaglucan	betaglucan_R03	3H	475967335	0.099	476083947	476084046	116.6
betaglucan	betaglucan_R04	3H	537247620	0.099	537816665	537816764	569
fiber	fiber_R01	1H	330239605	0.099	330671815	330671914	432.2
fiber	fiber_R04	3H	543690146	0.099	544368939	544369038	678.8
fiber	fiber_R04	3H	543690146	0.099	544660494	544660593	970.3
fiber	fiber_R10	5H	462564771	0.099	462560617	462560716	4.1
starch	starch_R01	1H	330432546	0.099	330671815	330671914	239.3
starch	starch_R03	3H	546433616	0.099	545728226	545728325	705.3
starch	starch_R03	3H	546433616	0.099	545864172	545864271	569.3
starch	starch_R04	6H	525776080	0.099	525903189	525903288	127.1
protein	3H:173351655	3H	173351655	0.099	171474735	171474834	1876.8
betaglucan	betaglucan_R03	3H	475967335	0.098	475761733	475761831	205.5
betaglucan	betaglucan_R03	3H	475967335	0.098	475968029	475968127	0.7
betaglucan	betaglucan_R03	3H	475967335	0.098	476035175	476035273	67.8
fiber	fiber_R04	3H	543690146	0.098	544239719	544239817	549.6
fiber	fiber_R04	3H	543690146	0.098	544383626	544383724	693.5
fiber	fiber_R04	3H	543690146	0.098	544494115	544494213	804
fiber	fiber_R04	3H	543690146	0.098	545089888	545089986	1399.7
fiber	fiber_R04	3H	543690146	0.098	545279480	545279578	1589.3
starch	starch_R04	6H	525776080	0.098	525938828	525938926	162.7
protein	3H:173351655	3H	173351655	0.098	172333842	172333940	1017.7
protein	3H:173351655	3H	173351655	0.098	173280684	173280782	70.9
betaglucan	betaglucan_R03	3H	475967335	0.097	475698723	475698820	268.5
betaglucan	betaglucan_R03	3H	475967335	0.097	475940924	475941021	26.3
betaglucan	betaglucan_R03	3H	475967335	0.097	476056284	476056381	88.9
betaglucan	betaglucan_R06	4H	528254769	0.097	528254769	528254866	0
fiber	fiber_R04	3H	543690146	0.097	544030776	544030873	340.6
fiber	fiber_R04	3H	543690146	0.097	544480232	544480329	790.1
fiber	fiber_R04	3H	543690146	0.097	544660762	544660859	970.6
protein	protein_R01	3H	106623911	0.097	107949707	107949804	1325.8
starch	starch_R03	3H	546433616	0.097	546040014	546040111	393.5
betaglucan	betaglucan_R03	3H	475967335	0.096	475619253	475619349	348
fiber	fiber_R04	3H	543690146	0.096	544306639	544306735	616.5
fiber	fiber_R04	3H	543690146	0.096	544577318	544577414	887.2
fiber	fiber_R10	5H	462564771	0.096	460982205	460982301	1582.5
starch	starch_R03	3H	546433616	0.096	546041085	546041181	392.4
starch	starch_R03	3H	546433616	0.096	546096734	546096830	336.8
protein	3H:173351655	3H	173351655	0.096	173179959	173180055	171.6
protein	3H:173351655	3H	173351655	0.096	173204985	173205081	146.6
protein	3H:198076308	3H	198076308	0.096	197946436	197946532	129.8
betaglucan	betaglucan_R03	3H	475967335	0.095	475831377	475831472	135.9
betaglucan	betaglucan_R03	3H	475967335	0.095	475929650	475929745	37.6
betaglucan	betaglucan_R03	3H	475967335	0.095	475978861	475978956	11.5
fiber	fiber_R04	3H	543690146	0.095	544370630	544370725	680.5
fiber	fiber_R04	3H	543690146	0.095	544731511	544731606	1041.4
fiber	fiber_R04	3H	543690146	0.095	544784361	544784456	1094.2
starch	starch_R03	3H	546433616	0.095	545970241	545970336	463.3
betaglucan	betaglucan_R03	3H	475967335	0.094	475839882	475839976	127.4
betaglucan	betaglucan_R03	3H	475967335	0.094	475869779	475869873	97.5
betaglucan	betaglucan_R04	3H	537247620	0.094	537428195	537428289	180.6
fiber	fiber_R04	3H	543690146	0.094	544469484	544469578	779.3
fiber	fiber_R04	3H	543690146	0.094	544780556	544780650	1090.4
fiber	fiber_R04	3H	543690146	0.094	545580592	545580686	1890.4
protein	protein_R01	3H	106623911	0.094	108062035	108062129	1438.1
starch	starch_R03	3H	546433616	0.094	546017882	546017976	415.6
starch	starch_R03	3H	546433616	0.094	546039706	546039800	393.8
starch	starch_R03	3H	546433616	0.094	546093474	546093568	340
starch	starch_R03	3H	546433616	0.094	546096568	546096662	337
starch	starch_R04	6H	525776080	0.094	525733407	525733501	42.6
starch	starch_R04	6H	525776080	0.094	525938647	525938741	162.6
starch	starch_R04	6H	525776080	0.094	526271890	526271984	495.8
starch	starch_R04	6H	525776080	0.094	526439575	526439669	663.5
starch	starch_R04	6H	525776080	0.094	526484068	526484162	708
protein	3H:198076308	3H	198076308	0.094	197734213	197734307	342
betaglucan	betaglucan_R03	3H	475967335	0.093	475761996	475762089	205.2
betaglucan	betaglucan_R03	3H	475967335	0.093	475939574	475939667	27.7
fiber	fiber_R04	3H	543690146	0.093	544333551	544333644	643.4
fiber	fiber_R04	3H	543690146	0.093	544532236	544532329	842.1
fiber	fiber_R04	3H	543690146	0.093	545168240	545168333	1478.1
starch	starch_R03	3H	546433616	0.093	546043087	546043180	390.4
starch	starch_R03	3H	546433616	0.093	546077243	546077336	356.3
protein	3H:173351655	3H	173351655	0.093	172856777	172856870	494.8
protein	3H:173351655	3H	173351655	0.093	173318053	173318146	33.5
betaglucan	betaglucan_R03	3H	475967335	0.092	475654865	475654957	312.4
betaglucan	betaglucan_R03	3H	475967335	0.092	475798694	475798786	168.5
betaglucan	betaglucan_R03	3H	475967335	0.092	475872837	475872929	94.4
betaglucan	betaglucan_R03	3H	475967335	0.092	476013388	476013480	46.1
fiber	fiber_R03	1H	440573355	0.092	439943482	439943574	629.8
fiber	fiber_R04	3H	543690146	0.092	543907854	543907946	217.7
fiber	fiber_R04	3H	543690146	0.092	544557754	544557846	867.6
fiber	fiber_R04	3H	543690146	0.092	544578201	544578293	888.1
fiber	fiber_R04	3H	543690146	0.092	544783162	544783254	1093
fiber	fiber_R05	4H	24707376	0.092	24724366	24724458	17
starch	starch_R03	3H	546433616	0.092	546040993	546041085	392.5
protein	3H:173351655	3H	173351655	0.092	173240284	173240376	111.3
betaglucan	betaglucan_R01	1H	479493867	0.091	479533745	479533836	39.9
betaglucan	betaglucan_R03	3H	475967335	0.091	475766260	475766351	201
betaglucan	betaglucan_R03	3H	475967335	0.091	475770300	475770391	196.9
betaglucan	betaglucan_R03	3H	475967335	0.091	475871878	475871969	95.4
betaglucan	betaglucan_R03	3H	475967335	0.091	475944043	475944134	23.2
betaglucan	betaglucan_R03	3H	475967335	0.091	476083344	476083435	116
fiber	fiber_R04	3H	543690146	0.091	543866108	543866199	176
fiber	fiber_R04	3H	543690146	0.091	545038038	545038129	1347.9
starch	starch_R04	6H	525776080	0.091	525642182	525642273	133.8
protein	3H:173351655	3H	173351655	0.091	172368438	172368529	983.1
protein	3H:173351655	3H	173351655	0.091	172467598	172467689	884
betaglucan	betaglucan_R03	3H	475967335	0.09	475770111	475770201	197.1
betaglucan	betaglucan_R03	3H	475967335	0.09	476086335	476086425	119
starch	starch_R02	3H	530660057	0.09	530677710	530677800	17.7
fiber	fiber_R04	3H	543690146	0.089	544262561	544262650	572.4
fiber	fiber_R04	3H	543690146	0.089	544789185	544789274	1099
fiber	fiber_R05	4H	24707376	0.089	24706102	24706191	1.2
protein	3H:173351655	3H	173351655	0.089	173284727	173284816	66.8
betaglucan	betaglucan_R03	3H	475967335	0.088	475697092	475697180	270.2
betaglucan	betaglucan_R03	3H	475967335	0.088	475968207	475968295	0.9
betaglucan	betaglucan_R03	3H	475967335	0.088	475985466	475985554	18.1
betaglucan	betaglucan_R03	3H	475967335	0.088	476069851	476069939	102.5
fiber	fiber_R04	3H	543690146	0.088	542035845	542035933	1654.2
fiber	fiber_R04	3H	543690146	0.088	544303729	544303817	613.6
fiber	fiber_R05	4H	24707376	0.088	24822948	24823036	115.6
starch	starch_R04	6H	525776080	0.088	525729045	525729133	46.9
protein	3H:173351655	3H	173351655	0.088	172950293	172950381	401.3
protein	3H:173351655	3H	173351655	0.088	173124890	173124978	226.7
betaglucan	betaglucan_R03	3H	475967335	0.087	475619644	475619731	347.6
betaglucan	betaglucan_R03	3H	475967335	0.087	475623985	475624072	343.3
betaglucan	betaglucan_R03	3H	475967335	0.087	475981038	475981125	13.7
betaglucan	betaglucan_R03	3H	475967335	0.087	476010068	476010155	42.7
betaglucan	betaglucan_R04	3H	537247620	0.087	537984214	537984301	736.6
fiber	fiber_R04	3H	543690146	0.087	543762844	543762931	72.7
fiber	fiber_R04	3H	543690146	0.087	543857836	543857923	167.7
fiber	fiber_R04	3H	543690146	0.087	544375116	544375203	685
fiber	fiber_R04	3H	543690146	0.087	544475568	544475655	785.4
fiber	fiber_R04	3H	543690146	0.087	545002885	545002972	1312.7
fiber	fiber_R05	4H	24707376	0.087	24864279	24864366	156.9
fiber	fiber_R06	4H	470989624	0.087	470367529	470367616	622
protein	protein_R01	3H	106623911	0.087	108100354	108100441	1476.4
starch	starch_R03	3H	546433616	0.087	546017002	546017089	416.5
starch	starch_R03	3H	546433616	0.087	546026134	546026221	407.4
starch	starch_R03	3H	546433616	0.087	546030251	546030338	403.3
starch	starch_R03	3H	546433616	0.087	546094186	546094273	339.3
starch	starch_R04	6H	525776080	0.087	525938741	525938828	162.7
protein	3H:173351655	3H	173351655	0.087	173194935	173195022	156.6
protein	3H:198076308	3H	198076308	0.087	197844257	197844344	232
betaglucan	betaglucan_R03	3H	475967335	0.086	475652992	475653078	314.3
betaglucan	betaglucan_R03	3H	475967335	0.086	475872971	475873057	94.3
betaglucan	betaglucan_R03	3H	475967335	0.086	475971719	475971805	4.4
betaglucan	betaglucan_R04	3H	537247620	0.086	537356112	537356198	108.5
fiber	fiber_R04	3H	543690146	0.086	543638879	543638965	51.2
fiber	fiber_R04	3H	543690146	0.086	544310097	544310183	620
fiber	fiber_R04	3H	543690146	0.086	544373812	544373898	683.7
fiber	fiber_R04	3H	543690146	0.086	544502553	544502639	812.4
fiber	fiber_R04	3H	543690146	0.086	544526416	544526502	836.3
fiber	fiber_R04	3H	543690146	0.086	544574987	544575073	884.8
fiber	fiber_R04	3H	543690146	0.086	544636362	544636448	946.2
fiber	fiber_R04	3H	543690146	0.086	545395223	545395309	1705.1
fiber	fiber_R04	3H	543690146	0.086	545619549	545619635	1929.4
starch	starch_R03	3H	546433616	0.086	545864086	545864172	569.4
starch	starch_R03	3H	546433616	0.086	545874436	545874522	559.1
starch	starch_R04	6H	525776080	0.086	526392991	526393077	616.9
protein	3H:173351655	3H	173351655	0.086	172851884	172851970	499.7
betaglucan	betaglucan_R03	3H	475967335	0.085	475874019	475874104	93.2
betaglucan	betaglucan_R03	3H	475967335	0.085	476095528	476095613	128.2
fiber	fiber_R04	3H	543690146	0.085	544480673	544480758	790.5
fiber	fiber_R04	3H	543690146	0.085	544524675	544524760	834.5
fiber	fiber_R04	3H	543690146	0.085	545157728	545157813	1467.6
protein	3H:173351655	3H	173351655	0.085	173272648	173272733	78.9
betaglucan	betaglucan_R03	3H	475967335	0.084	475769959	475770043	197.3
betaglucan	betaglucan_R03	3H	475967335	0.084	475835487	475835571	131.8
betaglucan	betaglucan_R03	3H	475967335	0.084	475976535	475976619	9.2
fiber	fiber_R04	3H	543690146	0.084	544333645	544333729	643.5
fiber	fiber_R04	3H	543690146	0.084	544396043	544396127	705.9
fiber	fiber_R04	3H	543690146	0.084	544678700	544678784	988.6
fiber	fiber_R04	3H	543690146	0.084	544776494	544776578	1086.3
fiber	fiber_R10	5H	462564771	0.084	463087339	463087423	522.6
starch	starch_R03	3H	546433616	0.084	546096484	546096568	337
protein	3H:173351655	3H	173351655	0.084	172501580	172501664	850
protein	3H:173351655	3H	173351655	0.084	172845504	172845588	506.1
protein	3H:173351655	3H	173351655	0.084	173282875	173282959	68.7
protein	3H:198076308	3H	198076308	0.084	198092459	198092543	16.2
betaglucan	betaglucan_R03	3H	475967335	0.083	475670549	475670632	296.7
betaglucan	betaglucan_R03	3H	475967335	0.083	475761831	475761914	205.4
betaglucan	betaglucan_R03	3H	475967335	0.083	475823934	475824017	143.3
fiber	fiber_R04	3H	543690146	0.083	544481234	544481317	791.1
fiber	fiber_R04	3H	543690146	0.083	544567389	544567472	877.2
fiber	fiber_R04	3H	543690146	0.083	544678617	544678700	988.5
fiber	fiber_R04	3H	543690146	0.083	544885385	544885468	1195.2
fiber	fiber_R04	3H	543690146	0.083	545173029	545173112	1482.9
fiber	fiber_R05	4H	24707376	0.083	24791167	24791250	83.8
starch	starch_R02	3H	530660057	0.083	530621858	530621941	38.1
starch	starch_R03	3H	546433616	0.083	545921499	545921582	512
protein	3H:173351655	3H	173351655	0.083	172405526	172405609	946
betaglucan	betaglucan_R03	3H	475967335	0.082	475625798	475625880	341.5
betaglucan	betaglucan_R03	3H	475967335	0.082	475671711	475671793	295.5
betaglucan	betaglucan_R03	3H	475967335	0.082	475928915	475928997	38.3
betaglucan	betaglucan_R10	6H	545947347	0.082	545503708	545503790	443.6
fiber	fiber_R04	3H	543690146	0.082	544525948	544526030	835.8
fiber	fiber_R04	3H	543690146	0.082	544940506	544940588	1250.4
fiber	fiber_R10	5H	462564771	0.082	461030688	461030770	1534
protein	protein_R01	3H	106623911	0.082	108356099	108356181	1732.2
starch	starch_R02	3H	530660057	0.082	530631755	530631837	28.2
starch	starch_R03	3H	546433616	0.082	545893158	545893240	540.4
starch	starch_R03	3H	546433616	0.082	545979478	545979560	454.1
protein	3H:173351655	3H	173351655	0.082	172441912	172441994	909.7
betaglucan	betaglucan_R03	3H	475967335	0.081	475824260	475824341	143
betaglucan	betaglucan_R03	3H	475967335	0.081	475874548	475874629	92.7
fiber	fiber_R04	3H	543690146	0.081	544232139	544232220	542
fiber	fiber_R04	3H	543690146	0.081	545042241	545042322	1352.1
fiber	fiber_R12	7H	415651802	0.081	415487740	415487821	164
starch	starch_R02	3H	530660057	0.081	530627893	530627974	32.1
starch	starch_R02	3H	530660057	0.081	530634378	530634459	25.6
starch	starch_R03	3H	546433616	0.081	546021921	546022002	411.6
starch	starch_R04	6H	525776080	0.081	526484162	526484243	708.1
protein	3H:173351655	3H	173351655	0.081	172052545	172052626	1299
protein	3H:173351655	3H	173351655	0.081	172527151	172527232	824.4
protein	3H:173351655	3H	173351655	0.081	173311835	173311916	39.7
betaglucan	betaglucan_R02	2H	41996626	0.08	41219286	41219366	777.3
betaglucan	betaglucan_R03	3H	475967335	0.08	475870506	475870586	96.7
betaglucan	betaglucan_R03	3H	475967335	0.08	475936082	475936162	31.2
betaglucan	betaglucan_R03	3H	475967335	0.08	475948704	475948784	18.6
fiber	fiber_R04	3H	543690146	0.08	544312811	544312891	622.7
fiber	fiber_R04	3H	543690146	0.08	544808554	544808634	1118.4
fiber	fiber_R04	3H	543690146	0.08	544838376	544838456	1148.2
fiber	fiber_R04	3H	543690146	0.08	545396219	545396299	1706.1
fiber	fiber_R04	3H	543690146	0.08	545657019	545657099	1966.9
starch	starch_R02	3H	530660057	0.08	530623548	530623628	36.4
starch	starch_R03	3H	546433616	0.08	545975537	545975617	458
starch	starch_R04	6H	525776080	0.08	525773835	525773915	2.2
protein	3H:173351655	3H	173351655	0.08	172569769	172569849	781.8
protein	3H:173351655	3H	173351655	0.08	173352676	173352756	1
betaglucan	betaglucan_R03	3H	475967335	0.079	476056400	476056479	89.1
betaglucan	betaglucan_R03	3H	475967335	0.079	476060367	476060446	93
betaglucan	betaglucan_R04	3H	537247620	0.079	537271851	537271930	24.2
fiber	fiber_R04	3H	543690146	0.079	544050893	544050972	360.7
fiber	fiber_R04	3H	543690146	0.079	544271698	544271777	581.6
fiber	fiber_R04	3H	543690146	0.079	544272585	544272664	582.4
fiber	fiber_R04	3H	543690146	0.079	545607419	545607498	1917.3
fiber	fiber_R10	5H	462564771	0.079	461918522	461918601	646.2
protein	protein_R01	3H	106623911	0.079	108048102	108048181	1424.2
starch	starch_R02	3H	530660057	0.079	530621779	530621858	38.2
starch	starch_R03	3H	546433616	0.079	546575411	546575490	141.8
starch	starch_R04	6H	525776080	0.079	526404468	526404547	628.4
protein	3H:173351655	3H	173351655	0.079	173280782	173280861	70.8
betaglucan	betaglucan_R03	3H	475967335	0.078	475768570	475768648	198.7
betaglucan	betaglucan_R03	3H	475967335	0.078	475875334	475875412	91.9
betaglucan	betaglucan_R04	3H	537247620	0.078	537427971	537428049	180.4
fiber	fiber_R04	3H	543690146	0.078	543778749	543778827	88.6
fiber	fiber_R04	3H	543690146	0.078	544553006	544553084	862.9
fiber	fiber_R04	3H	543690146	0.078	544787719	544787797	1097.6
protein	protein_R01	3H	106623911	0.078	108059449	108059527	1435.5
protein	protein_R01	3H	106623911	0.078	108202615	108202693	1578.7
starch	starch_R02	3H	530660057	0.078	530705890	530705968	45.8
starch	starch_R03	3H	546433616	0.078	545916204	545916282	517.3
starch	starch_R03	3H	546433616	0.078	546093659	546093737	339.9
protein	3H:173351655	3H	173351655	0.078	173311757	173311835	39.8
betaglucan	betaglucan_R03	3H	475967335	0.077	475968127	475968204	0.8
betaglucan	betaglucan_R03	3H	475967335	0.077	476059171	476059248	91.8
fiber	fiber_R04	3H	543690146	0.077	544233158	544233235	543
fiber	fiber_R04	3H	543690146	0.077	544635131	544635208	945
fiber	fiber_R04	3H	543690146	0.077	545619804	545619881	1929.7
fiber	fiber_R12	7H	415651802	0.077	416019240	416019317	367.4
starch	starch_R03	3H	546433616	0.077	545956965	545957042	476.6
protein	3H:173351655	3H	173351655	0.077	171678499	171678576	1673.1
protein	3H:173351655	3H	173351655	0.077	173101481	173101558	250.1
protein	3H:173351655	3H	173351655	0.077	173116895	173116972	234.7
protein	3H:173351655	3H	173351655	0.077	173180055	173180132	171.5
betaglucan	betaglucan_R03	3H	475967335	0.076	475603245	475603321	364
betaglucan	betaglucan_R03	3H	475967335	0.076	475872747	475872823	94.5
fiber	fiber_R04	3H	543690146	0.076	544539653	544539729	849.5
fiber	fiber_R04	3H	543690146	0.076	545003366	545003442	1313.2
fiber	fiber_R04	3H	543690146	0.076	545153479	545153555	1463.3
fiber	fiber_R04	3H	543690146	0.076	545644355	545644431	1954.2
fiber	fiber_R10	5H	462564771	0.076	461816335	461816411	748.4
protein	protein_R01	3H	106623911	0.076	105882823	105882899	741
protein	protein_R01	3H	106623911	0.076	106921171	106921247	297.3
starch	starch_R04	6H	525776080	0.076	526407875	526407951	631.8
starch	starch_R04	6H	525776080	0.076	526484243	526484319	708.2
protein	3H:173351655	3H	173351655	0.076	172472110	172472186	879.5
protein	3H:173351655	3H	173351655	0.076	173124814	173124890	226.8
protein	3H:198076308	3H	198076308	0.076	198275068	198275144	198.8
betaglucan	betaglucan_R03	3H	475967335	0.075	475802883	475802958	164.4
betaglucan	betaglucan_R03	3H	475967335	0.075	475974527	475974602	7.2
betaglucan	betaglucan_R03	3H	475967335	0.075	476019031	476019106	51.7
betaglucan	betaglucan_R04	3H	537247620	0.075	537109748	537109823	137.8
fiber	fiber_R04	3H	543690146	0.075	544475655	544475730	785.5
fiber	fiber_R04	3H	543690146	0.075	545207189	545207264	1517
fiber	fiber_R10	5H	462564771	0.075	462575337	462575412	10.6
starch	starch_R03	3H	546433616	0.075	546083590	546083665	350
protein	3H:173351655	3H	173351655	0.075	172472035	172472110	879.5
betaglucan	betaglucan_R03	3H	475967335	0.074	475605842	475605916	361.4
betaglucan	betaglucan_R03	3H	475967335	0.074	475671637	475671711	295.6
betaglucan	betaglucan_R03	3H	475967335	0.074	475849253	475849327	118
betaglucan	betaglucan_R03	3H	475967335	0.074	476059248	476059322	91.9
fiber	fiber_R04	3H	543690146	0.074	544310471	544310545	620.3
fiber	fiber_R04	3H	543690146	0.074	544658049	544658123	967.9
fiber	fiber_R04	3H	543690146	0.074	545183665	545183739	1493.5
fiber	fiber_R04	3H	543690146	0.074	545254512	545254586	1564.4
protein	protein_R01	3H	106623911	0.074	106266562	106266636	357.3
starch	starch_R03	3H	546433616	0.074	546093568	546093642	340
protein	3H:173351655	3H	173351655	0.074	173239892	173239966	111.7
protein	3H:198076308	3H	198076308	0.074	199227461	199227535	1151.2
betaglucan	betaglucan_R03	3H	475967335	0.073	475791209	475791282	176.1
betaglucan	betaglucan_R03	3H	475967335	0.073	475828529	475828602	138.7
betaglucan	betaglucan_R03	3H	475967335	0.073	475867375	475867448	99.9
betaglucan	betaglucan_R03	3H	475967335	0.073	475944134	475944207	23.1
betaglucan	betaglucan_R06	4H	528254769	0.073	528219351	528219424	35.3
fiber	fiber_R04	3H	543690146	0.073	545030928	545031001	1340.8
starch	starch_R02	3H	530660057	0.073	530628457	530628530	31.5
starch	starch_R03	3H	546433616	0.073	545956827	545956900	476.7
starch	starch_R03	3H	546433616	0.073	545968678	545968751	464.9
starch	starch_R04	6H	525776080	0.073	525773915	525773988	2.1
betaglucan	betaglucan_R03	3H	475967335	0.072	475572701	475572773	394.6
betaglucan	betaglucan_R03	3H	475967335	0.072	475918168	475918240	49.1
betaglucan	betaglucan_R03	3H	475967335	0.072	475977815	475977887	10.5
fiber	fiber_R04	3H	543690146	0.072	544230747	544230819	540.6
fiber	fiber_R04	3H	543690146	0.072	544496916	544496988	806.8
fiber	fiber_R04	3H	543690146	0.072	544523402	544523474	833.3
fiber	fiber_R05	4H	24707376	0.072	24372819	24372891	334.5
starch	starch_R03	3H	546433616	0.072	545977478	545977550	456.1
starch	starch_R04	6H	525776080	0.072	525791914	525791986	15.8
starch	starch_R04	6H	525776080	0.072	526444608	526444680	668.5
betaglucan	betaglucan_R03	3H	475967335	0.071	475918643	475918714	48.6
fiber	fiber_R04	3H	543690146	0.071	543862591	543862662	172.4
fiber	fiber_R04	3H	543690146	0.071	544494028	544494099	803.9
fiber	fiber_R04	3H	543690146	0.071	544659742	544659813	969.6
starch	starch_R02	3H	530660057	0.071	530643153	530643224	16.8
starch	starch_R03	3H	546433616	0.071	545913783	545913854	519.8
starch	starch_R03	3H	546433616	0.071	546098452	546098523	335.1
protein	3H:173351655	3H	173351655	0.071	172507970	172508041	843.6
protein	3H:173351655	3H	173351655	0.071	172846328	172846399	505.3
betaglucan	betaglucan_R03	3H	475967335	0.07	475790633	475790703	176.6
fiber	fiber_R04	3H	543690146	0.07	543567105	543567175	123
fiber	fiber_R04	3H	543690146	0.07	544233088	544233158	542.9
fiber	fiber_R10	5H	462564771	0.07	462576808	462576878	12
starch	starch_R03	3H	546433616	0.07	545903107	545903177	530.4
starch	starch_R04	6H	525776080	0.07	525903072	525903142	127
starch	starch_R04	6H	525776080	0.07	526411575	526411645	635.5
betaglucan	betaglucan_R03	3H	475967335	0.069	475943919	475943988	23.3
betaglucan	betaglucan_R03	3H	475967335	0.069	476060464	476060533	93.1
fiber	fiber_R04	3H	543690146	0.069	544079515	544079584	389.4
fiber	fiber_R04	3H	543690146	0.069	544373635	544373704	683.5
fiber	fiber_R04	3H	543690146	0.069	544494213	544494282	804.1
fiber	fiber_R04	3H	543690146	0.069	544629234	544629303	939.1
fiber	fiber_R04	3H	543690146	0.069	544636023	544636092	945.9
fiber	fiber_R04	3H	543690146	0.069	544939166	544939235	1249
fiber	fiber_R04	3H	543690146	0.069	545116072	545116141	1425.9
starch	starch_R03	3H	546433616	0.069	545868995	545869064	564.6
starch	starch_R04	6H	525776080	0.069	525452111	525452180	323.9
starch	starch_R04	6H	525776080	0.069	525459615	525459684	316.4
starch	starch_R04	6H	525776080	0.069	525738510	525738579	37.5
starch	starch_R04	6H	525776080	0.069	526482436	526482505	706.4
protein	3H:173351655	3H	173351655	0.069	172470586	172470655	881
betaglucan	betaglucan_R03	3H	475967335	0.068	475587394	475587462	379.9
betaglucan	betaglucan_R03	3H	475967335	0.068	475699635	475699703	267.6
betaglucan	betaglucan_R03	3H	475967335	0.068	475920339	475920407	46.9
betaglucan	betaglucan_R03	3H	475967335	0.068	476010907	476010975	43.6
betaglucan	betaglucan_R03	3H	475967335	0.068	476072084	476072152	104.7
fiber	fiber_R04	3H	543690146	0.068	544312743	544312811	622.6
fiber	fiber_R04	3H	543690146	0.068	544812373	544812441	1122.2
fiber	fiber_R05	4H	24707376	0.068	24834780	24834848	127.4
fiber	fiber_R12	7H	415651802	0.068	415638052	415638120	13.7
protein	3H:173351655	3H	173351655	0.068	172653845	172653913	697.7
protein	3H:198076308	3H	198076308	0.068	197814589	197814657	261.7
betaglucan	betaglucan_R03	3H	475967335	0.067	475672229	475672296	295
betaglucan	betaglucan_R03	3H	475967335	0.067	475797087	475797154	170.2
betaglucan	betaglucan_R03	3H	475967335	0.067	475918576	475918643	48.7
betaglucan	betaglucan_R03	3H	475967335	0.067	475932344	475932411	34.9
betaglucan	betaglucan_R03	3H	475967335	0.067	475993924	475993991	26.6
fiber	fiber_R04	3H	543690146	0.067	545207264	545207331	1517.1
fiber	fiber_R05	4H	24707376	0.067	24787713	24787780	80.3
starch	starch_R03	3H	546433616	0.067	545957042	545957109	476.5
starch	starch_R04	6H	525776080	0.067	525448331	525448398	327.7
protein	3H:173351655	3H	173351655	0.067	172579643	172579710	771.9
betaglucan	betaglucan_R03	3H	475967335	0.066	475696057	475696123	271.2
betaglucan	betaglucan_R03	3H	475967335	0.066	475758647	475758713	208.6
betaglucan	betaglucan_R03	3H	475967335	0.066	475879908	475879974	87.4
betaglucan	betaglucan_R03	3H	475967335	0.066	476059330	476059396	92
fiber	fiber_R04	3H	543690146	0.066	541921903	541921969	1768.2
fiber	fiber_R04	3H	543690146	0.066	544375203	544375269	685.1
fiber	fiber_R04	3H	543690146	0.066	544819017	544819083	1128.9
fiber	fiber_R04	3H	543690146	0.066	545287434	545287500	1597.3
protein	protein_R01	3H	106623911	0.066	107612802	107612868	988.9
starch	starch_R01	1H	330432546	0.066	330416896	330416962	15.6
starch	starch_R03	3H	546433616	0.066	545968205	545968271	465.3
protein	3H:173351655	3H	173351655	0.066	173171536	173171602	180.1
protein	3H:198076308	3H	198076308	0.066	198489825	198489891	413.5
betaglucan	betaglucan_R03	3H	475967335	0.065	475769028	475769093	198.2
betaglucan	betaglucan_R03	3H	475967335	0.065	475929186	475929251	38.1
betaglucan	betaglucan_R03	3H	475967335	0.065	475944461	475944526	22.8
betaglucan	betaglucan_R03	3H	475967335	0.065	475971807	475971872	4.5
betaglucan	betaglucan_R08	6H	475144663	0.065	474859412	474859477	285.2
fiber	fiber_R04	3H	543690146	0.065	543865414	543865479	175.3
fiber	fiber_R04	3H	543690146	0.065	544441294	544441359	751.1
fiber	fiber_R04	3H	543690146	0.065	544441359	544441424	751.2
fiber	fiber_R04	3H	543690146	0.065	544787654	544787719	1097.5
fiber	fiber_R04	3H	543690146	0.065	545555963	545556028	1865.8
fiber	fiber_R05	4H	24707376	0.065	24076300	24076365	631
protein	protein_R01	3H	106623911	0.065	107218160	107218225	594.2
starch	starch_R02	3H	530660057	0.065	530705825	530705890	45.8
starch	starch_R04	6H	525776080	0.065	526251203	526251268	475.1
protein	3H:173351655	3H	173351655	0.065	173318299	173318364	33.3
betaglucan	betaglucan_R03	3H	475967335	0.064	475623728	475623792	343.5
betaglucan	betaglucan_R03	3H	475967335	0.064	475801177	475801241	166.1
betaglucan	betaglucan_R03	3H	475967335	0.064	475966989	475967053	0.3
fiber	fiber_R04	3H	543690146	0.064	544240719	544240783	550.6
fiber	fiber_R04	3H	543690146	0.064	544335883	544335947	645.7
fiber	fiber_R04	3H	543690146	0.064	544539589	544539653	849.4
fiber	fiber_R04	3H	543690146	0.064	545042562	545042626	1352.4
protein	3H:173351655	3H	173351655	0.064	172051912	172051976	1299.7
protein	3H:173351655	3H	173351655	0.064	172415763	172415827	935.8
protein	3H:173351655	3H	173351655	0.064	173154267	173154331	197.3
protein	3H:173351655	3H	173351655	0.064	173189377	173189441	162.2
betaglucan	betaglucan_R03	3H	475967335	0.063	475587462	475587525	379.8
betaglucan	betaglucan_R03	3H	475967335	0.063	475603694	475603757	363.6
betaglucan	betaglucan_R03	3H	475967335	0.063	475872684	475872747	94.6
betaglucan	betaglucan_R03	3H	475967335	0.063	475873455	475873518	93.8
betaglucan	betaglucan_R03	3H	475967335	0.063	475877013	475877076	90.3
betaglucan	betaglucan_R03	3H	475967335	0.063	475971872	475971935	4.5
betaglucan	betaglucan_R03	3H	475967335	0.063	475978798	475978861	11.5
betaglucan	betaglucan_R03	3H	475967335	0.063	476095613	476095676	128.3
fiber	fiber_R04	3H	543690146	0.063	543638970	543639033	51.1
fiber	fiber_R04	3H	543690146	0.063	544571168	544571231	881
fiber	fiber_R05	4H	24707376	0.063	25081403	25081466	374
fiber	fiber_R10	5H	462564771	0.063	461970861	461970924	593.8
betaglucan	betaglucan_R03	3H	475967335	0.062	475830945	475831007	136.3
betaglucan	betaglucan_R03	3H	475967335	0.062	475942152	475942214	25.1
betaglucan	betaglucan_R03	3H	475967335	0.062	476042838	476042900	75.5
fiber	fiber_R04	3H	543690146	0.062	543763765	543763827	73.6
fiber	fiber_R04	3H	543690146	0.062	544435732	544435794	745.6
fiber	fiber_R04	3H	543690146	0.062	544738504	544738566	1048.4
fiber	fiber_R04	3H	543690146	0.062	545157514	545157576	1467.4
fiber	fiber_R05	4H	24707376	0.062	25164628	25164690	457.3
protein	protein_R01	3H	106623911	0.062	107988209	107988271	1364.3
starch	starch_R02	3H	530660057	0.062	530637066	530637128	22.9
starch	starch_R03	3H	546433616	0.062	546096830	546096892	336.7
starch	starch_R04	6H	525776080	0.062	525658563	525658625	117.5
protein	3H:173351655	3H	173351655	0.062	172441644	172441706	909.9
betaglucan	betaglucan_R03	3H	475967335	0.061	475875080	475875141	92.2
betaglucan	betaglucan_R03	3H	475967335	0.061	475939691	475939752	27.6
betaglucan	betaglucan_R03	3H	475967335	0.061	475971935	475971996	4.6
fiber	fiber_R04	3H	543690146	0.061	543778555	543778616	88.4
fiber	fiber_R04	3H	543690146	0.061	544037385	544037446	347.2
fiber	fiber_R04	3H	543690146	0.061	544494289	544494350	804.1
fiber	fiber_R04	3H	543690146	0.061	544657443	544657504	967.3
fiber	fiber_R05	4H	24707376	0.061	24707116	24707177	0.2
starch	starch_R02	3H	530660057	0.061	530678084	530678145	18
starch	starch_R03	3H	546433616	0.061	545968751	545968812	464.8
starch	starch_R03	3H	546433616	0.061	545983601	545983662	450
protein	3H:173351655	3H	173351655	0.061	173239966	173240027	111.6
protein	3H:173351655	3H	173351655	0.061	173243357	173243418	108.2
betaglucan	betaglucan_R03	3H	475967335	0.06	475882194	475882254	85.1
betaglucan	betaglucan_R03	3H	475967335	0.06	476019106	476019166	51.8
fiber	fiber_R04	3H	543690146	0.06	543862378	543862438	172.2
fiber	fiber_R04	3H	543690146	0.06	545127722	545127782	1437.6
fiber	fiber_R04	3H	543690146	0.06	545677115	545677175	1987
starch	starch_R03	3H	546433616	0.06	545903177	545903237	530.4
starch	starch_R04	6H	525776080	0.06	525409726	525409786	366.3
protein	3H:173351655	3H	173351655	0.06	173111423	173111483	240.2
protein	3H:198076308	3H	198076308	0.06	198493469	198493529	417.2
betaglucan	betaglucan_R03	3H	475967335	0.059	475920407	475920466	46.9
betaglucan	betaglucan_R03	3H	475967335	0.059	475929127	475929186	38.1
fiber	fiber_R04	3H	543690146	0.059	543598369	543598428	91.7
fiber	fiber_R04	3H	543690146	0.059	544260035	544260094	569.9
fiber	fiber_R04	3H	543690146	0.059	544371079	544371138	680.9
fiber	fiber_R04	3H	543690146	0.059	544375269	544375328	685.1
fiber	fiber_R04	3H	543690146	0.059	544648536	544648595	958.4
fiber	fiber_R04	3H	543690146	0.059	545187578	545187637	1497.4
fiber	fiber_R04	3H	543690146	0.059	545395164	545395223	1705
fiber	fiber_R05	4H	24707376	0.059	24857006	24857065	149.6
starch	starch_R03	3H	546433616	0.059	546016943	546017002	416.6
protein	3H:173351655	3H	173351655	0.059	172041452	172041511	1310.1
protein	3H:173351655	3H	173351655	0.059	173284816	173284875	66.8
betaglucan	betaglucan_R03	3H	475967335	0.058	475697784	475697842	269.5
fiber	fiber_R04	3H	543690146	0.058	544436236	544436294	746.1
fiber	fiber_R04	3H	543690146	0.058	544453320	544453378	763.2
fiber	fiber_R04	3H	543690146	0.058	544636287	544636345	946.1
starch	starch_R02	3H	530660057	0.058	530623628	530623686	36.4
starch	starch_R03	3H	546433616	0.058	545747440	545747498	686.1
protein	3H:173351655	3H	173351655	0.058	173352030	173352088	0.4
protein	3H:198076308	3H	198076308	0.058	197944009	197944067	132.2
betaglucan	betaglucan_R03	3H	475967335	0.057	475843316	475843373	124
betaglucan	betaglucan_R03	3H	475967335	0.057	475875274	475875331	92
betaglucan	betaglucan_R03	3H	475967335	0.057	475928997	475929054	38.3
betaglucan	betaglucan_R03	3H	475967335	0.057	475942217	475942274	25.1
betaglucan	betaglucan_R03	3H	475967335	0.057	476007972	476008029	40.6
betaglucan	betaglucan_R03	3H	475967335	0.057	476035283	476035340	67.9
fiber	fiber_R04	3H	543690146	0.057	544550504	544550561	860.4
fiber	fiber_R04	3H	543690146	0.057	544576976	544577033	886.8
fiber	fiber_R04	3H	543690146	0.057	544578460	544578517	888.3
fiber	fiber_R04	3H	543690146	0.057	544648438	544648495	958.3
fiber	fiber_R04	3H	543690146	0.057	544808634	544808691	1118.5
starch	starch_R02	3H	530660057	0.057	530677938	530677995	17.9
protein	3H:173351655	3H	173351655	0.057	172664823	172664880	686.8
protein	3H:173351655	3H	173351655	0.057	173116838	173116895	234.8
protein	3H:173351655	3H	173351655	0.057	173298752	173298809	52.8
betaglucan	betaglucan_R03	3H	475967335	0.056	475626812	475626868	340.5
betaglucan	betaglucan_R03	3H	475967335	0.056	475797733	475797789	169.5
betaglucan	betaglucan_R03	3H	475967335	0.056	475871988	475872044	95.3
betaglucan	betaglucan_R03	3H	475967335	0.056	475918374	475918430	48.9
betaglucan	betaglucan_R03	3H	475967335	0.056	475961409	475961465	5.9
betaglucan	betaglucan_R04	3H	537247620	0.056	537813565	537813621	565.9
fiber	fiber_R04	3H	543690146	0.056	544381791	544381847	691.6
fiber	fiber_R04	3H	543690146	0.056	544657834	544657890	967.7
fiber	fiber_R04	3H	543690146	0.056	544840755	544840811	1150.6
protein	3H:173351655	3H	173351655	0.056	172147631	172147687	1204
protein	3H:173351655	3H	173351655	0.056	172396016	172396072	955.6
protein	3H:173351655	3H	173351655	0.056	172559698	172559754	791.9
betaglucan	betaglucan_R03	3H	475967335	0.055	475801106	475801161	166.2
betaglucan	betaglucan_R03	3H	475967335	0.055	475867481	475867536	99.8
betaglucan	betaglucan_R03	3H	475967335	0.055	475943988	475944043	23.3
betaglucan	betaglucan_R03	3H	475967335	0.055	476011143	476011198	43.8
fiber	fiber_R04	3H	543690146	0.055	541929604	541929659	1760.5
fiber	fiber_R04	3H	543690146	0.055	544453407	544453462	763.3
fiber	fiber_R04	3H	543690146	0.055	544474686	544474741	784.5
fiber	fiber_R04	3H	543690146	0.055	544480329	544480384	790.2
fiber	fiber_R04	3H	543690146	0.055	544566016	544566071	875.9
fiber	fiber_R04	3H	543690146	0.055	544576516	544576571	886.4
protein	protein_R01	3H	106623911	0.055	107157187	107157242	533.3
starch	starch_R02	3H	530660057	0.055	530640842	530640897	19.2
starch	starch_R04	6H	525776080	0.055	525642273	525642328	133.8
protein	3H:173351655	3H	173351655	0.055	172484467	172484522	867.1
protein	3H:173351655	3H	173351655	0.055	173243418	173243473	108.2
betaglucan	betaglucan_R03	3H	475967335	0.054	475672705	475672759	294.6
betaglucan	betaglucan_R03	3H	475967335	0.054	475761942	475761996	205.3
betaglucan	betaglucan_R03	3H	475967335	0.054	475831472	475831526	135.8
betaglucan	betaglucan_R03	3H	475967335	0.054	475860267	475860321	107
betaglucan	betaglucan_R03	3H	475967335	0.054	475967053	475967107	0.2
betaglucan	betaglucan_R03	3H	475967335	0.054	475980616	475980670	13.3
betaglucan	betaglucan_R03	3H	475967335	0.054	476019834	476019888	52.5
fiber	fiber_R04	3H	543690146	0.054	543713500	543713554	23.4
fiber	fiber_R04	3H	543690146	0.054	544373581	544373635	683.4
fiber	fiber_R04	3H	543690146	0.054	544494385	544494439	804.2
fiber	fiber_R04	3H	543690146	0.054	544749524	544749578	1059.4
fiber	fiber_R04	3H	543690146	0.054	544769178	544769232	1079
fiber	fiber_R04	3H	543690146	0.054	545073127	545073181	1383
starch	starch_R02	3H	530660057	0.054	530616331	530616385	43.7
starch	starch_R02	3H	530660057	0.054	530705503	530705557	45.4
starch	starch_R04	6H	525776080	0.054	526250938	526250992	474.9
protein	3H:173351655	3H	173351655	0.054	172884819	172884873	466.8
betaglucan	betaglucan_R03	3H	475967335	0.053	475762265	475762318	205
fiber	fiber_R04	3H	543690146	0.053	543928504	543928557	238.4
fiber	fiber_R04	3H	543690146	0.053	544335566	544335619	645.4
fiber	fiber_R04	3H	543690146	0.053	544380877	544380930	690.7
fiber	fiber_R04	3H	543690146	0.053	544492963	544493016	802.8
fiber	fiber_R04	3H	543690146	0.053	544659645	544659698	969.5
fiber	fiber_R04	3H	543690146	0.053	544659842	544659895	969.7
fiber	fiber_R05	4H	24707376	0.053	24706191	24706244	1.1
fiber	fiber_R05	4H	24707376	0.053	24778481	24778534	71.1
starch	starch_R02	3H	530660057	0.053	530683837	530683890	23.8
starch	starch_R02	3H	530660057	0.053	530706937	530706990	46.9
starch	starch_R04	6H	525776080	0.053	525643747	525643800	132.3
starch	starch_R04	6H	525776080	0.053	525820757	525820810	44.7
protein	3H:173351655	3H	173351655	0.053	173135158	173135211	216.4
protein	3H:173351655	3H	173351655	0.053	173155390	173155443	196.2
betaglucan	betaglucan_R03	3H	475967335	0.052	475820635	475820687	146.6
betaglucan	betaglucan_R03	3H	475967335	0.052	475843264	475843316	124
betaglucan	betaglucan_R03	3H	475967335	0.052	475982957	475983009	15.6
betaglucan	betaglucan_R04	3H	537247620	0.052	537607718	537607770	360.1
fiber	fiber_R04	3H	543690146	0.052	543809280	543809332	119.1
fiber	fiber_R04	3H	543690146	0.052	544267770	544267822	577.6
fiber	fiber_R04	3H	543690146	0.052	544496988	544497040	806.8
fiber	fiber_R04	3H	543690146	0.052	544537786	544537838	847.6
fiber	fiber_R04	3H	543690146	0.052	544565964	544566016	875.8
fiber	fiber_R04	3H	543690146	0.052	544947980	544948032	1257.8
fiber	fiber_R12	7H	415651802	0.052	415827832	415827884	176
starch	starch_R02	3H	530660057	0.052	530633444	530633496	26.6
starch	starch_R02	3H	530660057	0.052	530678032	530678084	18
starch	starch_R03	3H	546433616	0.052	545728174	545728226	705.4
starch	starch_R03	3H	546433616	0.052	546089617	546089669	343.9
starch	starch_R04	6H	525776080	0.052	526276947	526276999	500.9
protein	3H:173351655	3H	173351655	0.052	172566667	172566719	784.9
protein	3H:173351655	3H	173351655	0.052	172759922	172759974	591.7
betaglucan	betaglucan_R03	3H	475967335	0.051	475619593	475619644	347.7
betaglucan	betaglucan_R03	3H	475967335	0.051	475859999	475860050	107.3
betaglucan	betaglucan_R03	3H	475967335	0.051	475868053	475868104	99.2
betaglucan	betaglucan_R03	3H	475967335	0.051	476066851	476066902	99.5
fiber	fiber_R04	3H	543690146	0.051	543825471	543825522	135.3
fiber	fiber_R04	3H	543690146	0.051	544260111	544260162	570
fiber	fiber_R04	3H	543690146	0.051	544435794	544435845	745.6
fiber	fiber_R04	3H	543690146	0.051	544553485	544553536	863.3
fiber	fiber_R04	3H	543690146	0.051	544647870	544647921	957.7
fiber	fiber_R04	3H	543690146	0.051	544657989	544658040	967.8
fiber	fiber_R04	3H	543690146	0.051	544738387	544738438	1048.2
fiber	fiber_R04	3H	543690146	0.051	544801968	544802019	1111.8
fiber	fiber_R04	3H	543690146	0.051	544816144	544816195	1126
protein	3H:173351655	3H	173351655	0.051	172593713	172593764	757.9
protein	3H:173351655	3H	173351655	0.051	173224164	173224215	127.4
betaglucan	betaglucan_R03	3H	475967335	0.05	475572651	475572701	394.6
betaglucan	betaglucan_R03	3H	475967335	0.05	475935644	475935694	31.6
betaglucan	betaglucan_R03	3H	475967335	0.05	475944545	475944595	22.7
betaglucan	betaglucan_R03	3H	475967335	0.05	476083592	476083642	116.3
betaglucan	betaglucan_R04	3H	537247620	0.05	537935292	537935342	687.7
fiber	fiber_R04	3H	543690146	0.05	542370816	542370866	1319.3
fiber	fiber_R04	3H	543690146	0.05	544269443	544269493	579.3
fiber	fiber_R04	3H	543690146	0.05	544396127	544396177	706
fiber	fiber_R04	3H	543690146	0.05	544525108	544525158	835
fiber	fiber_R04	3H	543690146	0.05	544577035	544577085	886.9
fiber	fiber_R04	3H	543690146	0.05	544657334	544657384	967.2
fiber	fiber_R04	3H	543690146	0.05	544766458	544766508	1076.3
fiber	fiber_R04	3H	543690146	0.05	545052833	545052883	1362.7
fiber	fiber_R04	3H	543690146	0.05	545069118	545069168	1379
fiber	fiber_R10	5H	462564771	0.05	461368346	461368396	1196.4
fiber	fiber_R10	5H	462564771	0.05	462564607	462564657	0.1
starch	starch_R03	3H	546433616	0.05	546096684	546096734	336.9
starch	starch_R04	6H	525776080	0.05	525729133	525729183	46.9
protein	3H:173351655	3H	173351655	0.05	172526326	172526376	825.3
protein	3H:173351655	3H	173351655	0.05	173153704	173153754	197.9
betaglucan	betaglucan_R03	3H	475967335	0.049	475682217	475682266	285.1
betaglucan	betaglucan_R03	3H	475967335	0.049	475963288	475963337	4
betaglucan	betaglucan_R03	3H	475967335	0.049	475981614	475981663	14.3
fiber	fiber_R04	3H	543690146	0.049	543061465	543061514	628.6
fiber	fiber_R04	3H	543690146	0.049	544537319	544537368	847.2
fiber	fiber_R04	3H	543690146	0.049	544635974	544636023	945.8
fiber	fiber_R04	3H	543690146	0.049	545116182	545116231	1426
fiber	fiber_R04	3H	543690146	0.049	545161809	545161858	1471.7
fiber	fiber_R10	5H	462564771	0.049	461919029	461919078	645.7
fiber	fiber_R10	5H	462564771	0.049	461967786	461967835	596.9
starch	starch_R03	3H	546433616	0.049	546026085	546026134	407.5
starch	starch_R04	6H	525776080	0.049	526292154	526292203	516.1
protein	3H:173351655	3H	173351655	0.049	172334615	172334664	1017
protein	3H:173351655	3H	173351655	0.049	172823452	172823501	528.2
betaglucan	betaglucan_R03	3H	475967335	0.048	475672657	475672705	294.6
betaglucan	betaglucan_R03	3H	475967335	0.048	475672785	475672833	294.5
betaglucan	betaglucan_R03	3H	475967335	0.048	475765245	475765293	202
betaglucan	betaglucan_R03	3H	475967335	0.048	475801472	475801520	165.8
fiber	fiber_R04	3H	543690146	0.048	544441208	544441256	751.1
fiber	fiber_R04	3H	543690146	0.048	544474741	544474789	784.6
fiber	fiber_R04	3H	543690146	0.048	544489266	544489314	799.1
fiber	fiber_R04	3H	543690146	0.048	544647822	544647870	957.7
fiber	fiber_R04	3H	543690146	0.048	544657941	544657989	967.8
fiber	fiber_R04	3H	543690146	0.048	545069070	545069118	1378.9
fiber	fiber_R04	3H	543690146	0.048	545117864	545117912	1427.7
fiber	fiber_R05	4H	24707376	0.048	23998715	23998763	708.6
starch	starch_R03	3H	546433616	0.048	546094138	546094186	339.4
protein	3H:173351655	3H	173351655	0.048	173248222	173248270	103.4
protein	3H:198076308	3H	198076308	0.048	197987674	197987722	88.6
betaglucan	betaglucan_R03	3H	475967335	0.047	475765048	475765095	202.2
betaglucan	betaglucan_R03	3H	475967335	0.047	475828835	475828882	138.5
betaglucan	betaglucan_R03	3H	475967335	0.047	475935597	475935644	31.7
fiber	fiber_R04	3H	543690146	0.047	543859282	543859329	169.1
fiber	fiber_R04	3H	543690146	0.047	544657384	544657431	967.2
fiber	fiber_R04	3H	543690146	0.047	544813928	544813975	1123.8
fiber	fiber_R05	4H	24707376	0.047	24724319	24724366	16.9
fiber	fiber_R10	5H	462564771	0.047	462575915	462575962	11.1
starch	starch_R02	3H	530660057	0.047	530660456	530660503	0.4
starch	starch_R04	6H	525776080	0.047	525832945	525832992	56.9
starch	starch_R04	6H	525776080	0.047	525903142	525903189	127.1
protein	3H:173351655	3H	173351655	0.047	172428124	172428171	923.5
protein	3H:173351655	3H	173351655	0.047	173265069	173265116	86.5
betaglucan	betaglucan_R03	3H	475967335	0.046	475891376	475891422	75.9
betaglucan	betaglucan_R03	3H	475967335	0.046	476060747	476060793	93.4
betaglucan	betaglucan_R03	3H	475967335	0.046	476080789	476080835	113.5
fiber	fiber_R03	1H	440573355	0.046	441151700	441151746	578.3
fiber	fiber_R03	1H	440573355	0.046	441837476	441837522	1264.1
fiber	fiber_R04	3H	543690146	0.046	543567175	543567221	122.9
fiber	fiber_R04	3H	543690146	0.046	544553434	544553480	863.3
fiber	fiber_R04	3H	543690146	0.046	545104782	545104828	1414.6
fiber	fiber_R04	3H	543690146	0.046	545279434	545279480	1589.3
fiber	fiber_R12	7H	415651802	0.046	415487821	415487867	163.9
fiber	fiber_R12	7H	415651802	0.046	415641289	415641335	10.5
protein	protein_R01	3H	106623911	0.046	107212316	107212362	588.4
starch	starch_R02	3H	530660057	0.046	530629166	530629212	30.8
starch	starch_R04	6H	525776080	0.046	525643800	525643846	132.2
starch	starch_R04	6H	525776080	0.046	526404276	526404322	628.2
protein	3H:173351655	3H	173351655	0.046	172846399	172846445	505.2
protein	3H:173351655	3H	173351655	0.046	173116972	173117018	234.6
protein	3H:173351655	3H	173351655	0.046	173240238	173240284	111.4
betaglucan	betaglucan_R03	3H	475967335	0.045	475825692	475825737	141.6
betaglucan	betaglucan_R03	3H	475967335	0.045	476018857	476018902	51.5
betaglucan	betaglucan_R03	3H	475967335	0.045	476057986	476058031	90.7
fiber	fiber_R03	1H	440573355	0.045	440905005	440905050	331.6
fiber	fiber_R04	3H	543690146	0.045	543581109	543581154	109
fiber	fiber_R04	3H	543690146	0.045	543862466	543862511	172.3
fiber	fiber_R04	3H	543690146	0.045	544313054	544313099	622.9
fiber	fiber_R04	3H	543690146	0.045	544329265	544329310	639.1
fiber	fiber_R04	3H	543690146	0.045	544535014	544535059	844.9
fiber	fiber_R04	3H	543690146	0.045	544576779	544576824	886.6
fiber	fiber_R04	3H	543690146	0.045	544660449	544660494	970.3
fiber	fiber_R04	3H	543690146	0.045	545020264	545020309	1330.1
fiber	fiber_R04	3H	543690146	0.045	545104324	545104369	1414.2
fiber	fiber_R04	3H	543690146	0.045	545437615	545437660	1747.5
fiber	fiber_R04	3H	543690146	0.045	545619290	545619335	1929.1
fiber	fiber_R05	4H	24707376	0.045	24706244	24706289	1.1
fiber	fiber_R10	5H	462564771	0.045	460736388	460736433	1828.3
protein	protein_R01	3H	106623911	0.045	107114607	107114652	490.7
starch	starch_R02	3H	530660057	0.045	530632879	530632924	27.1
starch	starch_R02	3H	530660057	0.045	530637128	530637173	22.9
starch	starch_R03	3H	546433616	0.045	545925533	545925578	508
starch	starch_R03	3H	546433616	0.045	545954676	545954721	478.9
starch	starch_R03	3H	546433616	0.045	546575180	546575225	141.6
starch	starch_R04	6H	525776080	0.045	525245637	525245682	530.4
starch	starch_R04	6H	525776080	0.045	525382991	525383036	393
starch	starch_R04	6H	525776080	0.045	526805841	526805886	1029.8
betaglucan	betaglucan_R03	3H	475967335	0.044	475860223	475860267	107.1
betaglucan	betaglucan_R03	3H	475967335	0.044	475929745	475929789	37.5
betaglucan	betaglucan_R03	3H	475967335	0.044	476035639	476035683	68.3
fiber	fiber_R04	3H	543690146	0.044	544657890	544657934	967.7
fiber	fiber_R04	3H	543690146	0.044	544659698	544659742	969.6
fiber	fiber_R04	3H	543690146	0.044	545157465	545157509	1467.3
fiber	fiber_R05	4H	24707376	0.044	24707072	24707116	0.3
fiber	fiber_R12	7H	415651802	0.044	415579481	415579525	72.3
fiber	fiber_R12	7H	415651802	0.044	415594062	415594106	57.7
protein	protein_R01	3H	106623911	0.044	107804146	107804190	1180.2
starch	starch_R02	3H	530660057	0.044	530683692	530683736	23.6
starch	starch_R03	3H	546433616	0.044	545956900	545956944	476.7
starch	starch_R03	3H	546433616	0.044	545974110	545974154	459.5
starch	starch_R04	6H	525776080	0.044	526487021	526487065	710.9
betaglucan	betaglucan_R03	3H	475967335	0.043	475844953	475844996	122.3
betaglucan	betaglucan_R03	3H	475967335	0.043	475890483	475890526	76.8
betaglucan	betaglucan_R04	3H	537247620	0.043	537984171	537984214	736.6
fiber	fiber_R04	3H	543690146	0.043	543567262	543567305	122.8
fiber	fiber_R04	3H	543690146	0.043	543871024	543871067	180.9
fiber	fiber_R04	3H	543690146	0.043	544333752	544333795	643.6
fiber	fiber_R04	3H	543690146	0.043	544476787	544476830	786.6
fiber	fiber_R04	3H	543690146	0.043	544480630	544480673	790.5
fiber	fiber_R04	3H	543690146	0.043	544660609	544660652	970.5
fiber	fiber_R04	3H	543690146	0.043	545002186	545002229	1312
starch	starch_R02	3H	530660057	0.043	530645720	530645763	14.3
starch	starch_R03	3H	546433616	0.043	546016717	546016760	416.9
starch	starch_R04	6H	525776080	0.043	525905985	525906028	129.9
protein	3H:173351655	3H	173351655	0.043	172385626	172385669	966
protein	3H:198076308	3H	198076308	0.043	198370865	198370908	294.6
betaglucan	betaglucan_R03	3H	475967335	0.042	475567305	475567347	400
betaglucan	betaglucan_R03	3H	475967335	0.042	475824218	475824260	143.1
betaglucan	betaglucan_R03	3H	475967335	0.042	475868000	475868042	99.3
betaglucan	betaglucan_R03	3H	475967335	0.042	475891591	475891633	75.7
betaglucan	betaglucan_R04	3H	537247620	0.042	537954686	537954728	707.1
fiber	fiber_R04	3H	543690146	0.042	544480588	544480630	790.4
fiber	fiber_R04	3H	543690146	0.042	544576571	544576613	886.4
fiber	fiber_R04	3H	543690146	0.042	544635783	544635825	945.6
fiber	fiber_R04	3H	543690146	0.042	544770289	544770331	1080.1
fiber	fiber_R08	5H	377309369	0.042	377826461	377826503	517.1
fiber	fiber_R12	7H	415651802	0.042	415544254	415544296	107.5
fiber	fiber_R12	7H	415651802	0.042	415544304	415544346	107.5
starch	starch_R04	6H	525776080	0.042	526407833	526407875	631.8
protein	3H:173351655	3H	173351655	0.042	172487726	172487768	863.9
betaglucan	betaglucan_R03	3H	475967335	0.041	475672616	475672657	294.7
betaglucan	betaglucan_R03	3H	475967335	0.041	476080621	476080662	113.3
fiber	fiber_R04	3H	543690146	0.041	544041517	544041558	351.4
fiber	fiber_R04	3H	543690146	0.041	544373186	544373227	683
fiber	fiber_R04	3H	543690146	0.041	544487964	544488005	797.8
fiber	fiber_R04	3H	543690146	0.041	544577277	544577318	887.1
fiber	fiber_R04	3H	543690146	0.041	544648495	544648536	958.3
fiber	fiber_R04	3H	543690146	0.041	544771578	544771619	1081.4
fiber	fiber_R04	3H	543690146	0.041	545002123	545002164	1312
fiber	fiber_R04	3H	543690146	0.041	545116141	545116182	1426
fiber	fiber_R04	3H	543690146	0.041	545152276	545152317	1462.1
fiber	fiber_R12	7H	415651802	0.041	415611011	415611052	40.8
starch	starch_R02	3H	530660057	0.041	530624067	530624108	35.9
starch	starch_R03	3H	546433616	0.041	546037573	546037614	396
starch	starch_R03	3H	546433616	0.041	546040952	546040993	392.6
starch	starch_R04	6H	525776080	0.041	526387674	526387715	611.6
protein	3H:173351655	3H	173351655	0.041	172759974	172760015	591.6
protein	3H:173351655	3H	173351655	0.041	173285086	173285127	66.5
betaglucan	betaglucan_R03	3H	475967335	0.04	475758607	475758647	208.7
betaglucan	betaglucan_R03	3H	475967335	0.04	475762225	475762265	205.1
betaglucan	betaglucan_R03	3H	475967335	0.04	475879868	475879908	87.4
betaglucan	betaglucan_R03	3H	475967335	0.04	475929610	475929650	37.7
betaglucan	betaglucan_R03	3H	475967335	0.04	475938651	475938691	28.6
betaglucan	betaglucan_R03	3H	475967335	0.04	476071589	476071629	104.3
betaglucan	betaglucan_R03	3H	475967335	0.04	476083552	476083592	116.2
fiber	fiber_R04	3H	543690146	0.04	543738223	543738263	48.1
fiber	fiber_R04	3H	543690146	0.04	543862511	543862551	172.4
fiber	fiber_R04	3H	543690146	0.04	543864437	543864477	174.3
fiber	fiber_R04	3H	543690146	0.04	543872534	543872574	182.4
fiber	fiber_R04	3H	543690146	0.04	544308854	544308894	618.7
fiber	fiber_R04	3H	543690146	0.04	544335243	544335283	645.1
protein	protein_R01	3H	106623911	0.04	107718138	107718178	1094.2
protein	3H:173351655	3H	173351655	0.04	173179919	173179959	171.7
betaglucan	betaglucan_R03	3H	475967335	0.039	475860787	475860826	106.5
betaglucan	betaglucan_R03	3H	475967335	0.039	475993885	475993924	26.6
betaglucan	betaglucan_R03	3H	475967335	0.039	476072478	476072517	105.1
betaglucan	betaglucan_R04	3H	537247620	0.039	537858134	537858173	610.5
fiber	fiber_R04	3H	543690146	0.039	543862551	543862590	172.4
fiber	fiber_R04	3H	543690146	0.039	543902591	543902630	212.4
fiber	fiber_R04	3H	543690146	0.039	544578592	544578631	888.4
fiber	fiber_R04	3H	543690146	0.039	544813306	544813345	1123.2
fiber	fiber_R04	3H	543690146	0.039	544840716	544840755	1150.6
fiber	fiber_R10	5H	462564771	0.039	461747849	461747888	816.9
protein	protein_R01	3H	106623911	0.039	107584072	107584111	960.2
starch	starch_R03	3H	546433616	0.039	545970852	545970891	462.7
starch	starch_R03	3H	546433616	0.039	546098307	546098346	335.3
protein	3H:173351655	3H	173351655	0.039	172384205	172384244	967.4
protein	3H:198076308	3H	198076308	0.039	199316770	199316809	1240.5
betaglucan	betaglucan_R03	3H	475967335	0.038	475624201	475624239	343.1
betaglucan	betaglucan_R03	3H	475967335	0.038	475770043	475770081	197.3
betaglucan	betaglucan_R03	3H	475967335	0.038	475791171	475791209	176.1
betaglucan	betaglucan_R03	3H	475967335	0.038	475946555	475946593	20.7
betaglucan	betaglucan_R03	3H	475967335	0.038	475949025	475949063	18.3
betaglucan	betaglucan_R03	3H	475967335	0.038	476019796	476019834	52.5
fiber	fiber_R04	3H	543690146	0.038	544065644	544065682	375.5
fiber	fiber_R04	3H	543690146	0.038	544310183	544310221	620
fiber	fiber_R04	3H	543690146	0.038	544313016	544313054	622.9
fiber	fiber_R04	3H	543690146	0.038	544441256	544441294	751.1
fiber	fiber_R04	3H	543690146	0.038	544469607	544469645	779.5
fiber	fiber_R04	3H	543690146	0.038	544807794	544807832	1117.6
fiber	fiber_R04	3H	543690146	0.038	545022279	545022317	1332.1
fiber	fiber_R12	7H	415651802	0.038	415506607	415506645	145.2
protein	protein_R01	3H	106623911	0.038	107349953	107349991	726
starch	starch_R03	3H	546433616	0.038	546097987	546098025	335.6
starch	starch_R04	6H	525776080	0.038	525780242	525780280	4.2
protein	3H:173351655	3H	173351655	0.038	172848831	172848869	502.8
protein	3H:173351655	3H	173351655	0.038	173290207	173290245	61.4
betaglucan	betaglucan_R03	3H	475967335	0.037	475891633	475891670	75.7
betaglucan	betaglucan_R03	3H	475967335	0.037	475997474	475997511	30.1
betaglucan	betaglucan_R03	3H	475967335	0.037	476018639	476018676	51.3
betaglucan	betaglucan_R06	4H	528254769	0.037	528254732	528254769	0
betaglucan	betaglucan_R10	6H	545947347	0.037	545503671	545503708	443.6
fiber	fiber_R03	1H	440573355	0.037	440202018	440202055	371.3
fiber	fiber_R04	3H	543690146	0.037	543909598	543909635	219.5
fiber	fiber_R04	3H	543690146	0.037	544329310	544329347	639.2
fiber	fiber_R04	3H	543690146	0.037	544557349	544557386	867.2
fiber	fiber_R04	3H	543690146	0.037	544778382	544778419	1088.2
fiber	fiber_R04	3H	543690146	0.037	544799558	544799595	1109.4
fiber	fiber_R04	3H	543690146	0.037	545619767	545619804	1929.6
fiber	fiber_R04	3H	543690146	0.037	545644318	545644355	1954.2
fiber	fiber_R10	5H	462564771	0.037	460982301	460982338	1582.4
starch	starch_R02	3H	530660057	0.037	530677995	530678032	17.9
starch	starch_R03	3H	546433616	0.037	545987173	545987210	446.4
starch	starch_R04	6H	525776080	0.037	526397821	526397858	621.7
protein	3H:173351655	3H	173351655	0.037	172444339	172444376	907.3
protein	3H:173351655	3H	173351655	0.037	172836128	172836165	515.5
betaglucan	betaglucan_R03	3H	475967335	0.036	475928879	475928915	38.4
betaglucan	betaglucan_R03	3H	475967335	0.036	475981002	475981038	13.7
betaglucan	betaglucan_R03	3H	475967335	0.036	476080835	476080871	113.5
fiber	fiber_R04	3H	543690146	0.036	544657798	544657834	967.7
fiber	fiber_R04	3H	543690146	0.036	544739934	544739970	1049.8
fiber	fiber_R04	3H	543690146	0.036	544781196	544781232	1091
fiber	fiber_R04	3H	543690146	0.036	545024663	545024699	1334.5
fiber	fiber_R05	4H	24707376	0.036	24855798	24855834	148.4
fiber	fiber_R10	5H	462564771	0.036	462578700	462578736	13.9
starch	starch_R03	3H	546433616	0.036	545913747	545913783	519.8
starch	starch_R03	3H	546433616	0.036	546021266	546021302	412.3
starch	starch_R03	3H	546433616	0.036	546808191	546808227	374.6
starch	starch_R04	6H	525776080	0.036	525792443	525792479	16.4
protein	3H:173351655	3H	173351655	0.036	172525109	172525145	826.5
protein	3H:173351655	3H	173351655	0.036	173108809	173108845	242.8
betaglucan	betaglucan_R03	3H	475967335	0.035	475874494	475874529	92.8
betaglucan	betaglucan_R03	3H	475967335	0.035	475974490	475974525	7.2
betaglucan	betaglucan_R03	3H	475967335	0.035	475982483	475982518	15.1
betaglucan	betaglucan_R03	3H	475967335	0.035	475985554	475985589	18.2
betaglucan	betaglucan_R03	3H	475967335	0.035	476062852	476062887	95.5
fiber	fiber_R04	3H	543690146	0.035	544494350	544494385	804.2
fiber	fiber_R04	3H	543690146	0.035	544526038	544526073	835.9
fiber	fiber_R04	3H	543690146	0.035	544533719	544533754	843.6
fiber	fiber_R04	3H	543690146	0.035	544571097	544571132	881
fiber	fiber_R04	3H	543690146	0.035	544635208	544635243	945.1
fiber	fiber_R04	3H	543690146	0.035	545267602	545267637	1577.5
fiber	fiber_R10	5H	462564771	0.035	462575962	462575997	11.2
starch	starch_R03	3H	546433616	0.035	545915428	545915463	518.2
starch	starch_R04	6H	525776080	0.035	526488113	526488148	712
protein	3H:173351655	3H	173351655	0.035	172413890	172413925	937.7
protein	3H:173351655	3H	173351655	0.035	172516278	172516313	835.3
protein	3H:173351655	3H	173351655	0.035	173201528	173201563	150.1
betaglucan	betaglucan_R03	3H	475967335	0.034	475929093	475929127	38.2
betaglucan	betaglucan_R03	3H	475967335	0.034	476013480	476013514	46.1
betaglucan	betaglucan_R05	4H	34858354	0.034	35040355	35040389	182
fiber	fiber_R03	1H	440573355	0.034	441917255	441917289	1343.9
fiber	fiber_R04	3H	543690146	0.034	544375328	544375362	685.2
fiber	fiber_R04	3H	543690146	0.034	544478228	544478262	788.1
fiber	fiber_R04	3H	543690146	0.034	544524641	544524675	834.5
fiber	fiber_R04	3H	543690146	0.034	544781828	544781862	1091.7
fiber	fiber_R04	3H	543690146	0.034	544781862	544781896	1091.7
fiber	fiber_R04	3H	543690146	0.034	544936362	544936396	1246.2
fiber	fiber_R04	3H	543690146	0.034	545030698	545030732	1340.6
fiber	fiber_R04	3H	543690146	0.034	545087842	545087876	1397.7
starch	starch_R03	3H	546433616	0.034	546029186	546029220	404.4
starch	starch_R04	6H	525776080	0.034	525643846	525643880	132.2
starch	starch_R04	6H	525776080	0.034	525749997	525750031	26
starch	starch_R04	6H	525776080	0.034	525834852	525834886	58.8
protein	3H:173351655	3H	173351655	0.034	172517203	172517237	834.4
protein	3H:173351655	3H	173351655	0.034	173216894	173216928	134.7
protein	3H:173351655	3H	173351655	0.034	173274398	173274432	77.2
betaglucan	betaglucan_R03	3H	475967335	0.033	475770258	475770291	197
betaglucan	betaglucan_R03	3H	475967335	0.033	475867448	475867481	99.9
betaglucan	betaglucan_R03	3H	475967335	0.033	475869635	475869668	97.7
betaglucan	betaglucan_R03	3H	475967335	0.033	475872938	475872971	94.4
betaglucan	betaglucan_R03	3H	475967335	0.033	475967293	475967326	0
betaglucan	betaglucan_R03	3H	475967335	0.033	476020389	476020422	53.1
betaglucan	betaglucan_R04	3H	537247620	0.033	537811830	537811863	564.2
fiber	fiber_R04	3H	543690146	0.033	543556772	543556805	133.3
fiber	fiber_R04	3H	543690146	0.033	544041205	544041238	351.1
fiber	fiber_R04	3H	543690146	0.033	544232497	544232530	542.4
fiber	fiber_R04	3H	543690146	0.033	544371024	544371057	680.9
fiber	fiber_R04	3H	543690146	0.033	544523850	544523883	833.7
fiber	fiber_R04	3H	543690146	0.033	544533023	544533056	842.9
fiber	fiber_R04	3H	543690146	0.033	544578523	544578556	888.4
fiber	fiber_R04	3H	543690146	0.033	544578556	544578589	888.4
fiber	fiber_R04	3H	543690146	0.033	544771921	544771954	1081.8
fiber	fiber_R04	3H	543690146	0.033	544842280	544842313	1152.1
fiber	fiber_R04	3H	543690146	0.033	545133339	545133372	1443.2
fiber	fiber_R04	3H	543690146	0.033	545318135	545318168	1628
fiber	fiber_R12	7H	415651802	0.033	415383243	415383276	268.5
protein	protein_R01	3H	106623911	0.033	106304024	106304057	319.9
starch	starch_R02	3H	530660057	0.033	530680026	530680059	20
starch	starch_R03	3H	546433616	0.033	545873607	545873640	560
protein	3H:173351655	3H	173351655	0.033	173280494	173280527	71.1
protein	3H:173351655	3H	173351655	0.033	173305092	173305125	46.5
betaglucan	betaglucan_R03	3H	475967335	0.032	475625445	475625477	341.9
betaglucan	betaglucan_R03	3H	475967335	0.032	475839664	475839696	127.6
betaglucan	betaglucan_R03	3H	475967335	0.032	475874104	475874136	93.2
betaglucan	betaglucan_R03	3H	475967335	0.032	475918544	475918576	48.8
betaglucan	betaglucan_R03	3H	475967335	0.032	475936050	475936082	31.3
betaglucan	betaglucan_R03	3H	475967335	0.032	475967261	475967293	0
betaglucan	betaglucan_R03	3H	475967335	0.032	476060993	476061025	93.7
betaglucan	betaglucan_R03	3H	475967335	0.032	476069819	476069851	102.5
betaglucan	betaglucan_R03	3H	475967335	0.032	476086425	476086457	119.1
fiber	fiber_R04	3H	543690146	0.032	545090130	545090162	1400
fiber	fiber_R04	3H	543690146	0.032	545159226	545159258	1469.1
starch	starch_R02	3H	530660057	0.032	530679139	530679171	19.1
starch	starch_R03	3H	546433616	0.032	545988369	545988401	445.2
starch	starch_R04	6H	525776080	0.032	525354122	525354154	421.9
starch	starch_R04	6H	525776080	0.032	525832913	525832945	56.8
protein	3H:173351655	3H	173351655	0.032	172731649	172731681	620
protein	3H:173351655	3H	173351655	0.032	172917832	172917864	433.8
betaglucan	betaglucan_R03	3H	475967335	0.031	475770201	475770232	197.1
betaglucan	betaglucan_R03	3H	475967335	0.031	475978767	475978798	11.4
fiber	fiber_R03	1H	440573355	0.031	441537494	441537525	964.1
fiber	fiber_R04	3H	543690146	0.031	543871093	543871124	180.9
fiber	fiber_R04	3H	543690146	0.031	544526385	544526416	836.2
fiber	fiber_R12	7H	415651802	0.031	415632765	415632796	19
fiber	fiber_R13	7H	573606306	0.031	573606460	573606491	0.2
protein	protein_R01	3H	106623911	0.031	106216857	106216888	407
starch	starch_R04	6H	525776080	0.031	525354154	525354185	421.9
starch	starch_R04	6H	525776080	0.031	525750301	525750332	25.7
starch	starch_R04	6H	525776080	0.031	525830624	525830655	54.5
starch	starch_R04	6H	525776080	0.031	525908812	525908843	132.7
starch	starch_R04	6H	525776080	0.031	526387734	526387765	611.7
starch	starch_R05	7H	573606460	0.031	573606460	573606491	0
protein	3H:173351655	3H	173351655	0.031	172042576	172042607	1309
protein	3H:173351655	3H	173351655	0.031	172042899	172042930	1308.7
protein	3H:173351655	3H	173351655	0.031	172316850	172316881	1034.8
protein	3H:173351655	3H	173351655	0.031	172340741	172340772	1010.9
protein	3H:173351655	3H	173351655	0.031	172975784	172975815	375.8
protein	3H:173351655	3H	173351655	0.031	173013446	173013477	338.2
betaglucan	betaglucan_R03	3H	475967335	0.03	475770081	475770111	197.2
betaglucan	betaglucan_R03	3H	475967335	0.03	475871848	475871878	95.5
fiber	fiber_R04	3H	543690146	0.03	543638849	543638879	51.3
fiber	fiber_R04	3H	543690146	0.03	544335194	544335224	645
fiber	fiber_R04	3H	543690146	0.03	544524611	544524641	834.5
fiber	fiber_R04	3H	543690146	0.03	544557724	544557754	867.6
fiber	fiber_R04	3H	543690146	0.03	544557874	544557904	867.7
starch	starch_R03	3H	546433616	0.03	545974080	545974110	459.5
starch	starch_R03	3H	546433616	0.03	546775776	546775806	342.2
protein	3H:173351655	3H	173351655	0.03	172846298	172846328	505.3
protein	3H:173351655	3H	173351655	0.03	173115496	173115526	236.1
protein	3H:173351655	3H	173351655	0.03	173242732	173242762	108.9
protein	3H:198076308	3H	198076308	0.03	198490449	198490479	414.1
betaglucan	betaglucan_R03	3H	475967335	0.029	475846959	475846988	120.3
betaglucan	betaglucan_R03	3H	475967335	0.029	475874157	475874186	93.1
betaglucan	betaglucan_R03	3H	475967335	0.029	475932315	475932344	35
betaglucan	betaglucan_R04	3H	537247620	0.029	537858173	537858202	610.6
fiber	fiber_R04	3H	543690146	0.029	541853555	541853584	1836.6
fiber	fiber_R04	3H	543690146	0.029	542305159	542305188	1385
fiber	fiber_R04	3H	543690146	0.029	543902128	543902157	212
fiber	fiber_R04	3H	543690146	0.029	544284297	544284326	594.2
fiber	fiber_R04	3H	543690146	0.029	544469578	544469607	779.4
fiber	fiber_R04	3H	543690146	0.029	544570647	544570676	880.5
fiber	fiber_R04	3H	543690146	0.029	544659813	544659842	969.7
fiber	fiber_R04	3H	543690146	0.029	544739124	544739153	1049
fiber	fiber_R04	3H	543690146	0.029	545002856	545002885	1312.7
fiber	fiber_R04	3H	543690146	0.029	545073802	545073831	1383.7
fiber	fiber_R05	4H	24707376	0.029	24504547	24504576	202.8
starch	starch_R03	3H	546433616	0.029	546017089	546017118	416.5
betaglucan	betaglucan_R03	3H	475967335	0.028	475829902	475829930	137.4
betaglucan	betaglucan_R03	3H	475967335	0.028	475968588	475968616	1.3
betaglucan	betaglucan_R03	3H	475967335	0.028	476007944	476007972	40.6
fiber	fiber_R03	1H	440573355	0.028	441837522	441837550	1264.2
fiber	fiber_R04	3H	543690146	0.028	543581081	543581109	109
fiber	fiber_R04	3H	543690146	0.028	544085177	544085205	395
fiber	fiber_R04	3H	543690146	0.028	544371145	544371173	681
fiber	fiber_R04	3H	543690146	0.028	544539390	544539418	849.2
fiber	fiber_R04	3H	543690146	0.028	544557846	544557874	867.7
fiber	fiber_R04	3H	543690146	0.028	544572519	544572547	882.4
fiber	fiber_R04	3H	543690146	0.028	544738438	544738466	1048.3
fiber	fiber_R12	7H	415651802	0.028	415524786	415524814	127
starch	starch_R03	3H	546433616	0.028	546089307	546089335	344.3
starch	starch_R04	6H	525776080	0.028	526387803	526387831	611.7
protein	3H:173351655	3H	173351655	0.028	173079847	173079875	271.8
protein	3H:173351655	3H	173351655	0.028	173177504	173177532	174.1
protein	3H:173351655	3H	173351655	0.028	173350658	173350686	1
protein	3H:198076308	3H	198076308	0.028	197992535	197992563	83.7
protein	3H:198076308	3H	198076308	0.028	198006108	198006136	70.2
betaglucan	betaglucan_R03	3H	475967335	0.027	475572152	475572179	395.2
betaglucan	betaglucan_R03	3H	475967335	0.027	475840001	475840028	127.3
betaglucan	betaglucan_R03	3H	475967335	0.027	476085860	476085887	118.5
fiber	fiber_R04	3H	543690146	0.027	544240692	544240719	550.5
fiber	fiber_R04	3H	543690146	0.027	544636637	544636664	946.5
fiber	fiber_R04	3H	543690146	0.027	545207331	545207358	1517.2
fiber	fiber_R10	5H	462564771	0.027	460719020	460719047	1845.7
fiber	fiber_R10	5H	462564771	0.027	462586182	462586209	21.4
fiber	fiber_R12	7H	415651802	0.027	415500299	415500326	151.5
starch	starch_R03	3H	546433616	0.027	545990751	545990778	442.8
starch	starch_R03	3H	546433616	0.027	546024872	546024899	408.7
starch	starch_R04	6H	525776080	0.027	525382964	525382991	393.1
starch	starch_R04	6H	525776080	0.027	525891468	525891495	115.4
starch	starch_R04	6H	525776080	0.027	526441123	526441150	665
betaglucan	betaglucan_R03	3H	475967335	0.026	475672759	475672785	294.6
betaglucan	betaglucan_R03	3H	475967335	0.026	475970769	475970795	3.4
betaglucan	betaglucan_R03	3H	475967335	0.026	476063362	476063388	96
betaglucan	betaglucan_R03	3H	475967335	0.026	476095676	476095702	128.3
betaglucan	betaglucan_R04	3H	537247620	0.026	537367749	537367775	120.1
fiber	fiber_R04	3H	543690146	0.026	543624646	543624672	65.5
fiber	fiber_R04	3H	543690146	0.026	543845124	543845150	155
fiber	fiber_R04	3H	543690146	0.026	543865487	543865513	175.3
fiber	fiber_R04	3H	543690146	0.026	543871067	543871093	180.9
fiber	fiber_R04	3H	543690146	0.026	544528563	544528589	838.4
starch	starch_R01	1H	330432546	0.026	330468398	330468424	35.9
starch	starch_R03	3H	546433616	0.026	546021240	546021266	412.4
starch	starch_R03	3H	546433616	0.026	546029220	546029246	404.4
starch	starch_R04	6H	525776080	0.026	526404442	526404468	628.4
starch	starch_R04	6H	525776080	0.026	526487364	526487390	711.3
betaglucan	betaglucan_R03	3H	475967335	0.025	475761917	475761942	205.4
betaglucan	betaglucan_R03	3H	475967335	0.025	475839976	475840001	127.3
fiber	fiber_R04	3H	543690146	0.025	543567237	543567262	122.9
fiber	fiber_R04	3H	543690146	0.025	544269493	544269518	579.3
fiber	fiber_R04	3H	543690146	0.025	544314201	544314226	624.1
fiber	fiber_R04	3H	543690146	0.025	544537294	544537319	847.1
fiber	fiber_R04	3H	543690146	0.025	544571143	544571168	881
fiber	fiber_R04	3H	543690146	0.025	544738479	544738504	1048.3
fiber	fiber_R04	3H	543690146	0.025	545396455	545396480	1706.3
fiber	fiber_R04	3H	543690146	0.025	545602260	545602285	1912.1
starch	starch_R03	3H	546433616	0.025	545964845	545964870	468.7
starch	starch_R03	3H	546433616	0.025	546077503	546077528	356.1
protein	3H:173351655	3H	173351655	0.025	172794506	172794531	557.1
protein	3H:173351655	3H	173351655	0.025	173109093	173109118	242.5
betaglucan	betaglucan_R03	3H	475967335	0.024	475875056	475875080	92.3
betaglucan	betaglucan_R03	3H	475967335	0.024	475939667	475939691	27.6
betaglucan	betaglucan_R03	3H	475967335	0.024	475942062	475942086	25.2
betaglucan	betaglucan_R03	3H	475967335	0.024	475982518	475982542	15.2
betaglucan	betaglucan_R03	3H	475967335	0.024	476062280	476062304	94.9
betaglucan	betaglucan_R06	4H	528254769	0.024	528219424	528219448	35.3
fiber	fiber_R03	1H	440573355	0.024	440202055	440202079	371.3
fiber	fiber_R04	3H	543690146	0.024	543690122	543690146	0
fiber	fiber_R04	3H	543690146	0.024	543907830	543907854	217.7
fiber	fiber_R04	3H	543690146	0.024	544335283	544335307	645.1
fiber	fiber_R04	3H	543690146	0.024	544436294	544436318	746.1
fiber	fiber_R04	3H	543690146	0.024	544453383	544453407	763.2
fiber	fiber_R04	3H	543690146	0.024	544453728	544453752	763.6
fiber	fiber_R04	3H	543690146	0.024	544527122	544527146	837
fiber	fiber_R04	3H	543690146	0.024	544566082	544566106	875.9
fiber	fiber_R04	3H	543690146	0.024	544576824	544576848	886.7
fiber	fiber_R04	3H	543690146	0.024	545365279	545365303	1675.1
fiber	fiber_R12	7H	415651802	0.024	415606672	415606696	45.1
fiber	fiber_R12	7H	415651802	0.024	415614272	415614296	37.5
fiber	fiber_R12	7H	415651802	0.024	415771566	415771590	119.8
protein	protein_R01	3H	106623911	0.024	107608668	107608692	984.8
starch	starch_R04	6H	525776080	0.024	525725342	525725366	50.7
starch	starch_R05	7H	573606460	0.024	573606282	573606306	0.2
protein	3H:173351655	3H	173351655	0.024	172402842	172402866	948.8
protein	3H:173351655	3H	173351655	0.024	172525639	172525663	826
betaglucan	betaglucan_R03	3H	475967335	0.023	475766532	475766555	200.8
betaglucan	betaglucan_R03	3H	475967335	0.023	475846988	475847011	120.3
betaglucan	betaglucan_R03	3H	475967335	0.023	475942112	475942135	25.2
betaglucan	betaglucan_R03	3H	475967335	0.023	475972783	475972806	5.4
fiber	fiber_R04	3H	543690146	0.023	544031496	544031519	341.4
fiber	fiber_R04	3H	543690146	0.023	544333729	544333752	643.6
fiber	fiber_R04	3H	543690146	0.023	544409275	544409298	719.1
fiber	fiber_R04	3H	543690146	0.023	544454907	544454930	764.8
fiber	fiber_R04	3H	543690146	0.023	544474663	544474686	784.5
fiber	fiber_R04	3H	543690146	0.023	544678784	544678807	988.6
fiber	fiber_R04	3H	543690146	0.023	544799595	544799618	1109.4
fiber	fiber_R12	7H	415651802	0.023	415485672	415485695	166.1
fiber	fiber_R12	7H	415651802	0.023	415519278	415519301	132.5
protein	protein_R01	3H	106623911	0.023	107349991	107350014	726.1
starch	starch_R02	3H	530660057	0.023	530640897	530640920	19.1
starch	starch_R02	3H	530660057	0.023	530674606	530674629	14.5
starch	starch_R03	3H	546433616	0.023	546095057	546095080	338.5
starch	starch_R04	6H	525776080	0.023	525457003	525457026	319.1
starch	starch_R04	6H	525776080	0.023	526253532	526253555	477.5
protein	3H:173351655	3H	173351655	0.023	173350635	173350658	1
betaglucan	betaglucan_R03	3H	475967335	0.022	475766510	475766532	200.8
betaglucan	betaglucan_R03	3H	475967335	0.022	475770232	475770254	197.1
betaglucan	betaglucan_R03	3H	475967335	0.022	475837393	475837415	129.9
betaglucan	betaglucan_R03	3H	475967335	0.022	475860321	475860343	107
betaglucan	betaglucan_R03	3H	475967335	0.022	475920302	475920324	47
betaglucan	betaglucan_R03	3H	475967335	0.022	475929407	475929429	37.9
betaglucan	betaglucan_R03	3H	475967335	0.022	475967468	475967490	0.1
betaglucan	betaglucan_R03	3H	475967335	0.022	475981592	475981614	14.3
betaglucan	betaglucan_R04	3H	537247620	0.022	537801309	537801331	553.7
fiber	fiber_R04	3H	543690146	0.022	544333994	544334016	643.8
fiber	fiber_R04	3H	543690146	0.022	544374608	544374630	684.5
fiber	fiber_R04	3H	543690146	0.022	544494006	544494028	803.9
fiber	fiber_R04	3H	543690146	0.022	544521933	544521955	831.8
fiber	fiber_R04	3H	543690146	0.022	544552259	544552281	862.1
fiber	fiber_R04	3H	543690146	0.022	544840811	544840833	1150.7
fiber	fiber_R04	3H	543690146	0.022	544883756	544883778	1193.6
fiber	fiber_R04	3H	543690146	0.022	544912647	544912669	1222.5
fiber	fiber_R04	3H	543690146	0.022	545002164	545002186	1312
fiber	fiber_R05	4H	24707376	0.022	24787922	24787944	80.5
starch	starch_R03	3H	546433616	0.022	546096662	546096684	336.9
starch	starch_R04	6H	525776080	0.022	525452937	525452959	323.1
starch	starch_R04	6H	525776080	0.022	525457300	525457322	318.8
protein	3H:173351655	3H	173351655	0.022	172408163	172408185	943.5
protein	3H:173351655	3H	173351655	0.022	172474093	172474115	877.5
protein	3H:173351655	3H	173351655	0.022	173123415	173123437	228.2
protein	3H:173351655	3H	173351655	0.022	173242762	173242784	108.9
protein	3H:198076308	3H	198076308	0.022	198819224	198819246	742.9
betaglucan	betaglucan_R03	3H	475967335	0.021	475562894	475562915	404.4
betaglucan	betaglucan_R03	3H	475967335	0.021	475840839	475840860	126.5
betaglucan	betaglucan_R03	3H	475967335	0.021	475845413	475845434	121.9
betaglucan	betaglucan_R03	3H	475967335	0.021	475874136	475874157	93.2
betaglucan	betaglucan_R03	3H	475967335	0.021	475890526	475890547	76.8
betaglucan	betaglucan_R03	3H	475967335	0.021	475971109	475971130	3.8
betaglucan	betaglucan_R03	3H	475967335	0.021	476057262	476057283	89.9
fiber	fiber_R04	3H	543690146	0.021	543690759	543690780	0.6
fiber	fiber_R04	3H	543690146	0.021	543862440	543862461	172.3
fiber	fiber_R04	3H	543690146	0.021	544065877	544065898	375.7
fiber	fiber_R04	3H	543690146	0.021	544102939	544102960	412.8
fiber	fiber_R04	3H	543690146	0.021	544371191	544371212	681
fiber	fiber_R04	3H	543690146	0.021	544436318	544436339	746.2
fiber	fiber_R04	3H	543690146	0.021	544537368	544537389	847.2
fiber	fiber_R04	3H	543690146	0.021	544576613	544576634	886.5
fiber	fiber_R04	3H	543690146	0.021	545054318	545054339	1364.2
fiber	fiber_R05	4H	24707376	0.021	24076279	24076300	631.1
fiber	fiber_R05	4H	24707376	0.021	24799322	24799343	91.9
starch	starch_R03	3H	546433616	0.021	545870187	545870208	563.4
starch	starch_R03	3H	546433616	0.021	545956944	545956965	476.7
starch	starch_R03	3H	546433616	0.021	546098167	546098188	335.4
starch	starch_R04	6H	525776080	0.021	525486588	525486609	289.5
starch	starch_R04	6H	525776080	0.021	525697590	525697611	78.5
starch	starch_R04	6H	525776080	0.021	525834831	525834852	58.8
protein	3H:173351655	3H	173351655	0.021	172527455	172527476	824.2
protein	3H:173351655	3H	173351655	0.021	172625296	172625317	726.3
betaglucan	betaglucan_R03	3H	475967335	0.02	475929073	475929093	38.2
betaglucan	betaglucan_R03	3H	475967335	0.02	475939537	475939557	27.8
betaglucan	betaglucan_R03	3H	475967335	0.02	476072458	476072478	105.1
betaglucan	betaglucan_R06	4H	528254769	0.02	528304730	528304750	50
fiber	fiber_R04	3H	543690146	0.02	544209374	544209394	519.2
fiber	fiber_R04	3H	543690146	0.02	544375362	544375382	685.2
fiber	fiber_R04	3H	543690146	0.02	544528589	544528609	838.4
fiber	fiber_R04	3H	543690146	0.02	544532108	544532128	842
fiber	fiber_R04	3H	543690146	0.02	544553414	544553434	863.3
fiber	fiber_R04	3H	543690146	0.02	544614407	544614427	924.3
fiber	fiber_R04	3H	543690146	0.02	545165889	545165909	1475.7
fiber	fiber_R12	7H	415651802	0.02	415540368	415540388	111.4
starch	starch_R03	3H	546433616	0.02	545728990	545729010	704.6
starch	starch_R04	6H	525776080	0.02	526251268	526251288	475.2
protein	3H:173351655	3H	173351655	0.02	172434818	172434838	916.8
protein	3H:173351655	3H	173351655	0.02	173123437	173123457	228.2
protein	3H:173351655	3H	173351655	0.02	173349195	173349215	2.4
betaglucan	betaglucan_R03	3H	475967335	0.019	475845394	475845413	121.9
betaglucan	betaglucan_R03	3H	475967335	0.019	475871969	475871988	95.3
betaglucan	betaglucan_R03	3H	475967335	0.019	475874529	475874548	92.8
betaglucan	betaglucan_R03	3H	475967335	0.019	475874629	475874648	92.7
betaglucan	betaglucan_R03	3H	475967335	0.019	475878006	475878025	89.3
betaglucan	betaglucan_R03	3H	475967335	0.019	475929054	475929073	38.3
betaglucan	betaglucan_R03	3H	475967335	0.019	475944526	475944545	22.8
betaglucan	betaglucan_R03	3H	475967335	0.019	476056381	476056400	89
betaglucan	betaglucan_R03	3H	475967335	0.019	476060974	476060993	93.6
betaglucan	betaglucan_R04	3H	537247620	0.019	537170697	537170716	76.9
betaglucan	betaglucan_R06	4H	528254769	0.019	528222775	528222794	32
fiber	fiber_R04	3H	543690146	0.019	544335224	544335243	645.1
fiber	fiber_R04	3H	543690146	0.019	544475549	544475568	785.4
fiber	fiber_R04	3H	543690146	0.019	544567487	544567506	877.3
fiber	fiber_R04	3H	543690146	0.019	544572547	544572566	882.4
fiber	fiber_R04	3H	543690146	0.019	544787635	544787654	1097.5
fiber	fiber_R04	3H	543690146	0.019	545191872	545191891	1501.7
fiber	fiber_R10	5H	462564771	0.019	462560219	462560238	4.5
protein	protein_R01	3H	106623911	0.019	106752129	106752148	128.2
starch	starch_R02	3H	530660057	0.019	530645701	530645720	14.3
starch	starch_R03	3H	546433616	0.019	545978461	545978480	455.1
starch	starch_R04	6H	525776080	0.019	525988548	525988567	212.5
starch	starch_R04	6H	525776080	0.019	526271871	526271890	495.8
starch	starch_R04	6H	525776080	0.019	526387715	526387734	611.6
protein	3H:173351655	3H	173351655	0.019	172336006	172336025	1015.6
betaglucan	betaglucan_R03	3H	475967335	0.018	475803659	475803677	163.7
betaglucan	betaglucan_R03	3H	475967335	0.018	475949007	475949025	18.3
fiber	fiber_R04	3H	543690146	0.018	542369890	542369908	1320.2
fiber	fiber_R04	3H	543690146	0.018	543742525	543742543	52.4
fiber	fiber_R04	3H	543690146	0.018	544334016	544334034	643.9
fiber	fiber_R04	3H	543690146	0.018	544371173	544371191	681
fiber	fiber_R04	3H	543690146	0.018	544384173	544384191	694
fiber	fiber_R04	3H	543690146	0.018	544532564	544532582	842.4
fiber	fiber_R04	3H	543690146	0.018	544571231	544571249	881.1
fiber	fiber_R04	3H	543690146	0.018	544578183	544578201	888
fiber	fiber_R04	3H	543690146	0.018	545026337	545026355	1336.2
fiber	fiber_R04	3H	543690146	0.018	545152258	545152276	1462.1
starch	starch_R02	3H	530660057	0.018	530616313	530616331	43.7
starch	starch_R02	3H	530660057	0.018	530621308	530621326	38.7
starch	starch_R03	3H	546433616	0.018	545983048	545983066	450.6
starch	starch_R03	3H	546433616	0.018	546077222	546077240	356.4
starch	starch_R04	6H	525776080	0.018	525733389	525733407	42.7
protein	3H:173351655	3H	173351655	0.018	172541728	172541746	809.9
protein	3H:173351655	3H	173351655	0.018	173290189	173290207	61.4
betaglucan	betaglucan_R03	3H	475967335	0.017	475605028	475605045	362.3
betaglucan	betaglucan_R03	3H	475967335	0.017	475697180	475697197	270.1
betaglucan	betaglucan_R03	3H	475967335	0.017	475762633	475762650	204.7
betaglucan	betaglucan_R03	3H	475967335	0.017	475837422	475837439	129.9
betaglucan	betaglucan_R03	3H	475967335	0.017	475942135	475942152	25.2
betaglucan	betaglucan_R03	3H	475967335	0.017	475942275	475942292	25
betaglucan	betaglucan_R03	3H	475967335	0.017	476072152	476072169	104.8
betaglucan	betaglucan_R03	3H	475967335	0.017	476080871	476080888	113.5
betaglucan	betaglucan_R04	3H	537247620	0.017	537861485	537861502	613.9
fiber	fiber_R01	1H	330239605	0.017	330529145	330529162	289.5
fiber	fiber_R04	3H	543690146	0.017	544216085	544216102	525.9
fiber	fiber_R04	3H	543690146	0.017	544260094	544260111	569.9
fiber	fiber_R04	3H	543690146	0.017	544382470	544382487	692.3
fiber	fiber_R04	3H	543690146	0.017	544579216	544579233	889.1
fiber	fiber_R04	3H	543690146	0.017	544636345	544636362	946.2
fiber	fiber_R04	3H	543690146	0.017	544766441	544766458	1076.3
fiber	fiber_R04	3H	543690146	0.017	544799404	544799421	1109.3
fiber	fiber_R04	3H	543690146	0.017	544801848	544801865	1111.7
fiber	fiber_R12	7H	415651802	0.017	415382563	415382580	269.2
protein	protein_R01	3H	106623911	0.017	106846503	106846520	222.6
starch	starch_R01	1H	330432546	0.017	330529145	330529162	96.6
starch	starch_R03	3H	546433616	0.017	546093642	546093659	340
starch	starch_R04	6H	525776080	0.017	526488834	526488851	712.8
protein	3H:173351655	3H	173351655	0.017	172887741	172887758	463.9
betaglucan	betaglucan_R03	3H	475967335	0.016	475766555	475766571	200.8
betaglucan	betaglucan_R03	3H	475967335	0.016	475801161	475801177	166.2
betaglucan	betaglucan_R03	3H	475967335	0.016	475874186	475874202	93.1
betaglucan	betaglucan_R04	3H	537247620	0.016	537225719	537225735	21.9
betaglucan	betaglucan_R04	3H	537247620	0.016	537585144	537585160	337.5
fiber	fiber_R04	3H	543690146	0.016	543567221	543567237	122.9
fiber	fiber_R04	3H	543690146	0.016	544368750	544368766	678.6
fiber	fiber_R04	3H	543690146	0.016	544374465	544374481	684.3
fiber	fiber_R04	3H	543690146	0.016	544494099	544494115	804
fiber	fiber_R04	3H	543690146	0.016	544494706	544494722	804.6
fiber	fiber_R04	3H	543690146	0.016	544537552	544537568	847.4
fiber	fiber_R04	3H	543690146	0.016	544552281	544552297	862.1
fiber	fiber_R04	3H	543690146	0.016	544660593	544660609	970.4
fiber	fiber_R04	3H	543690146	0.016	544732881	544732897	1042.7
fiber	fiber_R04	3H	543690146	0.016	544766425	544766441	1076.3
fiber	fiber_R04	3H	543690146	0.016	545033293	545033309	1343.1
fiber	fiber_R04	3H	543690146	0.016	545192866	545192882	1502.7
fiber	fiber_R05	4H	24707376	0.016	24686552	24686568	20.8
starch	starch_R03	3H	546433616	0.016	545922670	545922686	510.9
starch	starch_R03	3H	546433616	0.016	546027766	546027782	405.8
starch	starch_R04	6H	525776080	0.016	525324498	525324514	451.6
starch	starch_R04	6H	525776080	0.016	526391594	526391610	615.5
protein	3H:173351655	3H	173351655	0.016	173329323	173329339	22.3
protein	3H:198076308	3H	198076308	0.016	198141585	198141601	65.3
betaglucan	betaglucan_R03	3H	475967335	0.015	475827555	475827570	139.8
betaglucan	betaglucan_R03	3H	475967335	0.015	475876998	475877013	90.3
betaglucan	betaglucan_R03	3H	475967335	0.015	475920324	475920339	47
betaglucan	betaglucan_R03	3H	475967335	0.015	475981125	475981140	13.8
betaglucan	betaglucan_R03	3H	475967335	0.015	476094552	476094567	127.2
fiber	fiber_R04	3H	543690146	0.015	543908629	543908644	218.5
fiber	fiber_R04	3H	543690146	0.015	544371057	544371072	680.9
fiber	fiber_R04	3H	543690146	0.015	544373898	544373913	683.8
fiber	fiber_R04	3H	543690146	0.015	544440795	544440810	750.6
fiber	fiber_R04	3H	543690146	0.015	544454447	544454462	764.3
fiber	fiber_R04	3H	543690146	0.015	544481213	544481228	791.1
fiber	fiber_R04	3H	543690146	0.015	544494722	544494737	804.6
fiber	fiber_R04	3H	543690146	0.015	544523826	544523841	833.7
fiber	fiber_R04	3H	543690146	0.015	544571262	544571277	881.1
fiber	fiber_R04	3H	543690146	0.015	544636448	544636463	946.3
fiber	fiber_R04	3H	543690146	0.015	544770439	544770454	1080.3
starch	starch_R02	3H	530660057	0.015	530677923	530677938	17.9
starch	starch_R03	3H	546433616	0.015	545989543	545989558	444.1
starch	starch_R03	3H	546433616	0.015	546034074	546034089	399.5
starch	starch_R03	3H	546433616	0.015	546096892	546096907	336.7
starch	starch_R04	6H	525776080	0.015	525725327	525725342	50.7
starch	starch_R04	6H	525776080	0.015	525792099	525792114	16
protein	3H:173351655	3H	173351655	0.015	172469634	172469649	882
protein	3H:173351655	3H	173351655	0.015	173112324	173112339	239.3
protein	3H:173351655	3H	173351655	0.015	173265497	173265512	86.1
protein	3H:198076308	3H	198076308	0.015	197854093	197854108	222.2
betaglucan	betaglucan_R03	3H	475967335	0.014	475603231	475603245	364.1
betaglucan	betaglucan_R03	3H	475967335	0.014	475669066	475669080	298.3
betaglucan	betaglucan_R03	3H	475967335	0.014	475872823	475872837	94.5
betaglucan	betaglucan_R03	3H	475967335	0.014	475891670	475891684	75.7
betaglucan	betaglucan_R03	3H	475967335	0.014	475939557	475939571	27.8
betaglucan	betaglucan_R03	3H	475967335	0.014	475970503	475970517	3.2
betaglucan	betaglucan_R03	3H	475967335	0.014	475971996	475972010	4.7
betaglucan	betaglucan_R03	3H	475967335	0.014	476011198	476011212	43.9
betaglucan	betaglucan_R03	3H	475967335	0.014	476095702	476095716	128.4
fiber	fiber_R04	3H	543690146	0.014	543866094	543866108	175.9
fiber	fiber_R04	3H	543690146	0.014	544232125	544232139	542
fiber	fiber_R04	3H	543690146	0.014	544333980	544333994	643.8
fiber	fiber_R04	3H	543690146	0.014	544531277	544531291	841.1
fiber	fiber_R04	3H	543690146	0.014	544660859	544660873	970.7
fiber	fiber_R04	3H	543690146	0.014	545641833	545641847	1951.7
starch	starch_R03	3H	546433616	0.014	545977550	545977564	456.1
starch	starch_R03	3H	546433616	0.014	546035537	546035551	398.1
starch	starch_R04	6H	525776080	0.014	525618968	525618982	157.1
starch	starch_R04	6H	525776080	0.014	525750332	525750346	25.7
starch	starch_R04	6H	525776080	0.014	526487007	526487021	710.9
protein	3H:173351655	3H	173351655	0.014	173314918	173314932	36.7
betaglucan	betaglucan_R03	3H	475967335	0.013	475603551	475603564	363.8
betaglucan	betaglucan_R03	3H	475967335	0.013	475797720	475797733	169.6
betaglucan	betaglucan_R03	3H	475967335	0.013	475831259	475831272	136.1
betaglucan	betaglucan_R03	3H	475967335	0.013	475942086	475942099	25.2
betaglucan	betaglucan_R03	3H	475967335	0.013	475942099	475942112	25.2
betaglucan	betaglucan_R03	3H	475967335	0.013	475950931	475950944	16.4
betaglucan	betaglucan_R03	3H	475967335	0.013	475972434	475972447	5.1
fiber	fiber_R04	3H	543690146	0.013	543828628	543828641	138.5
fiber	fiber_R04	3H	543690146	0.013	543868549	543868562	178.4
fiber	fiber_R04	3H	543690146	0.013	544531301	544531314	841.2
fiber	fiber_R04	3H	543690146	0.013	544577264	544577277	887.1
fiber	fiber_R04	3H	543690146	0.013	544660436	544660449	970.3
fiber	fiber_R04	3H	543690146	0.013	544738466	544738479	1048.3
fiber	fiber_R04	3H	543690146	0.013	544750742	544750755	1060.6
fiber	fiber_R04	3H	543690146	0.013	545516601	545516614	1826.5
fiber	fiber_R06	4H	470989624	0.013	471138726	471138739	149.1
fiber	fiber_R10	5H	462564771	0.013	461816322	461816335	748.4
protein	protein_R01	3H	106623911	0.013	107490605	107490618	866.7
starch	starch_R03	3H	546433616	0.013	546027782	546027795	405.8
starch	starch_R03	3H	546433616	0.013	546036741	546036754	396.9
starch	starch_R03	3H	546433616	0.013	546094273	546094286	339.3
starch	starch_R04	6H	525776080	0.013	526859568	526859581	1083.5
protein	3H:173351655	3H	173351655	0.013	172368069	172368082	983.6
protein	3H:173351655	3H	173351655	0.013	173278971	173278984	72.7
betaglucan	betaglucan_R03	3H	475967335	0.012	475869873	475869885	97.4
betaglucan	betaglucan_R03	3H	475967335	0.012	475873057	475873069	94.3
betaglucan	betaglucan_R03	3H	475967335	0.012	475873069	475873081	94.3
betaglucan	betaglucan_R03	3H	475967335	0.012	475875412	475875424	91.9
betaglucan	betaglucan_R03	3H	475967335	0.012	476023457	476023469	56.1
fiber	fiber_R04	3H	543690146	0.012	544033802	544033814	343.7
fiber	fiber_R04	3H	543690146	0.012	544260460	544260472	570.3
fiber	fiber_R04	3H	543690146	0.012	544381847	544381859	691.7
fiber	fiber_R04	3H	543690146	0.012	544396323	544396335	706.2
fiber	fiber_R04	3H	543690146	0.012	544571250	544571262	881.1
fiber	fiber_R04	3H	543690146	0.012	544657431	544657443	967.3
fiber	fiber_R10	5H	462564771	0.012	462560716	462560728	4
fiber	fiber_R12	7H	415651802	0.012	415872659	415872671	220.9
protein	protein_R01	3H	106623911	0.012	107927033	107927045	1303.1
starch	starch_R02	3H	530660057	0.012	530656676	530656688	3.4
starch	starch_R04	6H	525776080	0.012	525780280	525780292	4.2
starch	starch_R04	6H	525776080	0.012	526387662	526387674	611.6
starch	starch_R04	6H	525776080	0.012	526387771	526387783	611.7
starch	starch_R04	6H	525776080	0.012	526481977	526481989	705.9
protein	3H:173351655	3H	173351655	0.012	172983095	172983107	368.5
protein	3H:173351655	3H	173351655	0.012	172983107	172983119	368.5
protein	3H:198076308	3H	198076308	0.012	198093603	198093615	17.3
betaglucan	betaglucan_R03	3H	475967335	0.011	475655629	475655640	311.7
betaglucan	betaglucan_R03	3H	475967335	0.011	475667009	475667020	300.3
betaglucan	betaglucan_R03	3H	475967335	0.011	475769017	475769028	198.3
betaglucan	betaglucan_R03	3H	475967335	0.011	475840828	475840839	126.5
betaglucan	betaglucan_R03	3H	475967335	0.011	475868042	475868053	99.3
betaglucan	betaglucan_R03	3H	475967335	0.011	475879857	475879868	87.5
betaglucan	betaglucan_R03	3H	475967335	0.011	475939525	475939536	27.8
betaglucan	betaglucan_R03	3H	475967335	0.011	476055973	476055984	88.6
betaglucan	betaglucan_R03	3H	475967335	0.011	476060453	476060464	93.1
betaglucan	betaglucan_R03	3H	475967335	0.011	476070080	476070091	102.7
betaglucan	betaglucan_R04	3H	537247620	0.011	538930182	538930193	1682.6
fiber	fiber_R03	1H	440573355	0.011	440573344	440573355	0
fiber	fiber_R04	3H	543690146	0.011	544310086	544310097	619.9
fiber	fiber_R04	3H	543690146	0.011	544312438	544312449	622.3
fiber	fiber_R04	3H	543690146	0.011	544329254	544329265	639.1
fiber	fiber_R04	3H	543690146	0.011	544409298	544409309	719.2
fiber	fiber_R04	3H	543690146	0.011	544450099	544450110	760
fiber	fiber_R04	3H	543690146	0.011	544524600	544524611	834.5
fiber	fiber_R04	3H	543690146	0.011	544528619	544528630	838.5
fiber	fiber_R04	3H	543690146	0.011	544532582	544532593	842.4
fiber	fiber_R04	3H	543690146	0.011	544558758	544558769	868.6
fiber	fiber_R04	3H	543690146	0.011	544567476	544567487	877.3
fiber	fiber_R04	3H	543690146	0.011	544573934	544573945	883.8
fiber	fiber_R04	3H	543690146	0.011	544658986	544658997	968.8
fiber	fiber_R04	3H	543690146	0.011	544810763	544810774	1120.6
fiber	fiber_R04	3H	543690146	0.011	545165226	545165237	1475.1
fiber	fiber_R04	3H	543690146	0.011	545659465	545659476	1969.3
fiber	fiber_R05	4H	24707376	0.011	24376040	24376051	331.3
starch	starch_R03	3H	546433616	0.011	546089075	546089086	344.5
protein	3H:173351655	3H	173351655	0.011	172173239	172173250	1178.4
protein	3H:173351655	3H	173351655	0.011	173305125	173305136	46.5
protein	3H:198076308	3H	198076308	0.011	197677999	197678010	398.3
protein	3H:198076308	3H	198076308	0.011	198908151	198908162	831.8
betaglucan	betaglucan_R03	3H	475967335	0.01	475668262	475668272	299.1
betaglucan	betaglucan_R03	3H	475967335	0.01	475771408	475771418	195.9
betaglucan	betaglucan_R03	3H	475967335	0.01	475868312	475868322	99
betaglucan	betaglucan_R03	3H	475967335	0.01	475876847	475876857	90.5
betaglucan	betaglucan_R03	3H	475967335	0.01	475938906	475938916	28.4
betaglucan	betaglucan_R03	3H	475967335	0.01	476035273	476035283	67.9
betaglucan	betaglucan_R03	3H	475967335	0.01	476066841	476066851	99.5
betaglucan	betaglucan_R03	3H	475967335	0.01	476082665	476082675	115.3
betaglucan	betaglucan_R04	3H	537247620	0.01	537934200	537934210	686.6
fiber	fiber_R04	3H	543690146	0.01	544230239	544230249	540.1
fiber	fiber_R04	3H	543690146	0.01	544266984	544266994	576.8
fiber	fiber_R04	3H	543690146	0.01	544370725	544370735	680.6
fiber	fiber_R04	3H	543690146	0.01	544503486	544503496	813.3
fiber	fiber_R04	3H	543690146	0.01	544528609	544528619	838.5
fiber	fiber_R04	3H	543690146	0.01	544531291	544531301	841.1
fiber	fiber_R04	3H	543690146	0.01	544552570	544552580	862.4
fiber	fiber_R04	3H	543690146	0.01	544553940	544553950	863.8
fiber	fiber_R12	7H	415651802	0.01	415638510	415638520	13.3
starch	starch_R03	3H	546433616	0.01	545864076	545864086	569.5
starch	starch_R04	6H	525776080	0.01	525658553	525658563	117.5
starch	starch_R04	6H	525776080	0.01	525831189	525831199	55.1
starch	starch_R04	6H	525776080	0.01	526254734	526254744	478.7
starch	starch_R04	6H	525776080	0.01	526387783	526387793	611.7
starch	starch_R04	6H	525776080	0.01	526387793	526387803	611.7
protein	3H:173351655	3H	173351655	0.01	172552682	172552692	799
betaglucan	betaglucan_R03	3H	475967335	0.009	475770291	475770300	197
betaglucan	betaglucan_R03	3H	475967335	0.009	475788966	475788975	178.4
betaglucan	betaglucan_R03	3H	475967335	0.009	475795188	475795197	172.1
betaglucan	betaglucan_R03	3H	475967335	0.009	475872929	475872938	94.4
betaglucan	betaglucan_R03	3H	475967335	0.009	475873446	475873455	93.9
betaglucan	betaglucan_R03	3H	475967335	0.009	475928870	475928879	38.5
betaglucan	betaglucan_R03	3H	475967335	0.009	475938897	475938906	28.4
betaglucan	betaglucan_R03	3H	475967335	0.009	475941883	475941892	25.4
betaglucan	betaglucan_R03	3H	475967335	0.009	475949063	475949072	18.3
betaglucan	betaglucan_R03	3H	475967335	0.009	475960945	475960954	6.4
betaglucan	betaglucan_R03	3H	475967335	0.009	475967326	475967335	0
betaglucan	betaglucan_R03	3H	475967335	0.009	476009442	476009451	42.1
betaglucan	betaglucan_R03	3H	475967335	0.009	476061025	476061034	93.7
betaglucan	betaglucan_R08	6H	475144663	0.009	475275995	475276004	131.3
fiber	fiber_R04	3H	543690146	0.009	544233079	544233088	542.9
fiber	fiber_R04	3H	543690146	0.009	544260472	544260481	570.3
fiber	fiber_R04	3H	543690146	0.009	544523841	544523850	833.7
fiber	fiber_R04	3H	543690146	0.009	544566071	544566080	875.9
fiber	fiber_R04	3H	543690146	0.009	544658040	544658049	967.9
fiber	fiber_R04	3H	543690146	0.009	544764330	544764339	1074.2
fiber	fiber_R04	3H	543690146	0.009	544773058	544773067	1082.9
fiber	fiber_R04	3H	543690146	0.009	544776485	544776494	1086.3
fiber	fiber_R04	3H	543690146	0.009	544809936	544809945	1119.8
fiber	fiber_R04	3H	543690146	0.009	545038129	545038138	1348
fiber	fiber_R05	4H	24707376	0.009	24723962	24723971	16.6
fiber	fiber_R10	5H	462564771	0.009	460705912	460705921	1858.8
starch	starch_R02	3H	530660057	0.009	530637633	530637642	22.4
starch	starch_R02	3H	530660057	0.009	530707448	530707457	47.4
starch	starch_R04	6H	525776080	0.009	525831180	525831189	55.1
starch	starch_R04	6H	525776080	0.009	526247841	526247850	471.8
starch	starch_R04	6H	525776080	0.009	526407951	526407960	631.9
protein	3H:173351655	3H	173351655	0.009	172569520	172569529	782.1
protein	3H:173351655	3H	173351655	0.009	172647153	172647162	704.5
protein	3H:173351655	3H	173351655	0.009	173281225	173281234	70.4
protein	3H:173351655	3H	173351655	0.009	173283362	173283371	68.3
betaglucan	betaglucan_R03	3H	475967335	0.008	475929789	475929797	37.5
betaglucan	betaglucan_R03	3H	475967335	0.008	475950923	475950931	16.4
betaglucan	betaglucan_R03	3H	475967335	0.008	475997976	475997984	30.6
betaglucan	betaglucan_R03	3H	475967335	0.008	476019166	476019174	51.8
betaglucan	betaglucan_R03	3H	475967335	0.008	476023449	476023457	56.1
betaglucan	betaglucan_R03	3H	475967335	0.008	476059322	476059330	92
fiber	fiber_R04	3H	543690146	0.008	542416207	542416215	1273.9
fiber	fiber_R04	3H	543690146	0.008	543828620	543828628	138.5
fiber	fiber_R04	3H	543690146	0.008	543865479	543865487	175.3
fiber	fiber_R04	3H	543690146	0.008	544269518	544269526	579.4
fiber	fiber_R04	3H	543690146	0.008	544304657	544304665	614.5
fiber	fiber_R04	3H	543690146	0.008	544450110	544450118	760
fiber	fiber_R04	3H	543690146	0.008	544526030	544526038	835.9
fiber	fiber_R04	3H	543690146	0.008	544571132	544571140	881
fiber	fiber_R04	3H	543690146	0.008	544739970	544739978	1049.8
fiber	fiber_R04	3H	543690146	0.008	544771737	544771745	1081.6
fiber	fiber_R04	3H	543690146	0.008	544777750	544777758	1087.6
fiber	fiber_R04	3H	543690146	0.008	544801837	544801845	1111.7
fiber	fiber_R12	7H	415651802	0.008	415544296	415544304	107.5
protein	protein_R01	3H	106623911	0.008	106622562	106622570	1.3
starch	starch_R03	3H	546433616	0.008	546096907	546096915	336.7
starch	starch_R03	3H	546433616	0.008	546096915	546096923	336.7
starch	starch_R04	6H	525776080	0.008	525380981	525380989	395.1
protein	3H:173351655	3H	173351655	0.008	172364207	172364215	987.4
protein	3H:173351655	3H	173351655	0.008	172417287	172417295	934.4
protein	3H:173351655	3H	173351655	0.008	173354138	173354146	2.5
betaglucan	betaglucan_R03	3H	475967335	0.007	475762089	475762096	205.2
betaglucan	betaglucan_R03	3H	475967335	0.007	475799727	475799734	167.6
betaglucan	betaglucan_R03	3H	475967335	0.007	475827998	475828005	139.3
betaglucan	betaglucan_R03	3H	475967335	0.007	475837415	475837422	129.9
betaglucan	betaglucan_R03	3H	475967335	0.007	475865263	475865270	102.1
betaglucan	betaglucan_R03	3H	475967335	0.007	476060446	476060453	93.1
betaglucan	betaglucan_R03	3H	475967335	0.007	476062304	476062311	95
betaglucan	betaglucan_R03	3H	475967335	0.007	476063388	476063395	96.1
betaglucan	betaglucan_R03	3H	475967335	0.007	476094837	476094844	127.5
fiber	fiber_R04	3H	543690146	0.007	544239712	544239719	549.6
fiber	fiber_R04	3H	543690146	0.007	544312431	544312438	622.3
fiber	fiber_R04	3H	543690146	0.007	544371072	544371079	680.9
fiber	fiber_R04	3H	543690146	0.007	544371138	544371145	681
fiber	fiber_R04	3H	543690146	0.007	544398532	544398539	708.4
fiber	fiber_R04	3H	543690146	0.007	544494282	544494289	804.1
fiber	fiber_R04	3H	543690146	0.007	544576509	544576516	886.4
fiber	fiber_R04	3H	543690146	0.007	544577921	544577928	887.8
fiber	fiber_R04	3H	543690146	0.007	544657934	544657941	967.8
fiber	fiber_R04	3H	543690146	0.007	544658391	544658398	968.2
fiber	fiber_R04	3H	543690146	0.007	545041876	545041883	1351.7
fiber	fiber_R04	3H	543690146	0.007	545146346	545146353	1456.2
fiber	fiber_R10	5H	462564771	0.007	461191806	461191813	1373
fiber	fiber_R10	5H	462564771	0.007	462575997	462576004	11.2
protein	protein_R01	3H	106623911	0.007	106014878	106014885	609
protein	protein_R01	3H	106623911	0.007	106204230	106204237	419.7
starch	starch_R02	3H	530660057	0.007	530678145	530678152	18.1
starch	starch_R03	3H	546433616	0.007	545868301	545868308	565.3
starch	starch_R03	3H	546433616	0.007	545922663	545922670	510.9
starch	starch_R03	3H	546433616	0.007	546021502	546021509	412.1
starch	starch_R03	3H	546433616	0.007	546023564	546023571	410
starch	starch_R03	3H	546433616	0.007	546077496	546077503	356.1
starch	starch_R04	6H	525776080	0.007	526387655	526387662	611.6
protein	3H:173351655	3H	173351655	0.007	172417280	172417287	934.4
protein	3H:173351655	3H	173351655	0.007	172971868	172971875	379.8
protein	3H:173351655	3H	173351655	0.007	173261024	173261031	90.6
protein	3H:198076308	3H	198076308	0.007	198504328	198504335	428
betaglucan	betaglucan_R03	3H	475967335	0.006	475600944	475600950	366.4
betaglucan	betaglucan_R03	3H	475967335	0.006	475871659	475871665	95.7
betaglucan	betaglucan_R03	3H	475967335	0.006	475929429	475929435	37.9
betaglucan	betaglucan_R03	3H	475967335	0.006	476058636	476058642	91.3
betaglucan	betaglucan_R03	3H	475967335	0.006	476060741	476060747	93.4
betaglucan	betaglucan_R03	3H	475967335	0.006	476062887	476062893	95.6
betaglucan	betaglucan_R03	3H	475967335	0.006	476062893	476062899	95.6
betaglucan	betaglucan_R06	4H	528254769	0.006	528254726	528254732	0
fiber	fiber_R03	1H	440573355	0.006	440638443	440638449	65.1
fiber	fiber_R04	3H	543690146	0.006	543810073	543810079	119.9
fiber	fiber_R04	3H	543690146	0.006	543811890	543811896	121.7
fiber	fiber_R04	3H	543690146	0.006	544481228	544481234	791.1
fiber	fiber_R04	3H	543690146	0.006	544496478	544496484	806.3
fiber	fiber_R04	3H	543690146	0.006	544524055	544524061	833.9
fiber	fiber_R04	3H	543690146	0.006	544578517	544578523	888.4
fiber	fiber_R05	4H	24707376	0.006	26317244	26317250	1609.9
protein	protein_R01	3H	106623911	0.006	106679746	106679752	55.8
protein	protein_R01	3H	106623911	0.006	106679752	106679758	55.8
starch	starch_R03	3H	546433616	0.006	545916198	545916204	517.4
starch	starch_R03	3H	546433616	0.006	546089301	546089307	344.3
starch	starch_R04	6H	525776080	0.006	526387765	526387771	611.7
protein	3H:173351655	3H	173351655	0.006	172109822	172109828	1241.8
protein	3H:173351655	3H	173351655	0.006	172942989	172942995	408.7
protein	3H:173351655	3H	173351655	0.006	173240232	173240238	111.4
protein	3H:173351655	3H	173351655	0.006	173248216	173248222	103.4
protein	3H:173351655	3H	173351655	0.006	173265116	173265122	86.5
protein	3H:173351655	3H	173351655	0.006	173265512	173265518	86.1
protein	3H:173351655	3H	173351655	0.006	173358082	173358088	6.4
betaglucan	betaglucan_R03	3H	475967335	0.005	475602755	475602760	364.6
betaglucan	betaglucan_R03	3H	475967335	0.005	475803654	475803659	163.7
betaglucan	betaglucan_R03	3H	475967335	0.005	476018119	476018124	50.8
fiber	fiber_R01	1H	330239605	0.005	330428882	330428887	189.3
fiber	fiber_R04	3H	543690146	0.005	543638965	543638970	51.2
fiber	fiber_R04	3H	543690146	0.005	543778827	543778832	88.7
fiber	fiber_R04	3H	543690146	0.005	543857923	543857928	167.8
fiber	fiber_R04	3H	543690146	0.005	543862461	543862466	172.3
fiber	fiber_R04	3H	543690146	0.005	544239817	544239822	549.7
fiber	fiber_R04	3H	543690146	0.005	544381859	544381864	691.7
fiber	fiber_R04	3H	543690146	0.005	544390773	544390778	700.6
fiber	fiber_R04	3H	543690146	0.005	544453378	544453383	763.2
fiber	fiber_R04	3H	543690146	0.005	544530213	544530218	840.1
fiber	fiber_R04	3H	543690146	0.005	544553480	544553485	863.3
fiber	fiber_R04	3H	543690146	0.005	544789274	544789279	1099.1
fiber	fiber_R04	3H	543690146	0.005	544801832	544801837	1111.7
fiber	fiber_R04	3H	543690146	0.005	544884082	544884087	1193.9
fiber	fiber_R04	3H	543690146	0.005	544928725	544928730	1238.6
fiber	fiber_R04	3H	543690146	0.005	544936396	544936401	1246.2
fiber	fiber_R04	3H	543690146	0.005	545157509	545157514	1467.4
fiber	fiber_R05	4H	24707376	0.005	24842405	24842410	135
fiber	fiber_R12	7H	415651802	0.005	415614296	415614301	37.5
protein	protein_R01	3H	106623911	0.005	105978386	105978391	645.5
protein	protein_R01	3H	106623911	0.005	108100441	108100446	1476.5
starch	starch_R01	1H	330432546	0.005	330428882	330428887	3.7
starch	starch_R03	3H	546433616	0.005	546021509	546021514	412.1
starch	starch_R03	3H	546433616	0.005	546024567	546024572	409
starch	starch_R03	3H	546433616	0.005	546032688	546032693	400.9
starch	starch_R03	3H	546433616	0.005	546035869	546035874	397.7
starch	starch_R03	3H	546433616	0.005	546040477	546040482	393.1
starch	starch_R04	6H	525776080	0.005	525774694	525774699	1.4
starch	starch_R04	6H	525776080	0.005	526382969	526382974	606.9
starch	starch_R04	6H	525776080	0.005	526386343	526386348	610.3
protein	3H:173351655	3H	173351655	0.005	173320695	173320700	31
protein	3H:173351655	3H	173351655	0.005	173368641	173368646	17
betaglucan	betaglucan_R03	3H	475967335	0.004	475770254	475770258	197.1
betaglucan	betaglucan_R03	3H	475967335	0.004	475891235	475891239	76.1
betaglucan	betaglucan_R03	3H	475967335	0.004	475976531	475976535	9.2
fiber	fiber_R04	3H	543690146	0.004	543067809	543067813	622.3
fiber	fiber_R04	3H	543690146	0.004	543762840	543762844	72.7
fiber	fiber_R04	3H	543690146	0.004	543909594	543909598	219.4
fiber	fiber_R04	3H	543690146	0.004	544235127	544235131	545
fiber	fiber_R04	3H	543690146	0.004	544334034	544334038	643.9
fiber	fiber_R04	3H	543690146	0.004	544523822	544523826	833.7
fiber	fiber_R04	3H	543690146	0.004	544527535	544527539	837.4
fiber	fiber_R04	3H	543690146	0.004	544567472	544567476	877.3
fiber	fiber_R04	3H	543690146	0.004	544808550	544808554	1118.4
fiber	fiber_R04	3H	543690146	0.004	544925242	544925246	1235.1
fiber	fiber_R04	3H	543690146	0.004	545331407	545331411	1641.3
fiber	fiber_R04	3H	543690146	0.004	545645418	545645422	1955.3
fiber	fiber_R05	4H	24707376	0.004	24712850	24712854	5.5
fiber	fiber_R10	5H	462564771	0.004	461955252	461955256	609.5
protein	protein_R01	3H	106623911	0.004	107113919	107113923	490
starch	starch_R03	3H	546433616	0.004	546038066	546038070	395.5
starch	starch_R04	6H	525776080	0.004	525727856	525727860	48.2
starch	starch_R04	6H	525776080	0.004	525735398	525735402	40.7
protein	3H:173351655	3H	173351655	0.004	172942484	172942488	409.2
protein	3H:173351655	3H	173351655	0.004	173354134	173354138	2.5
betaglucan	betaglucan_R03	3H	475967335	0.003	475564407	475564410	402.9
betaglucan	betaglucan_R03	3H	475967335	0.003	475761914	475761917	205.4
betaglucan	betaglucan_R03	3H	475967335	0.003	475824494	475824497	142.8
betaglucan	betaglucan_R03	3H	475967335	0.003	475865270	475865273	102.1
betaglucan	betaglucan_R03	3H	475967335	0.003	475875331	475875334	92
betaglucan	betaglucan_R03	3H	475967335	0.003	475939571	475939574	27.8
betaglucan	betaglucan_R03	3H	475967335	0.003	475942214	475942217	25.1
betaglucan	betaglucan_R03	3H	475967335	0.003	475945576	475945579	21.8
betaglucan	betaglucan_R03	3H	475967335	0.003	475968204	475968207	0.9
betaglucan	betaglucan_R03	3H	475967335	0.003	475971435	475971438	4.1
betaglucan	betaglucan_R03	3H	475967335	0.003	476059168	476059171	91.8
betaglucan	betaglucan_R03	3H	475967335	0.003	476063359	476063362	96
fiber	fiber_R04	3H	543690146	0.003	543859279	543859282	169.1
fiber	fiber_R04	3H	543690146	0.003	543917604	543917607	227.5
fiber	fiber_R04	3H	543690146	0.003	543917607	543917610	227.5
fiber	fiber_R04	3H	543690146	0.003	544232122	544232125	542
fiber	fiber_R04	3H	543690146	0.003	544260457	544260460	570.3
fiber	fiber_R04	3H	543690146	0.003	544373913	544373916	683.8
fiber	fiber_R04	3H	543690146	0.003	544402153	544402156	712
fiber	fiber_R04	3H	543690146	0.003	544524061	544524064	833.9
fiber	fiber_R04	3H	543690146	0.003	544571140	544571143	881
fiber	fiber_R04	3H	543690146	0.003	544571956	544571959	881.8
fiber	fiber_R04	3H	543690146	0.003	544576848	544576851	886.7
fiber	fiber_R04	3H	543690146	0.003	544578589	544578592	888.4
fiber	fiber_R04	3H	543690146	0.003	544632507	544632510	942.4
fiber	fiber_R04	3H	543690146	0.003	544648095	544648098	957.9
fiber	fiber_R04	3H	543690146	0.003	544801845	544801848	1111.7
fiber	fiber_R04	3H	543690146	0.003	545117861	545117864	1427.7
fiber	fiber_R04	3H	543690146	0.003	545436084	545436087	1745.9
fiber	fiber_R04	3H	543690146	0.003	545659462	545659465	1969.3
fiber	fiber_R10	5H	462564771	0.003	462681196	462681199	116.4
protein	protein_R01	3H	106623911	0.003	105978391	105978394	645.5
protein	protein_R01	3H	106623911	0.003	106575307	106575310	48.6
protein	protein_R01	3H	106623911	0.003	107606212	107606215	982.3
starch	starch_R02	3H	530660057	0.003	530627890	530627893	32.2
starch	starch_R03	3H	546433616	0.003	545868298	545868301	565.3
starch	starch_R03	3H	546433616	0.003	545986986	545986989	446.6
starch	starch_R03	3H	546433616	0.003	546041181	546041184	392.4
starch	starch_R03	3H	546433616	0.003	546077240	546077243	356.4
starch	starch_R04	6H	525776080	0.003	525452934	525452937	323.1
starch	starch_R04	6H	525776080	0.003	526253529	526253532	477.4
protein	3H:173351655	3H	173351655	0.003	172505816	172505819	845.8
protein	3H:173351655	3H	173351655	0.003	172921654	172921657	430
protein	3H:173351655	3H	173351655	0.003	173272645	173272648	79
betaglucan	betaglucan_R03	3H	475967335	0.002	475768568	475768570	198.8
betaglucan	betaglucan_R03	3H	475967335	0.002	475828833	475828835	138.5
betaglucan	betaglucan_R03	3H	475967335	0.002	475849327	475849329	118
betaglucan	betaglucan_R03	3H	475967335	0.002	475869037	475869039	98.3
betaglucan	betaglucan_R03	3H	475967335	0.002	475871846	475871848	95.5
betaglucan	betaglucan_R03	3H	475967335	0.002	475875424	475875426	91.9
betaglucan	betaglucan_R03	3H	475967335	0.002	475879438	475879440	87.9
betaglucan	betaglucan_R03	3H	475967335	0.002	475970517	475970519	3.2
betaglucan	betaglucan_R03	3H	475967335	0.002	475971805	475971807	4.5
betaglucan	betaglucan_R03	3H	475967335	0.002	475974525	475974527	7.2
betaglucan	betaglucan_R03	3H	475967335	0.002	476015758	476015760	48.4
betaglucan	betaglucan_R03	3H	475967335	0.002	476027976	476027978	60.6
fiber	fiber_R04	3H	543690146	0.002	543862438	543862440	172.3
fiber	fiber_R04	3H	543690146	0.002	543864435	543864437	174.3
fiber	fiber_R04	3H	543690146	0.002	544396177	544396179	706
fiber	fiber_R04	3H	543690146	0.002	544524760	544524762	834.6
fiber	fiber_R04	3H	543690146	0.002	544540466	544540468	850.3
fiber	fiber_R04	3H	543690146	0.002	544566080	544566082	875.9
fiber	fiber_R04	3H	543690146	0.002	544575258	544575260	885.1
fiber	fiber_R04	3H	543690146	0.002	544577033	544577035	886.9
fiber	fiber_R04	3H	543690146	0.002	544635972	544635974	945.8
fiber	fiber_R04	3H	543690146	0.002	544810761	544810763	1120.6
fiber	fiber_R04	3H	543690146	0.002	544813975	544813977	1123.8
fiber	fiber_R04	3H	543690146	0.002	545073181	545073183	1383
fiber	fiber_R04	3H	543690146	0.002	545209476	545209478	1519.3
fiber	fiber_R09	5H	437005013	0.002	435264609	435264611	1740.4
fiber	fiber_R10	5H	462564771	0.002	461855337	461855339	709.4
fiber	fiber_R12	7H	415651802	0.002	415539218	415539220	112.6
fiber	fiber_R12	7H	415651802	0.002	415611432	415611434	40.4
protein	protein_R01	3H	106623911	0.002	107905262	107905264	1281.4
starch	starch_R03	3H	546433616	0.002	545920186	545920188	513.4
starch	starch_R03	3H	546433616	0.002	545927541	545927543	506.1
starch	starch_R03	3H	546433616	0.002	546531372	546531374	97.8
starch	starch_R04	6H	525776080	0.002	525417847	525417849	358.2
starch	starch_R04	6H	525776080	0.002	525891949	525891951	115.9
starch	starch_R04	6H	525776080	0.002	526407831	526407833	631.8
starch	starch_R04	6H	525776080	0.002	526843008	526843010	1066.9
protein	3H:173351655	3H	173351655	0.002	172415827	172415829	935.8
protein	3H:173351655	3H	173351655	0.002	172620094	172620096	731.6
protein	3H:173351655	3H	173351655	0.002	173137195	173137197	214.5
protein	3H:173351655	3H	173351655	0.002	173269247	173269249	82.4
protein	3H:198076308	3H	198076308	0.002	199217423	199217425	1141.1
betaglucan	betaglucan_R03	3H	475967335	0.001	475684638	475684639	282.7
betaglucan	betaglucan_R03	3H	475967335	0.001	475789247	475789248	178.1
betaglucan	betaglucan_R03	3H	475967335	0.001	475917937	475917938	49.4
betaglucan	betaglucan_R03	3H	475967335	0.001	475939536	475939537	27.8
betaglucan	betaglucan_R03	3H	475967335	0.001	475939752	475939753	27.6
betaglucan	betaglucan_R03	3H	475967335	0.001	475942274	475942275	25.1
betaglucan	betaglucan_R03	3H	475967335	0.001	475960836	475960837	6.5
betaglucan	betaglucan_R03	3H	475967335	0.001	476019639	476019640	52.3
betaglucan	betaglucan_R03	3H	475967335	0.001	476092278	476092279	124.9
betaglucan	betaglucan_R04	3H	537247620	0.001	537813621	537813622	566
betaglucan	betaglucan_R04	3H	537247620	0.001	537952484	537952485	704.9
betaglucan	betaglucan_R08	6H	475144663	0.001	475167134	475167135	22.5
fiber	fiber_R03	1H	440573355	0.001	440727122	440727123	153.8
fiber	fiber_R03	1H	440573355	0.001	441537493	441537494	964.1
fiber	fiber_R04	3H	543690146	0.001	542122077	542122078	1568.1
fiber	fiber_R04	3H	543690146	0.001	543690121	543690122	0
fiber	fiber_R04	3H	543690146	0.001	543862590	543862591	172.4
fiber	fiber_R04	3H	543690146	0.001	543917610	543917611	227.5
fiber	fiber_R04	3H	543690146	0.001	544030873	544030874	340.7
fiber	fiber_R04	3H	543690146	0.001	544233078	544233079	542.9
fiber	fiber_R04	3H	543690146	0.001	544240691	544240692	550.5
fiber	fiber_R04	3H	543690146	0.001	544333644	544333645	643.5
fiber	fiber_R04	3H	543690146	0.001	544381864	544381865	691.7
fiber	fiber_R04	3H	543690146	0.001	544382487	544382488	692.3
fiber	fiber_R04	3H	543690146	0.001	544396322	544396323	706.2
fiber	fiber_R04	3H	543690146	0.001	544476468	544476469	786.3
fiber	fiber_R04	3H	543690146	0.001	544535013	544535014	844.9
fiber	fiber_R04	3H	543690146	0.001	544556741	544556742	866.6
fiber	fiber_R04	3H	543690146	0.001	544571249	544571250	881.1
fiber	fiber_R04	3H	543690146	0.001	544739933	544739934	1049.8
fiber	fiber_R04	3H	543690146	0.001	544750554	544750555	1060.4
fiber	fiber_R04	3H	543690146	0.001	545020263	545020264	1330.1
fiber	fiber_R04	3H	543690146	0.001	545640641	545640642	1950.5
fiber	fiber_R04	3H	543690146	0.001	545643683	545643684	1953.5
fiber	fiber_R05	4H	24707376	0.001	24210538	24210539	496.8
fiber	fiber_R05	4H	24707376	0.001	24367288	24367289	340.1
fiber	fiber_R05	4H	24707376	0.001	24830503	24830504	123.1
fiber	fiber_R05	4H	24707376	0.001	24870487	24870488	163.1
fiber	fiber_R06	4H	470989624	0.001	470356499	470356500	633.1
fiber	fiber_R10	5H	462564771	0.001	461030770	461030771	1534
fiber	fiber_R10	5H	462564771	0.001	462577149	462577150	12.4
fiber	fiber_R10	5H	462564771	0.001	463169806	463169807	605
fiber	fiber_R12	7H	415651802	0.001	415576625	415576626	75.2
protein	protein_R01	3H	106623911	0.001	105437406	105437407	1186.5
protein	protein_R01	3H	106623911	0.001	105640919	105640920	983
protein	protein_R01	3H	106623911	0.001	105880429	105880430	743.5
protein	protein_R02	3H	159799839	0.001	158872541	158872542	927.3
starch	starch_R02	3H	530660057	0.001	530632924	530632925	27.1
starch	starch_R02	3H	530660057	0.001	530657909	530657910	2.1
starch	starch_R03	3H	546433616	0.001	546021239	546021240	412.4
starch	starch_R03	3H	546433616	0.001	546089810	546089811	343.8
starch	starch_R03	3H	546433616	0.001	546392848	546392849	40.8
starch	starch_R04	6H	525776080	0.001	525259913	525259914	516.2
starch	starch_R04	6H	525776080	0.001	525725366	525725367	50.7
starch	starch_R04	6H	525776080	0.001	525891495	525891496	115.4
protein	3H:173351655	3H	173351655	0.001	172395381	172395382	956.3
protein	3H:173351655	3H	173351655	0.001	172470585	172470586	881.1
protein	3H:173351655	3H	173351655	0.001	172628544	172628545	723.1
protein	3H:173351655	3H	173351655	0.001	172653913	172653914	697.7
protein	3H:173351655	3H	173351655	0.001	173269873	173269874	81.8
protein	3H:173351655	3H	173351655	0.001	173280221	173280222	71.4
protein	3H:173351655	3H	173351655	0.001	173288835	173288836	62.8
protein	3H:173351655	3H	173351655	0.001	173290376	173290377	61.3
protein	3H:173351655	3H	173351655	0.001	173300001	173300002	51.7
protein	3H:173351655	3H	173351655	0.001	173305670	173305671	46
protein	3H:198076308	3H	198076308	0.001	197566694	197566695	509.6
