trait	SNP_id	chr	position_bp	A1	A2	MAF	beta	SE	p_value	neg_log10_p	BonfPruned010_threshold	above_Bonf	LD_window_start	LD_window_end
betaglucan	2H:41996626	2	41996626	A	G	0.0739	-0.47554	0.076305	1.644e-09	8.7841	6.7712	TRUE	41808626	42184626
betaglucan	3H:537247620	3	537247620	A	C	0.0779	-0.46885	0.078805	7.843e-09	8.1055	6.7712	TRUE	537059620	537435620
betaglucan	4H:34858354	4	34858354	A	G	0.0531	-0.39084	0.066035	9.27e-09	8.0329	6.7712	TRUE	34670354	35046354
betaglucan	4H:34971609	4	34971609	A	G	0.0591	-0.36784	0.063382	1.721e-08	7.7643	6.7712	TRUE	34783609	35159609
betaglucan	4H:34861659	4	34861659	T	C	0.0602	-0.3462	0.061632	4.597e-08	7.3375	6.7712	TRUE	34673659	35049659
betaglucan	6H:475144663	6	475144663	A	G	0.0675	-0.3757	0.067594	6.248e-08	7.2042	6.7712	TRUE	474956663	475332663
betaglucan	4H:34825152	4	34825152	T	G	0.0576	-0.35672	0.06448	7.139e-08	7.1464	6.7712	TRUE	34637152	35013152
betaglucan	2H:602246902	2	602246902	T	C	0.0783	-0.38735	0.07022	7.754e-08	7.1105	6.7712	TRUE	602058902	602434902
betaglucan	1H:479493867	1	479493867	T	G	0.0642	-0.37806	0.069223	1.026e-07	6.9888	6.7712	TRUE	479305867	479681867
betaglucan	4H:528254769	4	528254769	T	C	0.0588	-0.27854	0.051151	1.114e-07	6.953	6.7712	TRUE	528066769	528442769
betaglucan	1H:483379118	1	483379118	T	C	0.061	-0.48764	0.089732	1.178e-07	6.9288	6.7712	TRUE	483191118	483567118
betaglucan	3H:537301368	3	537301368	T	G	0.0726	-0.33178	0.061426	1.394e-07	6.8558	6.7712	TRUE	537113368	537489368
betaglucan	7H:144534576	7	144534576	A	T	0.0952	-0.34407	0.06407	1.63e-07	6.7878	6.7712	TRUE	144346576	144722576
fiber	4H:24707376	4	24707376	A	T	0.0581	-0.32795	0.058857	5.813e-08	7.2356	6.7712	TRUE	24519376	24895376
fiber	7H:573606306	7	573606306	T	C	0.1701	-0.1433	0.026076	8.623e-08	7.0643	6.7712	TRUE	573418306	573794306
fiber	7H:14817657	7	14817657	T	C	0.0533	-0.33358	0.061591	1.293e-07	6.8883	6.7712	TRUE	14629657	15005657
protein	3H:106623911	3	106623911	T	G	0.1799	0.50404	0.093937	1.668e-07	6.7779	6.7712	TRUE	106435911	106811911
