trait	locus_id	pass	SNP	BP	is_index
betaglucan	betaglucan_L01	1	1H:479493867	479493867	TRUE
betaglucan	betaglucan_L01	1	1H:479496124	479496124	FALSE
betaglucan	betaglucan_L01	1	1H:479533416	479533416	FALSE
betaglucan	betaglucan_L01	1	1H:479533580	479533580	FALSE
betaglucan	betaglucan_L01	1	1H:479533745	479533745	FALSE
betaglucan	betaglucan_L01	1	1H:479533836	479533836	FALSE
betaglucan	betaglucan_L01	1	1H:479533947	479533947	FALSE
betaglucan	betaglucan_L01	1	1H:479537037	479537037	FALSE
betaglucan	betaglucan_L01	1	1H:479550906	479550906	FALSE
betaglucan	betaglucan_L01	1	1H:479551502	479551502	FALSE
betaglucan	betaglucan_L02	1	2H:41975107	41975107	FALSE
betaglucan	betaglucan_L02	1	2H:41996626	41996626	TRUE
betaglucan	betaglucan_L02	1	2H:42016001	42016001	FALSE
betaglucan	betaglucan_L02	1	2H:42016337	42016337	FALSE
betaglucan	betaglucan_L03	1	3H:475559427	475559427	FALSE
betaglucan	betaglucan_L03	1	3H:475561224	475561224	FALSE
betaglucan	betaglucan_L03	1	3H:475562072	475562072	FALSE
betaglucan	betaglucan_L03	1	3H:475562404	475562404	FALSE
betaglucan	betaglucan_L03	1	3H:475562592	475562592	FALSE
betaglucan	betaglucan_L03	1	3H:475562894	475562894	FALSE
betaglucan	betaglucan_L03	1	3H:475562915	475562915	FALSE
betaglucan	betaglucan_L03	1	3H:475563050	475563050	FALSE
betaglucan	betaglucan_L03	1	3H:475563204	475563204	FALSE
betaglucan	betaglucan_L03	1	3H:475563372	475563372	FALSE
betaglucan	betaglucan_L03	1	3H:475564407	475564407	FALSE
betaglucan	betaglucan_L03	1	3H:475564410	475564410	FALSE
betaglucan	betaglucan_L03	1	3H:475566976	475566976	FALSE
betaglucan	betaglucan_L03	1	3H:475567191	475567191	FALSE
betaglucan	betaglucan_L03	1	3H:475567305	475567305	FALSE
betaglucan	betaglucan_L03	1	3H:475567347	475567347	FALSE
betaglucan	betaglucan_L03	1	3H:475568743	475568743	FALSE
betaglucan	betaglucan_L03	1	3H:475568867	475568867	FALSE
betaglucan	betaglucan_L03	1	3H:475568984	475568984	FALSE
betaglucan	betaglucan_L03	1	3H:475571271	475571271	FALSE
betaglucan	betaglucan_L03	1	3H:475572152	475572152	FALSE
betaglucan	betaglucan_L03	1	3H:475572179	475572179	FALSE
betaglucan	betaglucan_L03	1	3H:475572537	475572537	FALSE
betaglucan	betaglucan_L03	1	3H:475572651	475572651	FALSE
betaglucan	betaglucan_L03	1	3H:475572701	475572701	FALSE
betaglucan	betaglucan_L03	1	3H:475572773	475572773	FALSE
betaglucan	betaglucan_L03	1	3H:475573033	475573033	FALSE
betaglucan	betaglucan_L03	1	3H:475573374	475573374	FALSE
betaglucan	betaglucan_L03	1	3H:475573554	475573554	FALSE
betaglucan	betaglucan_L03	1	3H:475578844	475578844	FALSE
betaglucan	betaglucan_L03	1	3H:475587394	475587394	FALSE
betaglucan	betaglucan_L03	1	3H:475587462	475587462	FALSE
betaglucan	betaglucan_L03	1	3H:475587525	475587525	FALSE
betaglucan	betaglucan_L03	1	3H:475587995	475587995	FALSE
betaglucan	betaglucan_L03	1	3H:475588212	475588212	FALSE
betaglucan	betaglucan_L03	1	3H:475589723	475589723	FALSE
betaglucan	betaglucan_L03	1	3H:475589957	475589957	FALSE
betaglucan	betaglucan_L03	1	3H:475590109	475590109	FALSE
betaglucan	betaglucan_L03	1	3H:475591376	475591376	FALSE
betaglucan	betaglucan_L03	1	3H:475591566	475591566	FALSE
betaglucan	betaglucan_L03	1	3H:475591915	475591915	FALSE
betaglucan	betaglucan_L03	1	3H:475600944	475600944	FALSE
betaglucan	betaglucan_L03	1	3H:475600950	475600950	FALSE
betaglucan	betaglucan_L03	1	3H:475601737	475601737	FALSE
betaglucan	betaglucan_L03	1	3H:475602208	475602208	FALSE
betaglucan	betaglucan_L03	1	3H:475602633	475602633	FALSE
betaglucan	betaglucan_L03	1	3H:475602755	475602755	FALSE
betaglucan	betaglucan_L03	1	3H:475602760	475602760	FALSE
betaglucan	betaglucan_L03	1	3H:475603113	475603113	FALSE
betaglucan	betaglucan_L03	1	3H:475603231	475603231	FALSE
betaglucan	betaglucan_L03	1	3H:475603245	475603245	FALSE
betaglucan	betaglucan_L03	1	3H:475603321	475603321	FALSE
betaglucan	betaglucan_L03	1	3H:475603551	475603551	FALSE
betaglucan	betaglucan_L03	1	3H:475603564	475603564	FALSE
betaglucan	betaglucan_L03	1	3H:475603694	475603694	FALSE
betaglucan	betaglucan_L03	1	3H:475603757	475603757	FALSE
betaglucan	betaglucan_L03	1	3H:475603932	475603932	FALSE
betaglucan	betaglucan_L03	1	3H:475605028	475605028	FALSE
betaglucan	betaglucan_L03	1	3H:475605045	475605045	FALSE
betaglucan	betaglucan_L03	1	3H:475605389	475605389	FALSE
betaglucan	betaglucan_L03	1	3H:475605636	475605636	FALSE
betaglucan	betaglucan_L03	1	3H:475605842	475605842	FALSE
betaglucan	betaglucan_L03	1	3H:475605916	475605916	FALSE
betaglucan	betaglucan_L03	1	3H:475606300	475606300	FALSE
betaglucan	betaglucan_L03	1	3H:475606403	475606403	FALSE
betaglucan	betaglucan_L03	1	3H:475606684	475606684	FALSE
betaglucan	betaglucan_L03	1	3H:475618305	475618305	FALSE
betaglucan	betaglucan_L03	1	3H:475618412	475618412	FALSE
betaglucan	betaglucan_L03	1	3H:475619253	475619253	FALSE
betaglucan	betaglucan_L03	1	3H:475619349	475619349	FALSE
betaglucan	betaglucan_L03	1	3H:475619455	475619455	FALSE
betaglucan	betaglucan_L03	1	3H:475619593	475619593	FALSE
betaglucan	betaglucan_L03	1	3H:475619644	475619644	FALSE
betaglucan	betaglucan_L03	1	3H:475619731	475619731	FALSE
betaglucan	betaglucan_L03	1	3H:475619956	475619956	FALSE
betaglucan	betaglucan_L03	1	3H:475620066	475620066	FALSE
betaglucan	betaglucan_L03	1	3H:475621338	475621338	FALSE
betaglucan	betaglucan_L03	1	3H:475621666	475621666	FALSE
betaglucan	betaglucan_L03	1	3H:475622614	475622614	FALSE
betaglucan	betaglucan_L03	1	3H:475623617	475623617	FALSE
betaglucan	betaglucan_L03	1	3H:475623728	475623728	FALSE
betaglucan	betaglucan_L03	1	3H:475623792	475623792	FALSE
betaglucan	betaglucan_L03	1	3H:475623985	475623985	FALSE
betaglucan	betaglucan_L03	1	3H:475624072	475624072	FALSE
betaglucan	betaglucan_L03	1	3H:475624201	475624201	FALSE
betaglucan	betaglucan_L03	1	3H:475624239	475624239	FALSE
betaglucan	betaglucan_L03	1	3H:475625445	475625445	FALSE
betaglucan	betaglucan_L03	1	3H:475625477	475625477	FALSE
betaglucan	betaglucan_L03	1	3H:475625798	475625798	FALSE
betaglucan	betaglucan_L03	1	3H:475625880	475625880	FALSE
betaglucan	betaglucan_L03	1	3H:475626107	475626107	FALSE
betaglucan	betaglucan_L03	1	3H:475626496	475626496	FALSE
betaglucan	betaglucan_L03	1	3H:475626626	475626626	FALSE
betaglucan	betaglucan_L03	1	3H:475626812	475626812	FALSE
betaglucan	betaglucan_L03	1	3H:475626868	475626868	FALSE
betaglucan	betaglucan_L03	1	3H:475627301	475627301	FALSE
betaglucan	betaglucan_L03	1	3H:475648879	475648879	FALSE
betaglucan	betaglucan_L03	1	3H:475650203	475650203	FALSE
betaglucan	betaglucan_L03	1	3H:475650306	475650306	FALSE
betaglucan	betaglucan_L03	1	3H:475650512	475650512	FALSE
betaglucan	betaglucan_L03	1	3H:475650963	475650963	FALSE
betaglucan	betaglucan_L03	1	3H:475651243	475651243	FALSE
betaglucan	betaglucan_L03	1	3H:475651480	475651480	FALSE
betaglucan	betaglucan_L03	1	3H:475651654	475651654	FALSE
betaglucan	betaglucan_L03	1	3H:475652150	475652150	FALSE
betaglucan	betaglucan_L03	1	3H:475652795	475652795	FALSE
betaglucan	betaglucan_L03	1	3H:475652992	475652992	FALSE
betaglucan	betaglucan_L03	1	3H:475653078	475653078	FALSE
betaglucan	betaglucan_L03	1	3H:475653320	475653320	FALSE
betaglucan	betaglucan_L03	1	3H:475653552	475653552	FALSE
betaglucan	betaglucan_L03	1	3H:475653990	475653990	FALSE
betaglucan	betaglucan_L03	1	3H:475654115	475654115	FALSE
betaglucan	betaglucan_L03	1	3H:475654865	475654865	FALSE
betaglucan	betaglucan_L03	1	3H:475654957	475654957	FALSE
betaglucan	betaglucan_L03	1	3H:475655227	475655227	FALSE
betaglucan	betaglucan_L03	1	3H:475655629	475655629	FALSE
betaglucan	betaglucan_L03	1	3H:475655640	475655640	FALSE
betaglucan	betaglucan_L03	1	3H:475656157	475656157	FALSE
betaglucan	betaglucan_L03	1	3H:475656282	475656282	FALSE
betaglucan	betaglucan_L03	1	3H:475656830	475656830	FALSE
betaglucan	betaglucan_L03	1	3H:475662323	475662323	FALSE
betaglucan	betaglucan_L03	1	3H:475665346	475665346	FALSE
betaglucan	betaglucan_L03	1	3H:475665707	475665707	FALSE
betaglucan	betaglucan_L03	1	3H:475665899	475665899	FALSE
betaglucan	betaglucan_L03	1	3H:475666214	475666214	FALSE
betaglucan	betaglucan_L03	1	3H:475667009	475667009	FALSE
betaglucan	betaglucan_L03	1	3H:475667020	475667020	FALSE
betaglucan	betaglucan_L03	1	3H:475667188	475667188	FALSE
betaglucan	betaglucan_L03	1	3H:475668074	475668074	FALSE
betaglucan	betaglucan_L03	1	3H:475668262	475668262	FALSE
betaglucan	betaglucan_L03	1	3H:475668272	475668272	FALSE
betaglucan	betaglucan_L03	1	3H:475668506	475668506	FALSE
betaglucan	betaglucan_L03	1	3H:475669066	475669066	FALSE
betaglucan	betaglucan_L03	1	3H:475669080	475669080	FALSE
betaglucan	betaglucan_L03	1	3H:475669941	475669941	FALSE
betaglucan	betaglucan_L03	1	3H:475670549	475670549	FALSE
betaglucan	betaglucan_L03	1	3H:475670632	475670632	FALSE
betaglucan	betaglucan_L03	1	3H:475670809	475670809	FALSE
betaglucan	betaglucan_L03	1	3H:475670952	475670952	FALSE
betaglucan	betaglucan_L03	1	3H:475671506	475671506	FALSE
betaglucan	betaglucan_L03	1	3H:475671637	475671637	FALSE
betaglucan	betaglucan_L03	1	3H:475671711	475671711	FALSE
betaglucan	betaglucan_L03	1	3H:475671793	475671793	FALSE
betaglucan	betaglucan_L03	1	3H:475672229	475672229	FALSE
betaglucan	betaglucan_L03	1	3H:475672296	475672296	FALSE
betaglucan	betaglucan_L03	1	3H:475672616	475672616	FALSE
betaglucan	betaglucan_L03	1	3H:475672657	475672657	FALSE
betaglucan	betaglucan_L03	1	3H:475672705	475672705	FALSE
betaglucan	betaglucan_L03	1	3H:475672759	475672759	FALSE
betaglucan	betaglucan_L03	1	3H:475672785	475672785	FALSE
betaglucan	betaglucan_L03	1	3H:475672833	475672833	FALSE
betaglucan	betaglucan_L03	1	3H:475673444	475673444	FALSE
betaglucan	betaglucan_L03	1	3H:475682055	475682055	FALSE
betaglucan	betaglucan_L03	1	3H:475682217	475682217	FALSE
betaglucan	betaglucan_L03	1	3H:475682266	475682266	FALSE
betaglucan	betaglucan_L03	1	3H:475682904	475682904	FALSE
betaglucan	betaglucan_L03	1	3H:475683619	475683619	FALSE
betaglucan	betaglucan_L03	1	3H:475684174	475684174	FALSE
betaglucan	betaglucan_L03	1	3H:475684638	475684638	FALSE
betaglucan	betaglucan_L03	1	3H:475684639	475684639	FALSE
betaglucan	betaglucan_L03	1	3H:475685427	475685427	FALSE
betaglucan	betaglucan_L03	1	3H:475695284	475695284	FALSE
betaglucan	betaglucan_L03	1	3H:475695533	475695533	FALSE
betaglucan	betaglucan_L03	1	3H:475696057	475696057	FALSE
betaglucan	betaglucan_L03	1	3H:475696123	475696123	FALSE
betaglucan	betaglucan_L03	1	3H:475696661	475696661	FALSE
betaglucan	betaglucan_L03	1	3H:475697092	475697092	FALSE
betaglucan	betaglucan_L03	1	3H:475697180	475697180	FALSE
betaglucan	betaglucan_L03	1	3H:475697197	475697197	FALSE
betaglucan	betaglucan_L03	1	3H:475697452	475697452	FALSE
betaglucan	betaglucan_L03	1	3H:475697784	475697784	FALSE
betaglucan	betaglucan_L03	1	3H:475697842	475697842	FALSE
betaglucan	betaglucan_L03	1	3H:475698311	475698311	FALSE
betaglucan	betaglucan_L03	1	3H:475698723	475698723	FALSE
betaglucan	betaglucan_L03	1	3H:475698820	475698820	FALSE
betaglucan	betaglucan_L03	1	3H:475699513	475699513	FALSE
betaglucan	betaglucan_L03	1	3H:475699635	475699635	FALSE
betaglucan	betaglucan_L03	1	3H:475699703	475699703	FALSE
betaglucan	betaglucan_L03	1	3H:475713256	475713256	FALSE
betaglucan	betaglucan_L03	1	3H:475751084	475751084	FALSE
betaglucan	betaglucan_L03	1	3H:475752400	475752400	FALSE
betaglucan	betaglucan_L03	1	3H:475753219	475753219	FALSE
betaglucan	betaglucan_L03	1	3H:475753323	475753323	FALSE
betaglucan	betaglucan_L03	1	3H:475753603	475753603	FALSE
betaglucan	betaglucan_L03	1	3H:475756423	475756423	FALSE
betaglucan	betaglucan_L03	1	3H:475757788	475757788	FALSE
betaglucan	betaglucan_L03	1	3H:475758607	475758607	FALSE
betaglucan	betaglucan_L03	1	3H:475758647	475758647	FALSE
betaglucan	betaglucan_L03	1	3H:475758713	475758713	FALSE
betaglucan	betaglucan_L03	1	3H:475761362	475761362	FALSE
betaglucan	betaglucan_L03	1	3H:475761733	475761733	FALSE
betaglucan	betaglucan_L03	1	3H:475761831	475761831	FALSE
betaglucan	betaglucan_L03	1	3H:475761914	475761914	FALSE
betaglucan	betaglucan_L03	1	3H:475761917	475761917	FALSE
betaglucan	betaglucan_L03	1	3H:475761942	475761942	FALSE
betaglucan	betaglucan_L03	1	3H:475761996	475761996	FALSE
betaglucan	betaglucan_L03	1	3H:475762089	475762089	FALSE
betaglucan	betaglucan_L03	1	3H:475762096	475762096	FALSE
betaglucan	betaglucan_L03	1	3H:475762225	475762225	FALSE
betaglucan	betaglucan_L03	1	3H:475762265	475762265	FALSE
betaglucan	betaglucan_L03	1	3H:475762318	475762318	FALSE
betaglucan	betaglucan_L03	1	3H:475762477	475762477	FALSE
betaglucan	betaglucan_L03	1	3H:475762633	475762633	FALSE
betaglucan	betaglucan_L03	1	3H:475762650	475762650	FALSE
betaglucan	betaglucan_L03	1	3H:475762872	475762872	FALSE
betaglucan	betaglucan_L03	1	3H:475763001	475763001	FALSE
betaglucan	betaglucan_L03	1	3H:475763275	475763275	FALSE
betaglucan	betaglucan_L03	1	3H:475763398	475763398	FALSE
betaglucan	betaglucan_L03	1	3H:475763570	475763570	FALSE
betaglucan	betaglucan_L03	1	3H:475764487	475764487	FALSE
betaglucan	betaglucan_L03	1	3H:475765048	475765048	FALSE
betaglucan	betaglucan_L03	1	3H:475765095	475765095	FALSE
betaglucan	betaglucan_L03	1	3H:475765245	475765245	FALSE
betaglucan	betaglucan_L03	1	3H:475765293	475765293	FALSE
betaglucan	betaglucan_L03	1	3H:475766260	475766260	FALSE
betaglucan	betaglucan_L03	1	3H:475766351	475766351	FALSE
betaglucan	betaglucan_L03	1	3H:475766510	475766510	FALSE
betaglucan	betaglucan_L03	1	3H:475766532	475766532	FALSE
betaglucan	betaglucan_L03	1	3H:475766555	475766555	FALSE
betaglucan	betaglucan_L03	1	3H:475766571	475766571	FALSE
betaglucan	betaglucan_L03	1	3H:475766973	475766973	FALSE
betaglucan	betaglucan_L03	1	3H:475767205	475767205	FALSE
betaglucan	betaglucan_L03	1	3H:475767318	475767318	FALSE
betaglucan	betaglucan_L03	1	3H:475767581	475767581	FALSE
betaglucan	betaglucan_L03	1	3H:475767680	475767680	FALSE
betaglucan	betaglucan_L03	1	3H:475768423	475768423	FALSE
betaglucan	betaglucan_L03	1	3H:475768568	475768568	FALSE
betaglucan	betaglucan_L03	1	3H:475768570	475768570	FALSE
betaglucan	betaglucan_L03	1	3H:475768648	475768648	FALSE
betaglucan	betaglucan_L03	1	3H:475769017	475769017	FALSE
betaglucan	betaglucan_L03	1	3H:475769028	475769028	FALSE
betaglucan	betaglucan_L03	1	3H:475769093	475769093	FALSE
betaglucan	betaglucan_L03	1	3H:475769399	475769399	FALSE
betaglucan	betaglucan_L03	1	3H:475769665	475769665	FALSE
betaglucan	betaglucan_L03	1	3H:475769959	475769959	FALSE
betaglucan	betaglucan_L03	1	3H:475770043	475770043	FALSE
betaglucan	betaglucan_L03	1	3H:475770081	475770081	FALSE
betaglucan	betaglucan_L03	1	3H:475770111	475770111	FALSE
betaglucan	betaglucan_L03	1	3H:475770201	475770201	FALSE
betaglucan	betaglucan_L03	1	3H:475770232	475770232	FALSE
betaglucan	betaglucan_L03	1	3H:475770254	475770254	FALSE
betaglucan	betaglucan_L03	1	3H:475770258	475770258	FALSE
betaglucan	betaglucan_L03	1	3H:475770291	475770291	FALSE
betaglucan	betaglucan_L03	1	3H:475770300	475770300	FALSE
betaglucan	betaglucan_L03	1	3H:475770391	475770391	FALSE
betaglucan	betaglucan_L03	1	3H:475770706	475770706	FALSE
betaglucan	betaglucan_L03	1	3H:475771408	475771408	FALSE
betaglucan	betaglucan_L03	1	3H:475771418	475771418	FALSE
betaglucan	betaglucan_L03	1	3H:475786880	475786880	FALSE
betaglucan	betaglucan_L03	1	3H:475788966	475788966	FALSE
betaglucan	betaglucan_L03	1	3H:475788975	475788975	FALSE
betaglucan	betaglucan_L03	1	3H:475789247	475789247	FALSE
betaglucan	betaglucan_L03	1	3H:475789248	475789248	FALSE
betaglucan	betaglucan_L03	1	3H:475789900	475789900	FALSE
betaglucan	betaglucan_L03	1	3H:475790139	475790139	FALSE
betaglucan	betaglucan_L03	1	3H:475790633	475790633	FALSE
betaglucan	betaglucan_L03	1	3H:475790703	475790703	FALSE
betaglucan	betaglucan_L03	1	3H:475791171	475791171	FALSE
betaglucan	betaglucan_L03	1	3H:475791209	475791209	FALSE
betaglucan	betaglucan_L03	1	3H:475791282	475791282	FALSE
betaglucan	betaglucan_L03	1	3H:475791844	475791844	FALSE
betaglucan	betaglucan_L03	1	3H:475792234	475792234	FALSE
betaglucan	betaglucan_L03	1	3H:475792361	475792361	FALSE
betaglucan	betaglucan_L03	1	3H:475793543	475793543	FALSE
betaglucan	betaglucan_L03	1	3H:475793645	475793645	FALSE
betaglucan	betaglucan_L03	1	3H:475793786	475793786	FALSE
betaglucan	betaglucan_L03	1	3H:475793977	475793977	FALSE
betaglucan	betaglucan_L03	1	3H:475794538	475794538	FALSE
betaglucan	betaglucan_L03	1	3H:475794715	475794715	FALSE
betaglucan	betaglucan_L03	1	3H:475794837	475794837	FALSE
betaglucan	betaglucan_L03	1	3H:475795188	475795188	FALSE
betaglucan	betaglucan_L03	1	3H:475795197	475795197	FALSE
betaglucan	betaglucan_L03	1	3H:475795860	475795860	FALSE
betaglucan	betaglucan_L03	1	3H:475796600	475796600	FALSE
betaglucan	betaglucan_L03	1	3H:475797087	475797087	FALSE
betaglucan	betaglucan_L03	1	3H:475797154	475797154	FALSE
betaglucan	betaglucan_L03	1	3H:475797387	475797387	FALSE
betaglucan	betaglucan_L03	1	3H:475797720	475797720	FALSE
betaglucan	betaglucan_L03	1	3H:475797733	475797733	FALSE
betaglucan	betaglucan_L03	1	3H:475797789	475797789	FALSE
betaglucan	betaglucan_L03	1	3H:475798694	475798694	FALSE
betaglucan	betaglucan_L03	1	3H:475798786	475798786	FALSE
betaglucan	betaglucan_L03	1	3H:475798896	475798896	FALSE
betaglucan	betaglucan_L03	1	3H:475799727	475799727	FALSE
betaglucan	betaglucan_L03	1	3H:475799734	475799734	FALSE
betaglucan	betaglucan_L03	1	3H:475800183	475800183	FALSE
betaglucan	betaglucan_L03	1	3H:475800303	475800303	FALSE
betaglucan	betaglucan_L03	1	3H:475800797	475800797	FALSE
betaglucan	betaglucan_L03	1	3H:475800961	475800961	FALSE
betaglucan	betaglucan_L03	1	3H:475801106	475801106	FALSE
betaglucan	betaglucan_L03	1	3H:475801161	475801161	FALSE
betaglucan	betaglucan_L03	1	3H:475801177	475801177	FALSE
betaglucan	betaglucan_L03	1	3H:475801241	475801241	FALSE
betaglucan	betaglucan_L03	1	3H:475801472	475801472	FALSE
betaglucan	betaglucan_L03	1	3H:475801520	475801520	FALSE
betaglucan	betaglucan_L03	1	3H:475801661	475801661	FALSE
betaglucan	betaglucan_L03	1	3H:475801920	475801920	FALSE
betaglucan	betaglucan_L03	1	3H:475802526	475802526	FALSE
betaglucan	betaglucan_L03	1	3H:475802645	475802645	FALSE
betaglucan	betaglucan_L03	1	3H:475802883	475802883	FALSE
betaglucan	betaglucan_L03	1	3H:475802958	475802958	FALSE
betaglucan	betaglucan_L03	1	3H:475803654	475803654	FALSE
betaglucan	betaglucan_L03	1	3H:475803659	475803659	FALSE
betaglucan	betaglucan_L03	1	3H:475803677	475803677	FALSE
betaglucan	betaglucan_L03	1	3H:475804595	475804595	FALSE
betaglucan	betaglucan_L03	1	3H:475805378	475805378	FALSE
betaglucan	betaglucan_L03	1	3H:475805489	475805489	FALSE
betaglucan	betaglucan_L03	1	3H:475805705	475805705	FALSE
betaglucan	betaglucan_L03	1	3H:475819562	475819562	FALSE
betaglucan	betaglucan_L03	1	3H:475820635	475820635	FALSE
betaglucan	betaglucan_L03	1	3H:475820687	475820687	FALSE
betaglucan	betaglucan_L03	1	3H:475823538	475823538	FALSE
betaglucan	betaglucan_L03	1	3H:475823721	475823721	FALSE
betaglucan	betaglucan_L03	1	3H:475823934	475823934	FALSE
betaglucan	betaglucan_L03	1	3H:475824017	475824017	FALSE
betaglucan	betaglucan_L03	1	3H:475824218	475824218	FALSE
betaglucan	betaglucan_L03	1	3H:475824260	475824260	FALSE
betaglucan	betaglucan_L03	1	3H:475824341	475824341	FALSE
betaglucan	betaglucan_L03	1	3H:475824494	475824494	FALSE
betaglucan	betaglucan_L03	1	3H:475824497	475824497	FALSE
betaglucan	betaglucan_L03	1	3H:475825090	475825090	FALSE
betaglucan	betaglucan_L03	1	3H:475825502	475825502	FALSE
betaglucan	betaglucan_L03	1	3H:475825692	475825692	FALSE
betaglucan	betaglucan_L03	1	3H:475825737	475825737	FALSE
betaglucan	betaglucan_L03	1	3H:475826453	475826453	FALSE
betaglucan	betaglucan_L03	1	3H:475827555	475827555	FALSE
betaglucan	betaglucan_L03	1	3H:475827570	475827570	FALSE
betaglucan	betaglucan_L03	1	3H:475827998	475827998	FALSE
betaglucan	betaglucan_L03	1	3H:475828005	475828005	FALSE
betaglucan	betaglucan_L03	1	3H:475828529	475828529	FALSE
betaglucan	betaglucan_L03	1	3H:475828602	475828602	FALSE
betaglucan	betaglucan_L03	1	3H:475828833	475828833	FALSE
betaglucan	betaglucan_L03	1	3H:475828835	475828835	FALSE
betaglucan	betaglucan_L03	1	3H:475828882	475828882	FALSE
betaglucan	betaglucan_L03	1	3H:475828994	475828994	FALSE
betaglucan	betaglucan_L03	1	3H:475829242	475829242	FALSE
betaglucan	betaglucan_L03	1	3H:475829684	475829684	FALSE
betaglucan	betaglucan_L03	1	3H:475829902	475829902	FALSE
betaglucan	betaglucan_L03	1	3H:475829930	475829930	FALSE
betaglucan	betaglucan_L03	1	3H:475830095	475830095	FALSE
betaglucan	betaglucan_L03	1	3H:475830262	475830262	FALSE
betaglucan	betaglucan_L03	1	3H:475830729	475830729	FALSE
betaglucan	betaglucan_L03	1	3H:475830945	475830945	FALSE
betaglucan	betaglucan_L03	1	3H:475831007	475831007	FALSE
betaglucan	betaglucan_L03	1	3H:475831259	475831259	FALSE
betaglucan	betaglucan_L03	1	3H:475831272	475831272	FALSE
betaglucan	betaglucan_L03	1	3H:475831377	475831377	FALSE
betaglucan	betaglucan_L03	1	3H:475831472	475831472	FALSE
betaglucan	betaglucan_L03	1	3H:475831526	475831526	FALSE
betaglucan	betaglucan_L03	1	3H:475831858	475831858	FALSE
betaglucan	betaglucan_L03	1	3H:475832821	475832821	FALSE
betaglucan	betaglucan_L03	1	3H:475833339	475833339	FALSE
betaglucan	betaglucan_L03	1	3H:475833460	475833460	FALSE
betaglucan	betaglucan_L03	1	3H:475834324	475834324	FALSE
betaglucan	betaglucan_L03	1	3H:475835070	475835070	FALSE
betaglucan	betaglucan_L03	1	3H:475835487	475835487	FALSE
betaglucan	betaglucan_L03	1	3H:475835571	475835571	FALSE
betaglucan	betaglucan_L03	1	3H:475837393	475837393	FALSE
betaglucan	betaglucan_L03	1	3H:475837415	475837415	FALSE
betaglucan	betaglucan_L03	1	3H:475837422	475837422	FALSE
betaglucan	betaglucan_L03	1	3H:475837439	475837439	FALSE
betaglucan	betaglucan_L03	1	3H:475837691	475837691	FALSE
betaglucan	betaglucan_L03	1	3H:475837796	475837796	FALSE
betaglucan	betaglucan_L03	1	3H:475837968	475837968	FALSE
betaglucan	betaglucan_L03	1	3H:475838720	475838720	FALSE
betaglucan	betaglucan_L03	1	3H:475838837	475838837	FALSE
betaglucan	betaglucan_L03	1	3H:475839048	475839048	FALSE
betaglucan	betaglucan_L03	1	3H:475839664	475839664	FALSE
betaglucan	betaglucan_L03	1	3H:475839696	475839696	FALSE
betaglucan	betaglucan_L03	1	3H:475839882	475839882	FALSE
betaglucan	betaglucan_L03	1	3H:475839976	475839976	FALSE
betaglucan	betaglucan_L03	1	3H:475840001	475840001	FALSE
betaglucan	betaglucan_L03	1	3H:475840028	475840028	FALSE
betaglucan	betaglucan_L03	1	3H:475840198	475840198	FALSE
betaglucan	betaglucan_L03	1	3H:475840828	475840828	FALSE
betaglucan	betaglucan_L03	1	3H:475840839	475840839	FALSE
betaglucan	betaglucan_L03	1	3H:475840860	475840860	FALSE
betaglucan	betaglucan_L03	1	3H:475842001	475842001	FALSE
betaglucan	betaglucan_L03	1	3H:475842393	475842393	FALSE
betaglucan	betaglucan_L03	1	3H:475842618	475842618	FALSE
betaglucan	betaglucan_L03	1	3H:475843039	475843039	FALSE
betaglucan	betaglucan_L03	1	3H:475843264	475843264	FALSE
betaglucan	betaglucan_L03	1	3H:475843316	475843316	FALSE
betaglucan	betaglucan_L03	1	3H:475843373	475843373	FALSE
betaglucan	betaglucan_L03	1	3H:475844164	475844164	FALSE
betaglucan	betaglucan_L03	1	3H:475844953	475844953	FALSE
betaglucan	betaglucan_L03	1	3H:475844996	475844996	FALSE
betaglucan	betaglucan_L03	1	3H:475845220	475845220	FALSE
betaglucan	betaglucan_L03	1	3H:475845394	475845394	FALSE
betaglucan	betaglucan_L03	1	3H:475845413	475845413	FALSE
betaglucan	betaglucan_L03	1	3H:475845434	475845434	FALSE
betaglucan	betaglucan_L03	1	3H:475845767	475845767	FALSE
betaglucan	betaglucan_L03	1	3H:475845940	475845940	FALSE
betaglucan	betaglucan_L03	1	3H:475846645	475846645	FALSE
betaglucan	betaglucan_L03	1	3H:475846959	475846959	FALSE
betaglucan	betaglucan_L03	1	3H:475846988	475846988	FALSE
betaglucan	betaglucan_L03	1	3H:475847011	475847011	FALSE
betaglucan	betaglucan_L03	1	3H:475847910	475847910	FALSE
betaglucan	betaglucan_L03	1	3H:475848242	475848242	FALSE
betaglucan	betaglucan_L03	1	3H:475849253	475849253	FALSE
betaglucan	betaglucan_L03	1	3H:475849327	475849327	FALSE
betaglucan	betaglucan_L03	1	3H:475849329	475849329	FALSE
betaglucan	betaglucan_L03	1	3H:475850028	475850028	FALSE
betaglucan	betaglucan_L03	1	3H:475851198	475851198	FALSE
betaglucan	betaglucan_L03	1	3H:475853006	475853006	FALSE
betaglucan	betaglucan_L03	1	3H:475855518	475855518	FALSE
betaglucan	betaglucan_L03	1	3H:475859243	475859243	FALSE
betaglucan	betaglucan_L03	1	3H:475859592	475859592	FALSE
betaglucan	betaglucan_L03	1	3H:475859999	475859999	FALSE
betaglucan	betaglucan_L03	1	3H:475860050	475860050	FALSE
betaglucan	betaglucan_L03	1	3H:475860223	475860223	FALSE
betaglucan	betaglucan_L03	1	3H:475860267	475860267	FALSE
betaglucan	betaglucan_L03	1	3H:475860321	475860321	FALSE
betaglucan	betaglucan_L03	1	3H:475860343	475860343	FALSE
betaglucan	betaglucan_L03	1	3H:475860787	475860787	FALSE
betaglucan	betaglucan_L03	1	3H:475860826	475860826	FALSE
betaglucan	betaglucan_L03	1	3H:475861334	475861334	FALSE
betaglucan	betaglucan_L03	1	3H:475863773	475863773	FALSE
betaglucan	betaglucan_L03	1	3H:475865263	475865263	FALSE
betaglucan	betaglucan_L03	1	3H:475865270	475865270	FALSE
betaglucan	betaglucan_L03	1	3H:475865273	475865273	FALSE
betaglucan	betaglucan_L03	1	3H:475865523	475865523	FALSE
betaglucan	betaglucan_L03	1	3H:475866359	475866359	FALSE
betaglucan	betaglucan_L03	1	3H:475866922	475866922	FALSE
betaglucan	betaglucan_L03	1	3H:475867375	475867375	FALSE
betaglucan	betaglucan_L03	1	3H:475867448	475867448	FALSE
betaglucan	betaglucan_L03	1	3H:475867481	475867481	FALSE
betaglucan	betaglucan_L03	1	3H:475867536	475867536	FALSE
betaglucan	betaglucan_L03	1	3H:475867688	475867688	FALSE
betaglucan	betaglucan_L03	1	3H:475868000	475868000	FALSE
betaglucan	betaglucan_L03	1	3H:475868042	475868042	FALSE
betaglucan	betaglucan_L03	1	3H:475868053	475868053	FALSE
betaglucan	betaglucan_L03	1	3H:475868104	475868104	FALSE
betaglucan	betaglucan_L03	1	3H:475868312	475868312	FALSE
betaglucan	betaglucan_L03	1	3H:475868322	475868322	FALSE
betaglucan	betaglucan_L03	1	3H:475868463	475868463	FALSE
betaglucan	betaglucan_L03	1	3H:475868590	475868590	FALSE
betaglucan	betaglucan_L03	1	3H:475869037	475869037	FALSE
betaglucan	betaglucan_L03	1	3H:475869039	475869039	FALSE
betaglucan	betaglucan_L03	1	3H:475869635	475869635	FALSE
betaglucan	betaglucan_L03	1	3H:475869668	475869668	FALSE
betaglucan	betaglucan_L03	1	3H:475869779	475869779	FALSE
betaglucan	betaglucan_L03	1	3H:475869873	475869873	FALSE
betaglucan	betaglucan_L03	1	3H:475869885	475869885	FALSE
betaglucan	betaglucan_L03	1	3H:475870094	475870094	FALSE
betaglucan	betaglucan_L03	1	3H:475870402	475870402	FALSE
betaglucan	betaglucan_L03	1	3H:475870506	475870506	FALSE
betaglucan	betaglucan_L03	1	3H:475870586	475870586	FALSE
betaglucan	betaglucan_L03	1	3H:475870715	475870715	FALSE
betaglucan	betaglucan_L03	1	3H:475870927	475870927	FALSE
betaglucan	betaglucan_L03	1	3H:475871659	475871659	FALSE
betaglucan	betaglucan_L03	1	3H:475871665	475871665	FALSE
betaglucan	betaglucan_L03	1	3H:475871846	475871846	FALSE
betaglucan	betaglucan_L03	1	3H:475871848	475871848	FALSE
betaglucan	betaglucan_L03	1	3H:475871878	475871878	FALSE
betaglucan	betaglucan_L03	1	3H:475871969	475871969	FALSE
betaglucan	betaglucan_L03	1	3H:475871988	475871988	FALSE
betaglucan	betaglucan_L03	1	3H:475872044	475872044	FALSE
betaglucan	betaglucan_L03	1	3H:475872684	475872684	FALSE
betaglucan	betaglucan_L03	1	3H:475872747	475872747	FALSE
betaglucan	betaglucan_L03	1	3H:475872823	475872823	FALSE
betaglucan	betaglucan_L03	1	3H:475872837	475872837	FALSE
betaglucan	betaglucan_L03	1	3H:475872929	475872929	FALSE
betaglucan	betaglucan_L03	1	3H:475872938	475872938	FALSE
betaglucan	betaglucan_L03	1	3H:475872971	475872971	FALSE
betaglucan	betaglucan_L03	1	3H:475873057	475873057	FALSE
betaglucan	betaglucan_L03	1	3H:475873069	475873069	FALSE
betaglucan	betaglucan_L03	1	3H:475873081	475873081	FALSE
betaglucan	betaglucan_L03	1	3H:475873446	475873446	FALSE
betaglucan	betaglucan_L03	1	3H:475873455	475873455	FALSE
betaglucan	betaglucan_L03	1	3H:475873518	475873518	FALSE
betaglucan	betaglucan_L03	1	3H:475873694	475873694	FALSE
betaglucan	betaglucan_L03	1	3H:475874019	475874019	FALSE
betaglucan	betaglucan_L03	1	3H:475874104	475874104	FALSE
betaglucan	betaglucan_L03	1	3H:475874136	475874136	FALSE
betaglucan	betaglucan_L03	1	3H:475874157	475874157	FALSE
betaglucan	betaglucan_L03	1	3H:475874186	475874186	FALSE
betaglucan	betaglucan_L03	1	3H:475874202	475874202	FALSE
betaglucan	betaglucan_L03	1	3H:475874494	475874494	FALSE
betaglucan	betaglucan_L03	1	3H:475874529	475874529	FALSE
betaglucan	betaglucan_L03	1	3H:475874548	475874548	FALSE
betaglucan	betaglucan_L03	1	3H:475874629	475874629	FALSE
betaglucan	betaglucan_L03	1	3H:475874648	475874648	FALSE
betaglucan	betaglucan_L03	1	3H:475874914	475874914	FALSE
betaglucan	betaglucan_L03	1	3H:475875056	475875056	FALSE
betaglucan	betaglucan_L03	1	3H:475875080	475875080	FALSE
betaglucan	betaglucan_L03	1	3H:475875141	475875141	FALSE
betaglucan	betaglucan_L03	1	3H:475875274	475875274	FALSE
betaglucan	betaglucan_L03	1	3H:475875331	475875331	FALSE
betaglucan	betaglucan_L03	1	3H:475875334	475875334	FALSE
betaglucan	betaglucan_L03	1	3H:475875412	475875412	FALSE
betaglucan	betaglucan_L03	1	3H:475875424	475875424	FALSE
betaglucan	betaglucan_L03	1	3H:475875426	475875426	FALSE
betaglucan	betaglucan_L03	1	3H:475876847	475876847	FALSE
betaglucan	betaglucan_L03	1	3H:475876857	475876857	FALSE
betaglucan	betaglucan_L03	1	3H:475876998	475876998	FALSE
betaglucan	betaglucan_L03	1	3H:475877013	475877013	FALSE
betaglucan	betaglucan_L03	1	3H:475877076	475877076	FALSE
betaglucan	betaglucan_L03	1	3H:475877585	475877585	FALSE
betaglucan	betaglucan_L03	1	3H:475878006	475878006	FALSE
betaglucan	betaglucan_L03	1	3H:475878025	475878025	FALSE
betaglucan	betaglucan_L03	1	3H:475879438	475879438	FALSE
betaglucan	betaglucan_L03	1	3H:475879440	475879440	FALSE
betaglucan	betaglucan_L03	1	3H:475879692	475879692	FALSE
betaglucan	betaglucan_L03	1	3H:475879857	475879857	FALSE
betaglucan	betaglucan_L03	1	3H:475879868	475879868	FALSE
betaglucan	betaglucan_L03	1	3H:475879908	475879908	FALSE
betaglucan	betaglucan_L03	1	3H:475879974	475879974	FALSE
betaglucan	betaglucan_L03	1	3H:475880111	475880111	FALSE
betaglucan	betaglucan_L03	1	3H:475882194	475882194	FALSE
betaglucan	betaglucan_L03	1	3H:475882254	475882254	FALSE
betaglucan	betaglucan_L03	1	3H:475890483	475890483	FALSE
betaglucan	betaglucan_L03	1	3H:475890526	475890526	FALSE
betaglucan	betaglucan_L03	1	3H:475890547	475890547	FALSE
betaglucan	betaglucan_L03	1	3H:475890725	475890725	FALSE
betaglucan	betaglucan_L03	1	3H:475891235	475891235	FALSE
betaglucan	betaglucan_L03	1	3H:475891239	475891239	FALSE
betaglucan	betaglucan_L03	1	3H:475891376	475891376	FALSE
betaglucan	betaglucan_L03	1	3H:475891422	475891422	FALSE
betaglucan	betaglucan_L03	1	3H:475891591	475891591	FALSE
betaglucan	betaglucan_L03	1	3H:475891633	475891633	FALSE
betaglucan	betaglucan_L03	1	3H:475891670	475891670	FALSE
betaglucan	betaglucan_L03	1	3H:475891684	475891684	FALSE
betaglucan	betaglucan_L03	1	3H:475892443	475892443	FALSE
betaglucan	betaglucan_L03	1	3H:475892903	475892903	FALSE
betaglucan	betaglucan_L03	1	3H:475917799	475917799	FALSE
betaglucan	betaglucan_L03	1	3H:475917937	475917937	FALSE
betaglucan	betaglucan_L03	1	3H:475917938	475917938	FALSE
betaglucan	betaglucan_L03	1	3H:475918168	475918168	FALSE
betaglucan	betaglucan_L03	1	3H:475918240	475918240	FALSE
betaglucan	betaglucan_L03	1	3H:475918374	475918374	FALSE
betaglucan	betaglucan_L03	1	3H:475918430	475918430	FALSE
betaglucan	betaglucan_L03	1	3H:475918544	475918544	FALSE
betaglucan	betaglucan_L03	1	3H:475918576	475918576	FALSE
betaglucan	betaglucan_L03	1	3H:475918643	475918643	FALSE
betaglucan	betaglucan_L03	1	3H:475918714	475918714	FALSE
betaglucan	betaglucan_L03	1	3H:475920063	475920063	FALSE
betaglucan	betaglucan_L03	1	3H:475920302	475920302	FALSE
betaglucan	betaglucan_L03	1	3H:475920324	475920324	FALSE
betaglucan	betaglucan_L03	1	3H:475920339	475920339	FALSE
betaglucan	betaglucan_L03	1	3H:475920407	475920407	FALSE
betaglucan	betaglucan_L03	1	3H:475920466	475920466	FALSE
betaglucan	betaglucan_L03	1	3H:475928691	475928691	FALSE
betaglucan	betaglucan_L03	1	3H:475928870	475928870	FALSE
betaglucan	betaglucan_L03	1	3H:475928879	475928879	FALSE
betaglucan	betaglucan_L03	1	3H:475928915	475928915	FALSE
betaglucan	betaglucan_L03	1	3H:475928997	475928997	FALSE
betaglucan	betaglucan_L03	1	3H:475929054	475929054	FALSE
betaglucan	betaglucan_L03	1	3H:475929073	475929073	FALSE
betaglucan	betaglucan_L03	1	3H:475929093	475929093	FALSE
betaglucan	betaglucan_L03	1	3H:475929127	475929127	FALSE
betaglucan	betaglucan_L03	1	3H:475929186	475929186	FALSE
betaglucan	betaglucan_L03	1	3H:475929251	475929251	FALSE
betaglucan	betaglucan_L03	1	3H:475929407	475929407	FALSE
betaglucan	betaglucan_L03	1	3H:475929429	475929429	FALSE
betaglucan	betaglucan_L03	1	3H:475929435	475929435	FALSE
betaglucan	betaglucan_L03	1	3H:475929610	475929610	FALSE
betaglucan	betaglucan_L03	1	3H:475929650	475929650	FALSE
betaglucan	betaglucan_L03	1	3H:475929745	475929745	FALSE
betaglucan	betaglucan_L03	1	3H:475929789	475929789	FALSE
betaglucan	betaglucan_L03	1	3H:475929797	475929797	FALSE
betaglucan	betaglucan_L03	1	3H:475932315	475932315	FALSE
betaglucan	betaglucan_L03	1	3H:475932344	475932344	FALSE
betaglucan	betaglucan_L03	1	3H:475932411	475932411	FALSE
betaglucan	betaglucan_L03	1	3H:475932871	475932871	FALSE
betaglucan	betaglucan_L03	1	3H:475935493	475935493	FALSE
betaglucan	betaglucan_L03	1	3H:475935597	475935597	FALSE
betaglucan	betaglucan_L03	1	3H:475935644	475935644	FALSE
betaglucan	betaglucan_L03	1	3H:475935694	475935694	FALSE
betaglucan	betaglucan_L03	1	3H:475936050	475936050	FALSE
betaglucan	betaglucan_L03	1	3H:475936082	475936082	FALSE
betaglucan	betaglucan_L03	1	3H:475936162	475936162	FALSE
betaglucan	betaglucan_L03	1	3H:475938651	475938651	FALSE
betaglucan	betaglucan_L03	1	3H:475938691	475938691	FALSE
betaglucan	betaglucan_L03	1	3H:475938897	475938897	FALSE
betaglucan	betaglucan_L03	1	3H:475938906	475938906	FALSE
betaglucan	betaglucan_L03	1	3H:475938916	475938916	FALSE
betaglucan	betaglucan_L03	1	3H:475939525	475939525	FALSE
betaglucan	betaglucan_L03	1	3H:475939536	475939536	FALSE
betaglucan	betaglucan_L03	1	3H:475939537	475939537	FALSE
betaglucan	betaglucan_L03	1	3H:475939557	475939557	FALSE
betaglucan	betaglucan_L03	1	3H:475939571	475939571	FALSE
betaglucan	betaglucan_L03	1	3H:475939574	475939574	FALSE
betaglucan	betaglucan_L03	1	3H:475939667	475939667	FALSE
betaglucan	betaglucan_L03	1	3H:475939691	475939691	FALSE
betaglucan	betaglucan_L03	1	3H:475939752	475939752	FALSE
betaglucan	betaglucan_L03	1	3H:475939753	475939753	FALSE
betaglucan	betaglucan_L03	1	3H:475940924	475940924	FALSE
betaglucan	betaglucan_L03	1	3H:475941021	475941021	FALSE
betaglucan	betaglucan_L03	1	3H:475941564	475941564	FALSE
betaglucan	betaglucan_L03	1	3H:475941883	475941883	FALSE
betaglucan	betaglucan_L03	1	3H:475941892	475941892	FALSE
betaglucan	betaglucan_L03	1	3H:475942062	475942062	FALSE
betaglucan	betaglucan_L03	1	3H:475942086	475942086	FALSE
betaglucan	betaglucan_L03	1	3H:475942099	475942099	FALSE
betaglucan	betaglucan_L03	1	3H:475942112	475942112	FALSE
betaglucan	betaglucan_L03	1	3H:475942135	475942135	FALSE
betaglucan	betaglucan_L03	1	3H:475942152	475942152	FALSE
betaglucan	betaglucan_L03	1	3H:475942214	475942214	FALSE
betaglucan	betaglucan_L03	1	3H:475942217	475942217	FALSE
betaglucan	betaglucan_L03	1	3H:475942274	475942274	FALSE
betaglucan	betaglucan_L03	1	3H:475942275	475942275	FALSE
betaglucan	betaglucan_L03	1	3H:475942292	475942292	FALSE
betaglucan	betaglucan_L03	1	3H:475943613	475943613	FALSE
betaglucan	betaglucan_L03	1	3H:475943919	475943919	FALSE
betaglucan	betaglucan_L03	1	3H:475943988	475943988	FALSE
betaglucan	betaglucan_L03	1	3H:475944043	475944043	FALSE
betaglucan	betaglucan_L03	1	3H:475944134	475944134	FALSE
betaglucan	betaglucan_L03	1	3H:475944207	475944207	FALSE
betaglucan	betaglucan_L03	1	3H:475944461	475944461	FALSE
betaglucan	betaglucan_L03	1	3H:475944526	475944526	FALSE
betaglucan	betaglucan_L03	1	3H:475944545	475944545	FALSE
betaglucan	betaglucan_L03	1	3H:475944595	475944595	FALSE
betaglucan	betaglucan_L03	1	3H:475944795	475944795	FALSE
betaglucan	betaglucan_L03	1	3H:475945576	475945576	FALSE
betaglucan	betaglucan_L03	1	3H:475945579	475945579	FALSE
betaglucan	betaglucan_L03	1	3H:475945863	475945863	FALSE
betaglucan	betaglucan_L03	1	3H:475946450	475946450	FALSE
betaglucan	betaglucan_L03	1	3H:475946555	475946555	FALSE
betaglucan	betaglucan_L03	1	3H:475946593	475946593	FALSE
betaglucan	betaglucan_L03	1	3H:475948704	475948704	FALSE
betaglucan	betaglucan_L03	1	3H:475948784	475948784	FALSE
betaglucan	betaglucan_L03	1	3H:475948893	475948893	FALSE
betaglucan	betaglucan_L03	1	3H:475949007	475949007	FALSE
betaglucan	betaglucan_L03	1	3H:475949025	475949025	FALSE
betaglucan	betaglucan_L03	1	3H:475949063	475949063	FALSE
betaglucan	betaglucan_L03	1	3H:475949072	475949072	FALSE
betaglucan	betaglucan_L03	1	3H:475949241	475949241	FALSE
betaglucan	betaglucan_L03	1	3H:475950923	475950923	FALSE
betaglucan	betaglucan_L03	1	3H:475950931	475950931	FALSE
betaglucan	betaglucan_L03	1	3H:475950944	475950944	FALSE
betaglucan	betaglucan_L03	1	3H:475960836	475960836	FALSE
betaglucan	betaglucan_L03	1	3H:475960837	475960837	FALSE
betaglucan	betaglucan_L03	1	3H:475960945	475960945	FALSE
betaglucan	betaglucan_L03	1	3H:475960954	475960954	FALSE
betaglucan	betaglucan_L03	1	3H:475961409	475961409	FALSE
betaglucan	betaglucan_L03	1	3H:475961465	475961465	FALSE
betaglucan	betaglucan_L03	1	3H:475963288	475963288	FALSE
betaglucan	betaglucan_L03	1	3H:475963337	475963337	FALSE
betaglucan	betaglucan_L03	1	3H:475963452	475963452	FALSE
betaglucan	betaglucan_L03	1	3H:475966349	475966349	FALSE
betaglucan	betaglucan_L03	1	3H:475966676	475966676	FALSE
betaglucan	betaglucan_L03	1	3H:475966989	475966989	FALSE
betaglucan	betaglucan_L03	1	3H:475967053	475967053	FALSE
betaglucan	betaglucan_L03	1	3H:475967107	475967107	FALSE
betaglucan	betaglucan_L03	1	3H:475967261	475967261	FALSE
betaglucan	betaglucan_L03	1	3H:475967293	475967293	FALSE
betaglucan	betaglucan_L03	1	3H:475967326	475967326	FALSE
betaglucan	betaglucan_L03	1	3H:475967335	475967335	TRUE
betaglucan	betaglucan_L03	1	3H:475967468	475967468	FALSE
betaglucan	betaglucan_L03	1	3H:475967490	475967490	FALSE
betaglucan	betaglucan_L03	1	3H:475968029	475968029	FALSE
betaglucan	betaglucan_L03	1	3H:475968127	475968127	FALSE
betaglucan	betaglucan_L03	1	3H:475968204	475968204	FALSE
betaglucan	betaglucan_L03	1	3H:475968207	475968207	FALSE
betaglucan	betaglucan_L03	1	3H:475968295	475968295	FALSE
betaglucan	betaglucan_L03	1	3H:475968588	475968588	FALSE
betaglucan	betaglucan_L03	1	3H:475968616	475968616	FALSE
betaglucan	betaglucan_L03	1	3H:475969248	475969248	FALSE
betaglucan	betaglucan_L03	1	3H:475969832	475969832	FALSE
betaglucan	betaglucan_L03	1	3H:475969942	475969942	FALSE
betaglucan	betaglucan_L03	1	3H:475970503	475970503	FALSE
betaglucan	betaglucan_L03	1	3H:475970517	475970517	FALSE
betaglucan	betaglucan_L03	1	3H:475970519	475970519	FALSE
betaglucan	betaglucan_L03	1	3H:475970769	475970769	FALSE
betaglucan	betaglucan_L03	1	3H:475970795	475970795	FALSE
betaglucan	betaglucan_L03	1	3H:475970943	475970943	FALSE
betaglucan	betaglucan_L03	1	3H:475971109	475971109	FALSE
betaglucan	betaglucan_L03	1	3H:475971130	475971130	FALSE
betaglucan	betaglucan_L03	1	3H:475971435	475971435	FALSE
betaglucan	betaglucan_L03	1	3H:475971438	475971438	FALSE
betaglucan	betaglucan_L03	1	3H:475971719	475971719	FALSE
betaglucan	betaglucan_L03	1	3H:475971805	475971805	FALSE
betaglucan	betaglucan_L03	1	3H:475971807	475971807	FALSE
betaglucan	betaglucan_L03	1	3H:475971872	475971872	FALSE
betaglucan	betaglucan_L03	1	3H:475971935	475971935	FALSE
betaglucan	betaglucan_L03	1	3H:475971996	475971996	FALSE
betaglucan	betaglucan_L03	1	3H:475972010	475972010	FALSE
betaglucan	betaglucan_L03	1	3H:475972434	475972434	FALSE
betaglucan	betaglucan_L03	1	3H:475972447	475972447	FALSE
betaglucan	betaglucan_L03	1	3H:475972783	475972783	FALSE
betaglucan	betaglucan_L03	1	3H:475972806	475972806	FALSE
betaglucan	betaglucan_L03	1	3H:475974262	475974262	FALSE
betaglucan	betaglucan_L03	1	3H:475974490	475974490	FALSE
betaglucan	betaglucan_L03	1	3H:475974525	475974525	FALSE
betaglucan	betaglucan_L03	1	3H:475974527	475974527	FALSE
betaglucan	betaglucan_L03	1	3H:475974602	475974602	FALSE
betaglucan	betaglucan_L03	1	3H:475974878	475974878	FALSE
betaglucan	betaglucan_L03	1	3H:475976531	475976531	FALSE
betaglucan	betaglucan_L03	1	3H:475976535	475976535	FALSE
betaglucan	betaglucan_L03	1	3H:475976619	475976619	FALSE
betaglucan	betaglucan_L03	1	3H:475977815	475977815	FALSE
betaglucan	betaglucan_L03	1	3H:475977887	475977887	FALSE
betaglucan	betaglucan_L03	1	3H:475978026	475978026	FALSE
betaglucan	betaglucan_L03	1	3H:475978281	475978281	FALSE
betaglucan	betaglucan_L03	1	3H:475978767	475978767	FALSE
betaglucan	betaglucan_L03	1	3H:475978798	475978798	FALSE
betaglucan	betaglucan_L03	1	3H:475978861	475978861	FALSE
betaglucan	betaglucan_L03	1	3H:475978956	475978956	FALSE
betaglucan	betaglucan_L03	1	3H:475979523	475979523	FALSE
betaglucan	betaglucan_L03	1	3H:475980616	475980616	FALSE
betaglucan	betaglucan_L03	1	3H:475980670	475980670	FALSE
betaglucan	betaglucan_L03	1	3H:475980858	475980858	FALSE
betaglucan	betaglucan_L03	1	3H:475981002	475981002	FALSE
betaglucan	betaglucan_L03	1	3H:475981038	475981038	FALSE
betaglucan	betaglucan_L03	1	3H:475981125	475981125	FALSE
betaglucan	betaglucan_L03	1	3H:475981140	475981140	FALSE
betaglucan	betaglucan_L03	1	3H:475981301	475981301	FALSE
betaglucan	betaglucan_L03	1	3H:475981592	475981592	FALSE
betaglucan	betaglucan_L03	1	3H:475981614	475981614	FALSE
betaglucan	betaglucan_L03	1	3H:475981663	475981663	FALSE
betaglucan	betaglucan_L03	1	3H:475981807	475981807	FALSE
betaglucan	betaglucan_L03	1	3H:475982483	475982483	FALSE
betaglucan	betaglucan_L03	1	3H:475982518	475982518	FALSE
betaglucan	betaglucan_L03	1	3H:475982542	475982542	FALSE
betaglucan	betaglucan_L03	1	3H:475982714	475982714	FALSE
betaglucan	betaglucan_L03	1	3H:475982957	475982957	FALSE
betaglucan	betaglucan_L03	1	3H:475983009	475983009	FALSE
betaglucan	betaglucan_L03	1	3H:475985143	475985143	FALSE
betaglucan	betaglucan_L03	1	3H:475985296	475985296	FALSE
betaglucan	betaglucan_L03	1	3H:475985466	475985466	FALSE
betaglucan	betaglucan_L03	1	3H:475985554	475985554	FALSE
betaglucan	betaglucan_L03	1	3H:475985589	475985589	FALSE
betaglucan	betaglucan_L03	1	3H:475990803	475990803	FALSE
betaglucan	betaglucan_L03	1	3H:475993585	475993585	FALSE
betaglucan	betaglucan_L03	1	3H:475993885	475993885	FALSE
betaglucan	betaglucan_L03	1	3H:475993924	475993924	FALSE
betaglucan	betaglucan_L03	1	3H:475993991	475993991	FALSE
betaglucan	betaglucan_L03	1	3H:475997474	475997474	FALSE
betaglucan	betaglucan_L03	1	3H:475997511	475997511	FALSE
betaglucan	betaglucan_L03	1	3H:475997611	475997611	FALSE
betaglucan	betaglucan_L03	1	3H:475997976	475997976	FALSE
betaglucan	betaglucan_L03	1	3H:475997984	475997984	FALSE
betaglucan	betaglucan_L03	1	3H:476007944	476007944	FALSE
betaglucan	betaglucan_L03	1	3H:476007972	476007972	FALSE
betaglucan	betaglucan_L03	1	3H:476008029	476008029	FALSE
betaglucan	betaglucan_L03	1	3H:476008719	476008719	FALSE
betaglucan	betaglucan_L03	1	3H:476008898	476008898	FALSE
betaglucan	betaglucan_L03	1	3H:476009107	476009107	FALSE
betaglucan	betaglucan_L03	1	3H:476009442	476009442	FALSE
betaglucan	betaglucan_L03	1	3H:476009451	476009451	FALSE
betaglucan	betaglucan_L03	1	3H:476009675	476009675	FALSE
betaglucan	betaglucan_L03	1	3H:476010068	476010068	FALSE
betaglucan	betaglucan_L03	1	3H:476010155	476010155	FALSE
betaglucan	betaglucan_L03	1	3H:476010907	476010907	FALSE
betaglucan	betaglucan_L03	1	3H:476010975	476010975	FALSE
betaglucan	betaglucan_L03	1	3H:476011143	476011143	FALSE
betaglucan	betaglucan_L03	1	3H:476011198	476011198	FALSE
betaglucan	betaglucan_L03	1	3H:476011212	476011212	FALSE
betaglucan	betaglucan_L03	1	3H:476011388	476011388	FALSE
betaglucan	betaglucan_L03	1	3H:476011562	476011562	FALSE
betaglucan	betaglucan_L03	1	3H:476013388	476013388	FALSE
betaglucan	betaglucan_L03	1	3H:476013480	476013480	FALSE
betaglucan	betaglucan_L03	1	3H:476013514	476013514	FALSE
betaglucan	betaglucan_L03	1	3H:476013828	476013828	FALSE
betaglucan	betaglucan_L03	1	3H:476014064	476014064	FALSE
betaglucan	betaglucan_L03	1	3H:476015139	476015139	FALSE
betaglucan	betaglucan_L03	1	3H:476015368	476015368	FALSE
betaglucan	betaglucan_L03	1	3H:476015758	476015758	FALSE
betaglucan	betaglucan_L03	1	3H:476015760	476015760	FALSE
betaglucan	betaglucan_L03	1	3H:476015892	476015892	FALSE
betaglucan	betaglucan_L03	1	3H:476016283	476016283	FALSE
betaglucan	betaglucan_L03	1	3H:476016434	476016434	FALSE
betaglucan	betaglucan_L03	1	3H:476016689	476016689	FALSE
betaglucan	betaglucan_L03	1	3H:476017692	476017692	FALSE
betaglucan	betaglucan_L03	1	3H:476017818	476017818	FALSE
betaglucan	betaglucan_L03	1	3H:476017990	476017990	FALSE
betaglucan	betaglucan_L03	1	3H:476018119	476018119	FALSE
betaglucan	betaglucan_L03	1	3H:476018124	476018124	FALSE
betaglucan	betaglucan_L03	1	3H:476018639	476018639	FALSE
betaglucan	betaglucan_L03	1	3H:476018676	476018676	FALSE
betaglucan	betaglucan_L03	1	3H:476018857	476018857	FALSE
betaglucan	betaglucan_L03	1	3H:476018902	476018902	FALSE
betaglucan	betaglucan_L03	1	3H:476019031	476019031	FALSE
betaglucan	betaglucan_L03	1	3H:476019106	476019106	FALSE
betaglucan	betaglucan_L03	1	3H:476019166	476019166	FALSE
betaglucan	betaglucan_L03	1	3H:476019174	476019174	FALSE
betaglucan	betaglucan_L03	1	3H:476019639	476019639	FALSE
betaglucan	betaglucan_L03	1	3H:476019640	476019640	FALSE
betaglucan	betaglucan_L03	1	3H:476019796	476019796	FALSE
betaglucan	betaglucan_L03	1	3H:476019834	476019834	FALSE
betaglucan	betaglucan_L03	1	3H:476019888	476019888	FALSE
betaglucan	betaglucan_L03	1	3H:476020119	476020119	FALSE
betaglucan	betaglucan_L03	1	3H:476020389	476020389	FALSE
betaglucan	betaglucan_L03	1	3H:476020422	476020422	FALSE
betaglucan	betaglucan_L03	1	3H:476020592	476020592	FALSE
betaglucan	betaglucan_L03	1	3H:476020877	476020877	FALSE
betaglucan	betaglucan_L03	1	3H:476021444	476021444	FALSE
betaglucan	betaglucan_L03	1	3H:476022341	476022341	FALSE
betaglucan	betaglucan_L03	1	3H:476022710	476022710	FALSE
betaglucan	betaglucan_L03	1	3H:476022914	476022914	FALSE
betaglucan	betaglucan_L03	1	3H:476023449	476023449	FALSE
betaglucan	betaglucan_L03	1	3H:476023457	476023457	FALSE
betaglucan	betaglucan_L03	1	3H:476023469	476023469	FALSE
betaglucan	betaglucan_L03	1	3H:476023845	476023845	FALSE
betaglucan	betaglucan_L03	1	3H:476024243	476024243	FALSE
betaglucan	betaglucan_L03	1	3H:476027167	476027167	FALSE
betaglucan	betaglucan_L03	1	3H:476027396	476027396	FALSE
betaglucan	betaglucan_L03	1	3H:476027976	476027976	FALSE
betaglucan	betaglucan_L03	1	3H:476027978	476027978	FALSE
betaglucan	betaglucan_L03	1	3H:476030855	476030855	FALSE
betaglucan	betaglucan_L03	1	3H:476035175	476035175	FALSE
betaglucan	betaglucan_L03	1	3H:476035273	476035273	FALSE
betaglucan	betaglucan_L03	1	3H:476035283	476035283	FALSE
betaglucan	betaglucan_L03	1	3H:476035340	476035340	FALSE
betaglucan	betaglucan_L03	1	3H:476035639	476035639	FALSE
betaglucan	betaglucan_L03	1	3H:476035683	476035683	FALSE
betaglucan	betaglucan_L03	1	3H:476039532	476039532	FALSE
betaglucan	betaglucan_L03	1	3H:476041262	476041262	FALSE
betaglucan	betaglucan_L03	1	3H:476041743	476041743	FALSE
betaglucan	betaglucan_L03	1	3H:476042642	476042642	FALSE
betaglucan	betaglucan_L03	1	3H:476042838	476042838	FALSE
betaglucan	betaglucan_L03	1	3H:476042900	476042900	FALSE
betaglucan	betaglucan_L03	1	3H:476055630	476055630	FALSE
betaglucan	betaglucan_L03	1	3H:476055973	476055973	FALSE
betaglucan	betaglucan_L03	1	3H:476055984	476055984	FALSE
betaglucan	betaglucan_L03	1	3H:476056284	476056284	FALSE
betaglucan	betaglucan_L03	1	3H:476056381	476056381	FALSE
betaglucan	betaglucan_L03	1	3H:476056400	476056400	FALSE
betaglucan	betaglucan_L03	1	3H:476056479	476056479	FALSE
betaglucan	betaglucan_L03	1	3H:476056792	476056792	FALSE
betaglucan	betaglucan_L03	1	3H:476056900	476056900	FALSE
betaglucan	betaglucan_L03	1	3H:476057262	476057262	FALSE
betaglucan	betaglucan_L03	1	3H:476057283	476057283	FALSE
betaglucan	betaglucan_L03	1	3H:476057412	476057412	FALSE
betaglucan	betaglucan_L03	1	3H:476057659	476057659	FALSE
betaglucan	betaglucan_L03	1	3H:476057986	476057986	FALSE
betaglucan	betaglucan_L03	1	3H:476058031	476058031	FALSE
betaglucan	betaglucan_L03	1	3H:476058148	476058148	FALSE
betaglucan	betaglucan_L03	1	3H:476058517	476058517	FALSE
betaglucan	betaglucan_L03	1	3H:476058636	476058636	FALSE
betaglucan	betaglucan_L03	1	3H:476058642	476058642	FALSE
betaglucan	betaglucan_L03	1	3H:476058900	476058900	FALSE
betaglucan	betaglucan_L03	1	3H:476059168	476059168	FALSE
betaglucan	betaglucan_L03	1	3H:476059171	476059171	FALSE
betaglucan	betaglucan_L03	1	3H:476059248	476059248	FALSE
betaglucan	betaglucan_L03	1	3H:476059322	476059322	FALSE
betaglucan	betaglucan_L03	1	3H:476059330	476059330	FALSE
betaglucan	betaglucan_L03	1	3H:476059396	476059396	FALSE
betaglucan	betaglucan_L03	1	3H:476060093	476060093	FALSE
betaglucan	betaglucan_L03	1	3H:476060367	476060367	FALSE
betaglucan	betaglucan_L03	1	3H:476060446	476060446	FALSE
betaglucan	betaglucan_L03	1	3H:476060453	476060453	FALSE
betaglucan	betaglucan_L03	1	3H:476060464	476060464	FALSE
betaglucan	betaglucan_L03	1	3H:476060533	476060533	FALSE
betaglucan	betaglucan_L03	1	3H:476060741	476060741	FALSE
betaglucan	betaglucan_L03	1	3H:476060747	476060747	FALSE
betaglucan	betaglucan_L03	1	3H:476060793	476060793	FALSE
betaglucan	betaglucan_L03	1	3H:476060974	476060974	FALSE
betaglucan	betaglucan_L03	1	3H:476060993	476060993	FALSE
betaglucan	betaglucan_L03	1	3H:476061025	476061025	FALSE
betaglucan	betaglucan_L03	1	3H:476061034	476061034	FALSE
betaglucan	betaglucan_L03	1	3H:476061212	476061212	FALSE
betaglucan	betaglucan_L03	1	3H:476061584	476061584	FALSE
betaglucan	betaglucan_L03	1	3H:476061764	476061764	FALSE
betaglucan	betaglucan_L03	1	3H:476061916	476061916	FALSE
betaglucan	betaglucan_L03	1	3H:476062280	476062280	FALSE
betaglucan	betaglucan_L03	1	3H:476062304	476062304	FALSE
betaglucan	betaglucan_L03	1	3H:476062311	476062311	FALSE
betaglucan	betaglucan_L03	1	3H:476062744	476062744	FALSE
betaglucan	betaglucan_L03	1	3H:476062852	476062852	FALSE
betaglucan	betaglucan_L03	1	3H:476062887	476062887	FALSE
betaglucan	betaglucan_L03	1	3H:476062893	476062893	FALSE
betaglucan	betaglucan_L03	1	3H:476062899	476062899	FALSE
betaglucan	betaglucan_L03	1	3H:476063115	476063115	FALSE
betaglucan	betaglucan_L03	1	3H:476063359	476063359	FALSE
betaglucan	betaglucan_L03	1	3H:476063362	476063362	FALSE
betaglucan	betaglucan_L03	1	3H:476063388	476063388	FALSE
betaglucan	betaglucan_L03	1	3H:476063395	476063395	FALSE
betaglucan	betaglucan_L03	1	3H:476063610	476063610	FALSE
betaglucan	betaglucan_L03	1	3H:476065372	476065372	FALSE
betaglucan	betaglucan_L03	1	3H:476066535	476066535	FALSE
betaglucan	betaglucan_L03	1	3H:476066841	476066841	FALSE
betaglucan	betaglucan_L03	1	3H:476066851	476066851	FALSE
betaglucan	betaglucan_L03	1	3H:476066902	476066902	FALSE
betaglucan	betaglucan_L03	1	3H:476068064	476068064	FALSE
betaglucan	betaglucan_L03	1	3H:476069175	476069175	FALSE
betaglucan	betaglucan_L03	1	3H:476069819	476069819	FALSE
betaglucan	betaglucan_L03	1	3H:476069851	476069851	FALSE
betaglucan	betaglucan_L03	1	3H:476069939	476069939	FALSE
betaglucan	betaglucan_L03	1	3H:476070080	476070080	FALSE
betaglucan	betaglucan_L03	1	3H:476070091	476070091	FALSE
betaglucan	betaglucan_L03	1	3H:476071589	476071589	FALSE
betaglucan	betaglucan_L03	1	3H:476071629	476071629	FALSE
betaglucan	betaglucan_L03	1	3H:476072084	476072084	FALSE
betaglucan	betaglucan_L03	1	3H:476072152	476072152	FALSE
betaglucan	betaglucan_L03	1	3H:476072169	476072169	FALSE
betaglucan	betaglucan_L03	1	3H:476072458	476072458	FALSE
betaglucan	betaglucan_L03	1	3H:476072478	476072478	FALSE
betaglucan	betaglucan_L03	1	3H:476072517	476072517	FALSE
betaglucan	betaglucan_L03	1	3H:476079643	476079643	FALSE
betaglucan	betaglucan_L03	1	3H:476080147	476080147	FALSE
betaglucan	betaglucan_L03	1	3H:476080390	476080390	FALSE
betaglucan	betaglucan_L03	1	3H:476080621	476080621	FALSE
betaglucan	betaglucan_L03	1	3H:476080662	476080662	FALSE
betaglucan	betaglucan_L03	1	3H:476080789	476080789	FALSE
betaglucan	betaglucan_L03	1	3H:476080835	476080835	FALSE
betaglucan	betaglucan_L03	1	3H:476080871	476080871	FALSE
betaglucan	betaglucan_L03	1	3H:476080888	476080888	FALSE
betaglucan	betaglucan_L03	1	3H:476081054	476081054	FALSE
betaglucan	betaglucan_L03	1	3H:476081343	476081343	FALSE
betaglucan	betaglucan_L03	1	3H:476081568	476081568	FALSE
betaglucan	betaglucan_L03	1	3H:476082024	476082024	FALSE
betaglucan	betaglucan_L03	1	3H:476082345	476082345	FALSE
betaglucan	betaglucan_L03	1	3H:476082665	476082665	FALSE
betaglucan	betaglucan_L03	1	3H:476082675	476082675	FALSE
betaglucan	betaglucan_L03	1	3H:476083344	476083344	FALSE
betaglucan	betaglucan_L03	1	3H:476083435	476083435	FALSE
betaglucan	betaglucan_L03	1	3H:476083552	476083552	FALSE
betaglucan	betaglucan_L03	1	3H:476083592	476083592	FALSE
betaglucan	betaglucan_L03	1	3H:476083642	476083642	FALSE
betaglucan	betaglucan_L03	1	3H:476083947	476083947	FALSE
betaglucan	betaglucan_L03	1	3H:476084046	476084046	FALSE
betaglucan	betaglucan_L03	1	3H:476084281	476084281	FALSE
betaglucan	betaglucan_L03	1	3H:476084531	476084531	FALSE
betaglucan	betaglucan_L03	1	3H:476084712	476084712	FALSE
betaglucan	betaglucan_L03	1	3H:476084867	476084867	FALSE
betaglucan	betaglucan_L03	1	3H:476085118	476085118	FALSE
betaglucan	betaglucan_L03	1	3H:476085301	476085301	FALSE
betaglucan	betaglucan_L03	1	3H:476085860	476085860	FALSE
betaglucan	betaglucan_L03	1	3H:476085887	476085887	FALSE
betaglucan	betaglucan_L03	1	3H:476086335	476086335	FALSE
betaglucan	betaglucan_L03	1	3H:476086425	476086425	FALSE
betaglucan	betaglucan_L03	1	3H:476086457	476086457	FALSE
betaglucan	betaglucan_L03	1	3H:476086559	476086559	FALSE
betaglucan	betaglucan_L03	1	3H:476092278	476092278	FALSE
betaglucan	betaglucan_L03	1	3H:476092279	476092279	FALSE
betaglucan	betaglucan_L03	1	3H:476092739	476092739	FALSE
betaglucan	betaglucan_L03	1	3H:476093023	476093023	FALSE
betaglucan	betaglucan_L03	1	3H:476093779	476093779	FALSE
betaglucan	betaglucan_L03	1	3H:476093881	476093881	FALSE
betaglucan	betaglucan_L03	1	3H:476094295	476094295	FALSE
betaglucan	betaglucan_L03	1	3H:476094552	476094552	FALSE
betaglucan	betaglucan_L03	1	3H:476094567	476094567	FALSE
betaglucan	betaglucan_L03	1	3H:476094672	476094672	FALSE
betaglucan	betaglucan_L03	1	3H:476094837	476094837	FALSE
betaglucan	betaglucan_L03	1	3H:476094844	476094844	FALSE
betaglucan	betaglucan_L03	1	3H:476095528	476095528	FALSE
betaglucan	betaglucan_L03	1	3H:476095613	476095613	FALSE
betaglucan	betaglucan_L03	1	3H:476095676	476095676	FALSE
betaglucan	betaglucan_L03	1	3H:476095702	476095702	FALSE
betaglucan	betaglucan_L03	1	3H:476095716	476095716	FALSE
betaglucan	betaglucan_L03	1	3H:476096838	476096838	FALSE
betaglucan	betaglucan_L04	1	3H:537170537	537170537	FALSE
betaglucan	betaglucan_L04	1	3H:537170697	537170697	FALSE
betaglucan	betaglucan_L04	1	3H:537170716	537170716	FALSE
betaglucan	betaglucan_L04	1	3H:537174535	537174535	FALSE
betaglucan	betaglucan_L04	1	3H:537176310	537176310	FALSE
betaglucan	betaglucan_L04	1	3H:537182538	537182538	FALSE
betaglucan	betaglucan_L04	1	3H:537202169	537202169	FALSE
betaglucan	betaglucan_L04	1	3H:537202334	537202334	FALSE
betaglucan	betaglucan_L04	1	3H:537203375	537203375	FALSE
betaglucan	betaglucan_L04	1	3H:537205374	537205374	FALSE
betaglucan	betaglucan_L04	1	3H:537206871	537206871	FALSE
betaglucan	betaglucan_L04	1	3H:537216419	537216419	FALSE
betaglucan	betaglucan_L04	1	3H:537219089	537219089	FALSE
betaglucan	betaglucan_L04	1	3H:537221884	537221884	FALSE
betaglucan	betaglucan_L04	1	3H:537224037	537224037	FALSE
betaglucan	betaglucan_L04	1	3H:537225719	537225719	FALSE
betaglucan	betaglucan_L04	1	3H:537225735	537225735	FALSE
betaglucan	betaglucan_L04	1	3H:537247620	537247620	TRUE
betaglucan	betaglucan_L04	1	3H:537271851	537271851	FALSE
betaglucan	betaglucan_L04	1	3H:537271930	537271930	FALSE
betaglucan	betaglucan_L04	1	3H:537272789	537272789	FALSE
betaglucan	betaglucan_L04	1	3H:537273620	537273620	FALSE
betaglucan	betaglucan_L04	1	3H:537274148	537274148	FALSE
betaglucan	betaglucan_L04	1	3H:537276613	537276613	FALSE
betaglucan	betaglucan_L04	1	3H:537277159	537277159	FALSE
betaglucan	betaglucan_L04	1	3H:537277957	537277957	FALSE
betaglucan	betaglucan_L04	1	3H:537299380	537299380	FALSE
betaglucan	betaglucan_L04	1	3H:537299958	537299958	FALSE
betaglucan	betaglucan_L04	1	3H:537301368	537301368	FALSE
betaglucan	betaglucan_L04	1	3H:537301558	537301558	FALSE
betaglucan	betaglucan_L04	1	3H:537302503	537302503	FALSE
betaglucan	betaglucan_L04	1	3H:537302771	537302771	FALSE
betaglucan	betaglucan_L04	1	3H:537305387	537305387	FALSE
betaglucan	betaglucan_L04	1	3H:537307386	537307386	FALSE
betaglucan	betaglucan_L04	1	3H:537341175	537341175	FALSE
betaglucan	betaglucan_L04	1	3H:537342456	537342456	FALSE
betaglucan	betaglucan_L04	1	3H:537343238	537343238	FALSE
betaglucan	betaglucan_L04	1	3H:537346769	537346769	FALSE
betaglucan	betaglucan_L04	1	3H:537347026	537347026	FALSE
betaglucan	betaglucan_L04	1	3H:537349967	537349967	FALSE
betaglucan	betaglucan_L04	1	3H:537353164	537353164	FALSE
betaglucan	betaglucan_L04	1	3H:537356112	537356112	FALSE
betaglucan	betaglucan_L04	1	3H:537356198	537356198	FALSE
betaglucan	betaglucan_L04	1	3H:537356673	537356673	FALSE
betaglucan	betaglucan_L04	1	3H:537356787	537356787	FALSE
betaglucan	betaglucan_L04	1	3H:537367749	537367749	FALSE
betaglucan	betaglucan_L04	1	3H:537367775	537367775	FALSE
betaglucan	betaglucan_L04	1	3H:537368262	537368262	FALSE
betaglucan	betaglucan_L04	1	3H:537369459	537369459	FALSE
betaglucan	betaglucan_L04	1	3H:537372006	537372006	FALSE
betaglucan	betaglucan_L04	1	3H:537391406	537391406	FALSE
betaglucan	betaglucan_L04	1	3H:537425745	537425745	FALSE
betaglucan	betaglucan_L04	1	3H:537427867	537427867	FALSE
betaglucan	betaglucan_L04	1	3H:537427971	537427971	FALSE
betaglucan	betaglucan_L04	1	3H:537428049	537428049	FALSE
betaglucan	betaglucan_L04	1	3H:537428195	537428195	FALSE
betaglucan	betaglucan_L04	1	3H:537428289	537428289	FALSE
betaglucan	betaglucan_L04	1	3H:537430596	537430596	FALSE
betaglucan	betaglucan_L04	1	3H:537450835	537450835	FALSE
betaglucan	betaglucan_L05	1	4H:34821945	34821945	FALSE
betaglucan	betaglucan_L05	1	4H:34825152	34825152	FALSE
betaglucan	betaglucan_L05	1	4H:34849987	34849987	FALSE
betaglucan	betaglucan_L05	1	4H:34850102	34850102	FALSE
betaglucan	betaglucan_L05	1	4H:34852480	34852480	FALSE
betaglucan	betaglucan_L05	1	4H:34856353	34856353	FALSE
betaglucan	betaglucan_L05	1	4H:34858354	34858354	TRUE
betaglucan	betaglucan_L05	1	4H:34860548	34860548	FALSE
betaglucan	betaglucan_L05	1	4H:34861011	34861011	FALSE
betaglucan	betaglucan_L05	1	4H:34861116	34861116	FALSE
betaglucan	betaglucan_L05	1	4H:34861436	34861436	FALSE
betaglucan	betaglucan_L05	1	4H:34861659	34861659	FALSE
betaglucan	betaglucan_L06	2	4H:34922173	34922173	FALSE
betaglucan	betaglucan_L06	2	4H:34923245	34923245	FALSE
betaglucan	betaglucan_L06	2	4H:34952641	34952641	FALSE
betaglucan	betaglucan_L06	2	4H:34968445	34968445	FALSE
betaglucan	betaglucan_L06	2	4H:34971190	34971190	FALSE
betaglucan	betaglucan_L06	2	4H:34971609	34971609	TRUE
betaglucan	betaglucan_L06	2	4H:35020559	35020559	FALSE
betaglucan	betaglucan_L06	2	4H:35040355	35040355	FALSE
betaglucan	betaglucan_L06	2	4H:35040389	35040389	FALSE
betaglucan	betaglucan_L06	2	4H:35043899	35043899	FALSE
betaglucan	betaglucan_L06	2	4H:35062236	35062236	FALSE
betaglucan	betaglucan_L07	1	4H:528218463	528218463	FALSE
betaglucan	betaglucan_L07	1	4H:528219351	528219351	FALSE
betaglucan	betaglucan_L07	1	4H:528219424	528219424	FALSE
betaglucan	betaglucan_L07	1	4H:528219448	528219448	FALSE
betaglucan	betaglucan_L07	1	4H:528222635	528222635	FALSE
betaglucan	betaglucan_L07	1	4H:528222775	528222775	FALSE
betaglucan	betaglucan_L07	1	4H:528222794	528222794	FALSE
betaglucan	betaglucan_L07	1	4H:528229743	528229743	FALSE
betaglucan	betaglucan_L07	1	4H:528232993	528232993	FALSE
betaglucan	betaglucan_L07	1	4H:528241152	528241152	FALSE
betaglucan	betaglucan_L07	1	4H:528251699	528251699	FALSE
betaglucan	betaglucan_L07	1	4H:528254512	528254512	FALSE
betaglucan	betaglucan_L07	1	4H:528254726	528254726	FALSE
betaglucan	betaglucan_L07	1	4H:528254732	528254732	FALSE
betaglucan	betaglucan_L07	1	4H:528254769	528254769	TRUE
betaglucan	betaglucan_L07	1	4H:528254866	528254866	FALSE
betaglucan	betaglucan_L07	1	4H:528287884	528287884	FALSE
betaglucan	betaglucan_L07	1	4H:528291001	528291001	FALSE
betaglucan	betaglucan_L07	1	4H:528296310	528296310	FALSE
betaglucan	betaglucan_L07	1	4H:528300653	528300653	FALSE
betaglucan	betaglucan_L07	1	4H:528304629	528304629	FALSE
betaglucan	betaglucan_L07	1	4H:528304730	528304730	FALSE
betaglucan	betaglucan_L07	1	4H:528304750	528304750	FALSE
betaglucan	betaglucan_L07	1	4H:528305864	528305864	FALSE
betaglucan	betaglucan_L07	1	4H:528344950	528344950	FALSE
betaglucan	betaglucan_L07	1	4H:528356410	528356410	FALSE
betaglucan	betaglucan_L07	1	4H:528357931	528357931	FALSE
betaglucan	betaglucan_L07	1	4H:528358406	528358406	FALSE
betaglucan	betaglucan_L07	1	4H:528358876	528358876	FALSE
betaglucan	betaglucan_L07	1	4H:528365868	528365868	FALSE
betaglucan	betaglucan_L07	1	4H:528374271	528374271	FALSE
betaglucan	betaglucan_L07	1	4H:528385833	528385833	FALSE
betaglucan	betaglucan_L07	1	4H:528414506	528414506	FALSE
betaglucan	betaglucan_L08	1	5H:224439424	224439424	TRUE
betaglucan	betaglucan_L09	1	6H:475086216	475086216	FALSE
betaglucan	betaglucan_L09	1	6H:475091549	475091549	FALSE
betaglucan	betaglucan_L09	1	6H:475093528	475093528	FALSE
betaglucan	betaglucan_L09	1	6H:475099203	475099203	FALSE
betaglucan	betaglucan_L09	1	6H:475104424	475104424	FALSE
betaglucan	betaglucan_L09	1	6H:475104616	475104616	FALSE
betaglucan	betaglucan_L09	1	6H:475117568	475117568	FALSE
betaglucan	betaglucan_L09	1	6H:475118376	475118376	FALSE
betaglucan	betaglucan_L09	1	6H:475118877	475118877	FALSE
betaglucan	betaglucan_L09	1	6H:475119239	475119239	FALSE
betaglucan	betaglucan_L09	1	6H:475119584	475119584	FALSE
betaglucan	betaglucan_L09	1	6H:475129307	475129307	FALSE
betaglucan	betaglucan_L09	1	6H:475129881	475129881	FALSE
betaglucan	betaglucan_L09	1	6H:475144663	475144663	TRUE
betaglucan	betaglucan_L09	1	6H:475146089	475146089	FALSE
betaglucan	betaglucan_L09	1	6H:475159265	475159265	FALSE
betaglucan	betaglucan_L09	1	6H:475159952	475159952	FALSE
betaglucan	betaglucan_L09	1	6H:475160772	475160772	FALSE
betaglucan	betaglucan_L09	1	6H:475160992	475160992	FALSE
betaglucan	betaglucan_L09	1	6H:475163047	475163047	FALSE
betaglucan	betaglucan_L09	1	6H:475167134	475167134	FALSE
betaglucan	betaglucan_L09	1	6H:475167135	475167135	FALSE
betaglucan	betaglucan_L09	1	6H:475167944	475167944	FALSE
betaglucan	betaglucan_L09	1	6H:475169766	475169766	FALSE
betaglucan	betaglucan_L10	1	6H:477624949	477624949	FALSE
betaglucan	betaglucan_L10	1	6H:477633929	477633929	FALSE
betaglucan	betaglucan_L10	1	6H:477636648	477636648	FALSE
betaglucan	betaglucan_L10	1	6H:477636840	477636840	FALSE
betaglucan	betaglucan_L10	1	6H:477649417	477649417	FALSE
betaglucan	betaglucan_L10	1	6H:477651228	477651228	FALSE
betaglucan	betaglucan_L10	1	6H:477651358	477651358	FALSE
betaglucan	betaglucan_L10	1	6H:477651616	477651616	TRUE
betaglucan	betaglucan_L10	1	6H:477652345	477652345	FALSE
betaglucan	betaglucan_L11	1	6H:545947347	545947347	TRUE
fiber	fiber_L01	3	1H:329707484	329707484	TRUE
fiber	fiber_L02	1	1H:330239605	330239605	TRUE
fiber	fiber_L02	1	1H:330241897	330241897	FALSE
fiber	fiber_L03	2	1H:330621329	330621329	FALSE
fiber	fiber_L03	2	1H:330621739	330621739	FALSE
fiber	fiber_L03	2	1H:330621824	330621824	FALSE
fiber	fiber_L03	2	1H:330623641	330623641	FALSE
fiber	fiber_L03	2	1H:330623665	330623665	FALSE
fiber	fiber_L03	2	1H:330625182	330625182	TRUE
fiber	fiber_L03	2	1H:330625476	330625476	FALSE
fiber	fiber_L03	2	1H:330625490	330625490	FALSE
fiber	fiber_L03	2	1H:330636212	330636212	FALSE
fiber	fiber_L03	2	1H:330641130	330641130	FALSE
fiber	fiber_L03	2	1H:330671815	330671815	FALSE
fiber	fiber_L03	2	1H:330671914	330671914	FALSE
fiber	fiber_L03	2	1H:330675571	330675571	FALSE
fiber	fiber_L03	2	1H:330680723	330680723	FALSE
fiber	fiber_L03	2	1H:330681440	330681440	FALSE
fiber	fiber_L03	2	1H:330687840	330687840	FALSE
fiber	fiber_L03	2	1H:330689171	330689171	FALSE
fiber	fiber_L03	2	1H:330689766	330689766	FALSE
fiber	fiber_L03	2	1H:330690629	330690629	FALSE
fiber	fiber_L03	2	1H:330691152	330691152	FALSE
fiber	fiber_L03	2	1H:330691190	330691190	FALSE
fiber	fiber_L03	2	1H:330692119	330692119	FALSE
fiber	fiber_L03	2	1H:330695995	330695995	FALSE
fiber	fiber_L03	2	1H:330713270	330713270	FALSE
fiber	fiber_L03	2	1H:330718405	330718405	FALSE
fiber	fiber_L03	2	1H:330721436	330721436	FALSE
fiber	fiber_L03	2	1H:330721445	330721445	FALSE
fiber	fiber_L03	2	1H:330723143	330723143	FALSE
fiber	fiber_L03	2	1H:330726559	330726559	FALSE
fiber	fiber_L04	1	1H:344504256	344504256	FALSE
fiber	fiber_L04	1	1H:344520079	344520079	TRUE
fiber	fiber_L04	1	1H:344548982	344548982	FALSE
fiber	fiber_L05	2	1H:439922568	439922568	FALSE
fiber	fiber_L05	2	1H:439943025	439943025	FALSE
fiber	fiber_L05	2	1H:439943482	439943482	FALSE
fiber	fiber_L05	2	1H:439943574	439943574	FALSE
fiber	fiber_L05	2	1H:439945785	439945785	FALSE
fiber	fiber_L05	2	1H:439947633	439947633	FALSE
fiber	fiber_L05	2	1H:439950834	439950834	FALSE
fiber	fiber_L05	2	1H:439959224	439959224	FALSE
fiber	fiber_L05	2	1H:439961364	439961364	FALSE
fiber	fiber_L05	2	1H:439969143	439969143	FALSE
fiber	fiber_L05	2	1H:439991247	439991247	FALSE
fiber	fiber_L05	2	1H:439991937	439991937	FALSE
fiber	fiber_L05	2	1H:440001396	440001396	FALSE
fiber	fiber_L05	2	1H:440002186	440002186	FALSE
fiber	fiber_L05	2	1H:440022799	440022799	TRUE
fiber	fiber_L05	2	1H:440029725	440029725	FALSE
fiber	fiber_L05	2	1H:440032977	440032977	FALSE
fiber	fiber_L06	1	1H:440470102	440470102	FALSE
fiber	fiber_L06	1	1H:440493375	440493375	FALSE
fiber	fiber_L06	1	1H:440502569	440502569	FALSE
fiber	fiber_L06	1	1H:440504452	440504452	FALSE
fiber	fiber_L06	1	1H:440506802	440506802	FALSE
fiber	fiber_L06	1	1H:440507054	440507054	FALSE
fiber	fiber_L06	1	1H:440512889	440512889	FALSE
fiber	fiber_L06	1	1H:440533559	440533559	FALSE
fiber	fiber_L06	1	1H:440572258	440572258	FALSE
fiber	fiber_L06	1	1H:440573344	440573344	FALSE
fiber	fiber_L06	1	1H:440573355	440573355	TRUE
fiber	fiber_L06	1	1H:440573586	440573586	FALSE
fiber	fiber_L07	1	3H:543452211	543452211	FALSE
fiber	fiber_L07	1	3H:543457452	543457452	FALSE
fiber	fiber_L07	1	3H:543459155	543459155	FALSE
fiber	fiber_L07	1	3H:543462612	543462612	FALSE
fiber	fiber_L07	1	3H:543498690	543498690	FALSE
fiber	fiber_L07	1	3H:543527668	543527668	FALSE
fiber	fiber_L07	1	3H:543541050	543541050	FALSE
fiber	fiber_L07	1	3H:543549377	543549377	FALSE
fiber	fiber_L07	1	3H:543556772	543556772	FALSE
fiber	fiber_L07	1	3H:543556805	543556805	FALSE
fiber	fiber_L07	1	3H:543557253	543557253	FALSE
fiber	fiber_L07	1	3H:543565086	543565086	FALSE
fiber	fiber_L07	1	3H:543565642	543565642	FALSE
fiber	fiber_L07	1	3H:543567105	543567105	FALSE
fiber	fiber_L07	1	3H:543567175	543567175	FALSE
fiber	fiber_L07	1	3H:543567221	543567221	FALSE
fiber	fiber_L07	1	3H:543567237	543567237	FALSE
fiber	fiber_L07	1	3H:543567262	543567262	FALSE
fiber	fiber_L07	1	3H:543567305	543567305	FALSE
fiber	fiber_L07	1	3H:543567564	543567564	FALSE
fiber	fiber_L07	1	3H:543579837	543579837	FALSE
fiber	fiber_L07	1	3H:543580805	543580805	FALSE
fiber	fiber_L07	1	3H:543581081	543581081	FALSE
fiber	fiber_L07	1	3H:543581109	543581109	FALSE
fiber	fiber_L07	1	3H:543581154	543581154	FALSE
fiber	fiber_L07	1	3H:543588062	543588062	FALSE
fiber	fiber_L07	1	3H:543598369	543598369	FALSE
fiber	fiber_L07	1	3H:543598428	543598428	FALSE
fiber	fiber_L07	1	3H:543624646	543624646	FALSE
fiber	fiber_L07	1	3H:543624672	543624672	FALSE
fiber	fiber_L07	1	3H:543628468	543628468	FALSE
fiber	fiber_L07	1	3H:543630396	543630396	FALSE
fiber	fiber_L07	1	3H:543631884	543631884	FALSE
fiber	fiber_L07	1	3H:543632061	543632061	FALSE
fiber	fiber_L07	1	3H:543635338	543635338	FALSE
fiber	fiber_L07	1	3H:543635563	543635563	FALSE
fiber	fiber_L07	1	3H:543636429	543636429	FALSE
fiber	fiber_L07	1	3H:543638849	543638849	FALSE
fiber	fiber_L07	1	3H:543638879	543638879	FALSE
fiber	fiber_L07	1	3H:543638965	543638965	FALSE
fiber	fiber_L07	1	3H:543638970	543638970	FALSE
fiber	fiber_L07	1	3H:543639033	543639033	FALSE
fiber	fiber_L07	1	3H:543688511	543688511	FALSE
fiber	fiber_L07	1	3H:543689118	543689118	FALSE
fiber	fiber_L07	1	3H:543690121	543690121	FALSE
fiber	fiber_L07	1	3H:543690122	543690122	FALSE
fiber	fiber_L07	1	3H:543690146	543690146	TRUE
fiber	fiber_L07	1	3H:543690759	543690759	FALSE
fiber	fiber_L07	1	3H:543690780	543690780	FALSE
fiber	fiber_L07	1	3H:543691655	543691655	FALSE
fiber	fiber_L07	1	3H:543691932	543691932	FALSE
fiber	fiber_L07	1	3H:543692495	543692495	FALSE
fiber	fiber_L07	1	3H:543702690	543702690	FALSE
fiber	fiber_L07	1	3H:543705208	543705208	FALSE
fiber	fiber_L07	1	3H:543706977	543706977	FALSE
fiber	fiber_L07	1	3H:543713500	543713500	FALSE
fiber	fiber_L07	1	3H:543713554	543713554	FALSE
fiber	fiber_L07	1	3H:543714647	543714647	FALSE
fiber	fiber_L07	1	3H:543738223	543738223	FALSE
fiber	fiber_L07	1	3H:543738263	543738263	FALSE
fiber	fiber_L07	1	3H:543739449	543739449	FALSE
fiber	fiber_L07	1	3H:543739778	543739778	FALSE
fiber	fiber_L07	1	3H:543739960	543739960	FALSE
fiber	fiber_L07	1	3H:543740489	543740489	FALSE
fiber	fiber_L07	1	3H:543740914	543740914	FALSE
fiber	fiber_L07	1	3H:543742525	543742525	FALSE
fiber	fiber_L07	1	3H:543742543	543742543	FALSE
fiber	fiber_L07	1	3H:543760319	543760319	FALSE
fiber	fiber_L07	1	3H:543761267	543761267	FALSE
fiber	fiber_L07	1	3H:543761997	543761997	FALSE
fiber	fiber_L07	1	3H:543762840	543762840	FALSE
fiber	fiber_L07	1	3H:543762844	543762844	FALSE
fiber	fiber_L07	1	3H:543762931	543762931	FALSE
fiber	fiber_L07	1	3H:543763355	543763355	FALSE
fiber	fiber_L07	1	3H:543763493	543763493	FALSE
fiber	fiber_L07	1	3H:543763765	543763765	FALSE
fiber	fiber_L07	1	3H:543763827	543763827	FALSE
fiber	fiber_L07	1	3H:543777124	543777124	FALSE
fiber	fiber_L07	1	3H:543778555	543778555	FALSE
fiber	fiber_L07	1	3H:543778616	543778616	FALSE
fiber	fiber_L07	1	3H:543778749	543778749	FALSE
fiber	fiber_L07	1	3H:543778827	543778827	FALSE
fiber	fiber_L07	1	3H:543778832	543778832	FALSE
fiber	fiber_L07	1	3H:543809047	543809047	FALSE
fiber	fiber_L07	1	3H:543809167	543809167	FALSE
fiber	fiber_L07	1	3H:543809280	543809280	FALSE
fiber	fiber_L07	1	3H:543809332	543809332	FALSE
fiber	fiber_L07	1	3H:543809472	543809472	FALSE
fiber	fiber_L07	1	3H:543810073	543810073	FALSE
fiber	fiber_L07	1	3H:543810079	543810079	FALSE
fiber	fiber_L07	1	3H:543811155	543811155	FALSE
fiber	fiber_L07	1	3H:543811890	543811890	FALSE
fiber	fiber_L07	1	3H:543811896	543811896	FALSE
fiber	fiber_L07	1	3H:543812361	543812361	FALSE
fiber	fiber_L07	1	3H:543823458	543823458	FALSE
fiber	fiber_L07	1	3H:543823677	543823677	FALSE
fiber	fiber_L07	1	3H:543825113	543825113	FALSE
fiber	fiber_L07	1	3H:543825471	543825471	FALSE
fiber	fiber_L07	1	3H:543825522	543825522	FALSE
fiber	fiber_L07	1	3H:543825806	543825806	FALSE
fiber	fiber_L07	1	3H:543828107	543828107	FALSE
fiber	fiber_L07	1	3H:543828620	543828620	FALSE
fiber	fiber_L07	1	3H:543828628	543828628	FALSE
fiber	fiber_L07	1	3H:543828641	543828641	FALSE
fiber	fiber_L07	1	3H:543843631	543843631	FALSE
fiber	fiber_L07	1	3H:543843809	543843809	FALSE
fiber	fiber_L07	1	3H:543845124	543845124	FALSE
fiber	fiber_L07	1	3H:543845150	543845150	FALSE
fiber	fiber_L07	1	3H:543857322	543857322	FALSE
fiber	fiber_L07	1	3H:543857836	543857836	FALSE
fiber	fiber_L07	1	3H:543857923	543857923	FALSE
fiber	fiber_L07	1	3H:543857928	543857928	FALSE
fiber	fiber_L07	1	3H:543858602	543858602	FALSE
fiber	fiber_L07	1	3H:543858958	543858958	FALSE
fiber	fiber_L07	1	3H:543859279	543859279	FALSE
fiber	fiber_L07	1	3H:543859282	543859282	FALSE
fiber	fiber_L07	1	3H:543859329	543859329	FALSE
fiber	fiber_L07	1	3H:543862378	543862378	FALSE
fiber	fiber_L07	1	3H:543862438	543862438	FALSE
fiber	fiber_L07	1	3H:543862440	543862440	FALSE
fiber	fiber_L07	1	3H:543862461	543862461	FALSE
fiber	fiber_L07	1	3H:543862466	543862466	FALSE
fiber	fiber_L07	1	3H:543862511	543862511	FALSE
fiber	fiber_L07	1	3H:543862551	543862551	FALSE
fiber	fiber_L07	1	3H:543862590	543862590	FALSE
fiber	fiber_L07	1	3H:543862591	543862591	FALSE
fiber	fiber_L07	1	3H:543862662	543862662	FALSE
fiber	fiber_L07	1	3H:543864435	543864435	FALSE
fiber	fiber_L07	1	3H:543864437	543864437	FALSE
fiber	fiber_L07	1	3H:543864477	543864477	FALSE
fiber	fiber_L07	1	3H:543864744	543864744	FALSE
fiber	fiber_L07	1	3H:543865414	543865414	FALSE
fiber	fiber_L07	1	3H:543865479	543865479	FALSE
fiber	fiber_L07	1	3H:543865487	543865487	FALSE
fiber	fiber_L07	1	3H:543865513	543865513	FALSE
fiber	fiber_L07	1	3H:543866094	543866094	FALSE
fiber	fiber_L07	1	3H:543866108	543866108	FALSE
fiber	fiber_L07	1	3H:543866199	543866199	FALSE
fiber	fiber_L07	1	3H:543868033	543868033	FALSE
fiber	fiber_L07	1	3H:543868169	543868169	FALSE
fiber	fiber_L07	1	3H:543868549	543868549	FALSE
fiber	fiber_L07	1	3H:543868562	543868562	FALSE
fiber	fiber_L07	1	3H:543869146	543869146	FALSE
fiber	fiber_L07	1	3H:543869329	543869329	FALSE
fiber	fiber_L07	1	3H:543869460	543869460	FALSE
fiber	fiber_L07	1	3H:543869858	543869858	FALSE
fiber	fiber_L07	1	3H:543870269	543870269	FALSE
fiber	fiber_L07	1	3H:543871024	543871024	FALSE
fiber	fiber_L07	1	3H:543871067	543871067	FALSE
fiber	fiber_L07	1	3H:543871093	543871093	FALSE
fiber	fiber_L07	1	3H:543871124	543871124	FALSE
fiber	fiber_L07	1	3H:543872044	543872044	FALSE
fiber	fiber_L07	1	3H:543872534	543872534	FALSE
fiber	fiber_L07	1	3H:543872574	543872574	FALSE
fiber	fiber_L07	1	3H:543873708	543873708	FALSE
fiber	fiber_L07	1	3H:543890271	543890271	FALSE
fiber	fiber_L07	1	3H:543891921	543891921	FALSE
fiber	fiber_L07	1	3H:543892182	543892182	FALSE
fiber	fiber_L07	1	3H:543901471	543901471	FALSE
fiber	fiber_L07	1	3H:543902128	543902128	FALSE
fiber	fiber_L07	1	3H:543902157	543902157	FALSE
fiber	fiber_L07	1	3H:543902362	543902362	FALSE
fiber	fiber_L07	1	3H:543902591	543902591	FALSE
fiber	fiber_L07	1	3H:543902630	543902630	FALSE
fiber	fiber_L07	1	3H:543902820	543902820	FALSE
fiber	fiber_L07	1	3H:543902994	543902994	FALSE
fiber	fiber_L07	1	3H:543903113	543903113	FALSE
fiber	fiber_L07	1	3H:543903529	543903529	FALSE
fiber	fiber_L07	1	3H:543904171	543904171	FALSE
fiber	fiber_L07	1	3H:543905968	543905968	FALSE
fiber	fiber_L07	1	3H:543906565	543906565	FALSE
fiber	fiber_L07	1	3H:543906862	543906862	FALSE
fiber	fiber_L07	1	3H:543907420	543907420	FALSE
fiber	fiber_L07	1	3H:543907830	543907830	FALSE
fiber	fiber_L07	1	3H:543907854	543907854	FALSE
fiber	fiber_L07	1	3H:543907946	543907946	FALSE
fiber	fiber_L07	1	3H:543908629	543908629	FALSE
fiber	fiber_L07	1	3H:543908644	543908644	FALSE
fiber	fiber_L07	1	3H:543909289	543909289	FALSE
fiber	fiber_L07	1	3H:543909594	543909594	FALSE
fiber	fiber_L07	1	3H:543909598	543909598	FALSE
fiber	fiber_L07	1	3H:543909635	543909635	FALSE
fiber	fiber_L07	1	3H:543910130	543910130	FALSE
fiber	fiber_L07	1	3H:543910653	543910653	FALSE
fiber	fiber_L07	1	3H:543911168	543911168	FALSE
fiber	fiber_L07	1	3H:543913982	543913982	FALSE
fiber	fiber_L07	1	3H:543917273	543917273	FALSE
fiber	fiber_L07	1	3H:543917604	543917604	FALSE
fiber	fiber_L07	1	3H:543917607	543917607	FALSE
fiber	fiber_L07	1	3H:543917610	543917610	FALSE
fiber	fiber_L07	1	3H:543917611	543917611	FALSE
fiber	fiber_L07	1	3H:543924634	543924634	FALSE
fiber	fiber_L07	1	3H:543927522	543927522	FALSE
fiber	fiber_L07	1	3H:543927735	543927735	FALSE
fiber	fiber_L07	1	3H:543927894	543927894	FALSE
fiber	fiber_L07	1	3H:543928504	543928504	FALSE
fiber	fiber_L07	1	3H:543928557	543928557	FALSE
fiber	fiber_L07	1	3H:543928756	543928756	FALSE
fiber	fiber_L07	1	3H:543928863	543928863	FALSE
fiber	fiber_L07	1	3H:543931257	543931257	FALSE
fiber	fiber_L08	2	3H:543987340	543987340	FALSE
fiber	fiber_L08	2	3H:544026396	544026396	FALSE
fiber	fiber_L08	2	3H:544029021	544029021	FALSE
fiber	fiber_L08	2	3H:544030637	544030637	FALSE
fiber	fiber_L08	2	3H:544030776	544030776	FALSE
fiber	fiber_L08	2	3H:544030873	544030873	FALSE
fiber	fiber_L08	2	3H:544031496	544031496	FALSE
fiber	fiber_L08	2	3H:544032393	544032393	FALSE
fiber	fiber_L08	2	3H:544032639	544032639	FALSE
fiber	fiber_L08	2	3H:544033344	544033344	FALSE
fiber	fiber_L08	2	3H:544033802	544033802	FALSE
fiber	fiber_L08	2	3H:544033814	544033814	FALSE
fiber	fiber_L08	2	3H:544033945	544033945	FALSE
fiber	fiber_L08	2	3H:544034304	544034304	FALSE
fiber	fiber_L08	2	3H:544034563	544034563	FALSE
fiber	fiber_L08	2	3H:544034763	544034763	FALSE
fiber	fiber_L08	2	3H:544035592	544035592	FALSE
fiber	fiber_L08	2	3H:544035935	544035935	FALSE
fiber	fiber_L08	2	3H:544037446	544037446	FALSE
fiber	fiber_L08	2	3H:544037589	544037589	FALSE
fiber	fiber_L08	2	3H:544040990	544040990	FALSE
fiber	fiber_L08	2	3H:544041238	544041238	FALSE
fiber	fiber_L08	2	3H:544041517	544041517	FALSE
fiber	fiber_L08	2	3H:544041558	544041558	FALSE
fiber	fiber_L08	2	3H:544041838	544041838	FALSE
fiber	fiber_L08	2	3H:544042408	544042408	FALSE
fiber	fiber_L08	2	3H:544042713	544042713	FALSE
fiber	fiber_L08	2	3H:544043095	544043095	FALSE
fiber	fiber_L08	2	3H:544043420	544043420	FALSE
fiber	fiber_L08	2	3H:544049024	544049024	FALSE
fiber	fiber_L08	2	3H:544049204	544049204	FALSE
fiber	fiber_L08	2	3H:544050084	544050084	FALSE
fiber	fiber_L08	2	3H:544050350	544050350	FALSE
fiber	fiber_L08	2	3H:544050972	544050972	FALSE
fiber	fiber_L08	2	3H:544051124	544051124	FALSE
fiber	fiber_L08	2	3H:544065877	544065877	FALSE
fiber	fiber_L08	2	3H:544065898	544065898	FALSE
fiber	fiber_L08	2	3H:544066584	544066584	FALSE
fiber	fiber_L08	2	3H:544078122	544078122	FALSE
fiber	fiber_L08	2	3H:544079515	544079515	FALSE
fiber	fiber_L08	2	3H:544079584	544079584	FALSE
fiber	fiber_L08	2	3H:544084309	544084309	TRUE
fiber	fiber_L08	2	3H:544085177	544085177	FALSE
fiber	fiber_L08	2	3H:544087609	544087609	FALSE
fiber	fiber_L08	2	3H:544101173	544101173	FALSE
fiber	fiber_L08	2	3H:544103194	544103194	FALSE
fiber	fiber_L08	2	3H:544106082	544106082	FALSE
fiber	fiber_L08	2	3H:544109738	544109738	FALSE
fiber	fiber_L08	2	3H:544157696	544157696	FALSE
fiber	fiber_L08	2	3H:544172519	544172519	FALSE
fiber	fiber_L08	2	3H:544199195	544199195	FALSE
fiber	fiber_L08	2	3H:544201836	544201836	FALSE
fiber	fiber_L08	2	3H:544204863	544204863	FALSE
fiber	fiber_L08	2	3H:544209394	544209394	FALSE
fiber	fiber_L08	2	3H:544213899	544213899	FALSE
fiber	fiber_L08	2	3H:544214211	544214211	FALSE
fiber	fiber_L08	2	3H:544214515	544214515	FALSE
fiber	fiber_L08	2	3H:544214875	544214875	FALSE
fiber	fiber_L08	2	3H:544215879	544215879	FALSE
fiber	fiber_L08	2	3H:544216085	544216085	FALSE
fiber	fiber_L08	2	3H:544216102	544216102	FALSE
fiber	fiber_L08	2	3H:544216715	544216715	FALSE
fiber	fiber_L08	2	3H:544217062	544217062	FALSE
fiber	fiber_L08	2	3H:544217229	544217229	FALSE
fiber	fiber_L08	2	3H:544218548	544218548	FALSE
fiber	fiber_L08	2	3H:544218841	544218841	FALSE
fiber	fiber_L08	2	3H:544220180	544220180	FALSE
fiber	fiber_L08	2	3H:544220283	544220283	FALSE
fiber	fiber_L08	2	3H:544222668	544222668	FALSE
fiber	fiber_L08	2	3H:544223985	544223985	FALSE
fiber	fiber_L08	2	3H:544226685	544226685	FALSE
fiber	fiber_L08	2	3H:544226846	544226846	FALSE
fiber	fiber_L08	2	3H:544226980	544226980	FALSE
fiber	fiber_L08	2	3H:544227551	544227551	FALSE
fiber	fiber_L08	2	3H:544227915	544227915	FALSE
fiber	fiber_L08	2	3H:544228035	544228035	FALSE
fiber	fiber_L08	2	3H:544229805	544229805	FALSE
fiber	fiber_L08	2	3H:544229942	544229942	FALSE
fiber	fiber_L08	2	3H:544230249	544230249	FALSE
fiber	fiber_L08	2	3H:544230747	544230747	FALSE
fiber	fiber_L08	2	3H:544230819	544230819	FALSE
fiber	fiber_L08	2	3H:544231196	544231196	FALSE
fiber	fiber_L08	2	3H:544232122	544232122	FALSE
fiber	fiber_L08	2	3H:544232125	544232125	FALSE
fiber	fiber_L08	2	3H:544232220	544232220	FALSE
fiber	fiber_L08	2	3H:544232497	544232497	FALSE
fiber	fiber_L08	2	3H:544232530	544232530	FALSE
fiber	fiber_L08	2	3H:544232693	544232693	FALSE
fiber	fiber_L08	2	3H:544233078	544233078	FALSE
fiber	fiber_L08	2	3H:544233079	544233079	FALSE
fiber	fiber_L08	2	3H:544233088	544233088	FALSE
fiber	fiber_L08	2	3H:544233158	544233158	FALSE
fiber	fiber_L08	2	3H:544233235	544233235	FALSE
fiber	fiber_L08	2	3H:544233479	544233479	FALSE
fiber	fiber_L08	2	3H:544234333	544234333	FALSE
fiber	fiber_L08	2	3H:544235127	544235127	FALSE
fiber	fiber_L08	2	3H:544235131	544235131	FALSE
fiber	fiber_L08	2	3H:544239712	544239712	FALSE
fiber	fiber_L08	2	3H:544239719	544239719	FALSE
fiber	fiber_L08	2	3H:544239817	544239817	FALSE
fiber	fiber_L08	2	3H:544239822	544239822	FALSE
fiber	fiber_L08	2	3H:544240582	544240582	FALSE
fiber	fiber_L08	2	3H:544240691	544240691	FALSE
fiber	fiber_L08	2	3H:544240692	544240692	FALSE
fiber	fiber_L08	2	3H:544240719	544240719	FALSE
fiber	fiber_L08	2	3H:544240783	544240783	FALSE
fiber	fiber_L08	2	3H:544259239	544259239	FALSE
fiber	fiber_L08	2	3H:544259414	544259414	FALSE
fiber	fiber_L08	2	3H:544260035	544260035	FALSE
fiber	fiber_L08	2	3H:544260094	544260094	FALSE
fiber	fiber_L08	2	3H:544260111	544260111	FALSE
fiber	fiber_L08	2	3H:544260162	544260162	FALSE
fiber	fiber_L08	2	3H:544260334	544260334	FALSE
fiber	fiber_L08	2	3H:544260457	544260457	FALSE
fiber	fiber_L08	2	3H:544260460	544260460	FALSE
fiber	fiber_L08	2	3H:544260472	544260472	FALSE
fiber	fiber_L08	2	3H:544260481	544260481	FALSE
fiber	fiber_L08	2	3H:544260720	544260720	FALSE
fiber	fiber_L08	2	3H:544261747	544261747	FALSE
fiber	fiber_L08	2	3H:544261950	544261950	FALSE
fiber	fiber_L08	2	3H:544262448	544262448	FALSE
fiber	fiber_L08	2	3H:544262561	544262561	FALSE
fiber	fiber_L08	2	3H:544262650	544262650	FALSE
fiber	fiber_L08	2	3H:544263037	544263037	FALSE
fiber	fiber_L08	2	3H:544263185	544263185	FALSE
fiber	fiber_L08	2	3H:544263286	544263286	FALSE
fiber	fiber_L08	2	3H:544263518	544263518	FALSE
fiber	fiber_L08	2	3H:544264635	544264635	FALSE
fiber	fiber_L08	2	3H:544264879	544264879	FALSE
fiber	fiber_L08	2	3H:544266251	544266251	FALSE
fiber	fiber_L08	2	3H:544266377	544266377	FALSE
fiber	fiber_L08	2	3H:544266628	544266628	FALSE
fiber	fiber_L08	2	3H:544266771	544266771	FALSE
fiber	fiber_L08	2	3H:544266984	544266984	FALSE
fiber	fiber_L08	2	3H:544266994	544266994	FALSE
fiber	fiber_L08	2	3H:544267770	544267770	FALSE
fiber	fiber_L08	2	3H:544267822	544267822	FALSE
fiber	fiber_L08	2	3H:544268984	544268984	FALSE
fiber	fiber_L08	2	3H:544269332	544269332	FALSE
fiber	fiber_L08	2	3H:544269443	544269443	FALSE
fiber	fiber_L08	2	3H:544269493	544269493	FALSE
fiber	fiber_L08	2	3H:544269518	544269518	FALSE
fiber	fiber_L08	2	3H:544269526	544269526	FALSE
fiber	fiber_L08	2	3H:544271698	544271698	FALSE
fiber	fiber_L08	2	3H:544271777	544271777	FALSE
fiber	fiber_L08	2	3H:544272205	544272205	FALSE
fiber	fiber_L08	2	3H:544272395	544272395	FALSE
fiber	fiber_L08	2	3H:544272585	544272585	FALSE
fiber	fiber_L08	2	3H:544272664	544272664	FALSE
fiber	fiber_L08	2	3H:544272993	544272993	FALSE
fiber	fiber_L08	2	3H:544284297	544284297	FALSE
fiber	fiber_L08	2	3H:544284326	544284326	FALSE
fiber	fiber_L08	2	3H:544303629	544303629	FALSE
fiber	fiber_L08	2	3H:544303729	544303729	FALSE
fiber	fiber_L08	2	3H:544303817	544303817	FALSE
fiber	fiber_L08	2	3H:544303941	544303941	FALSE
fiber	fiber_L08	2	3H:544304061	544304061	FALSE
fiber	fiber_L08	2	3H:544304657	544304657	FALSE
fiber	fiber_L08	2	3H:544304665	544304665	FALSE
fiber	fiber_L08	2	3H:544305802	544305802	FALSE
fiber	fiber_L08	2	3H:544306308	544306308	FALSE
fiber	fiber_L08	2	3H:544306639	544306639	FALSE
fiber	fiber_L08	2	3H:544306735	544306735	FALSE
fiber	fiber_L08	2	3H:544307126	544307126	FALSE
fiber	fiber_L08	2	3H:544307427	544307427	FALSE
fiber	fiber_L08	2	3H:544308854	544308854	FALSE
fiber	fiber_L08	2	3H:544308894	544308894	FALSE
fiber	fiber_L08	2	3H:544309097	544309097	FALSE
fiber	fiber_L08	2	3H:544309371	544309371	FALSE
fiber	fiber_L08	2	3H:544310086	544310086	FALSE
fiber	fiber_L08	2	3H:544310097	544310097	FALSE
fiber	fiber_L08	2	3H:544310183	544310183	FALSE
fiber	fiber_L08	2	3H:544310221	544310221	FALSE
fiber	fiber_L08	2	3H:544310471	544310471	FALSE
fiber	fiber_L08	2	3H:544310545	544310545	FALSE
fiber	fiber_L08	2	3H:544312431	544312431	FALSE
fiber	fiber_L08	2	3H:544312438	544312438	FALSE
fiber	fiber_L08	2	3H:544312449	544312449	FALSE
fiber	fiber_L08	2	3H:544312743	544312743	FALSE
fiber	fiber_L08	2	3H:544312811	544312811	FALSE
fiber	fiber_L08	2	3H:544312891	544312891	FALSE
fiber	fiber_L08	2	3H:544313016	544313016	FALSE
fiber	fiber_L08	2	3H:544313054	544313054	FALSE
fiber	fiber_L08	2	3H:544313099	544313099	FALSE
fiber	fiber_L08	2	3H:544313622	544313622	FALSE
fiber	fiber_L08	2	3H:544314057	544314057	FALSE
fiber	fiber_L08	2	3H:544314201	544314201	FALSE
fiber	fiber_L08	2	3H:544314226	544314226	FALSE
fiber	fiber_L08	2	3H:544314471	544314471	FALSE
fiber	fiber_L08	2	3H:544329119	544329119	FALSE
fiber	fiber_L08	2	3H:544329254	544329254	FALSE
fiber	fiber_L08	2	3H:544329265	544329265	FALSE
fiber	fiber_L08	2	3H:544329310	544329310	FALSE
fiber	fiber_L08	2	3H:544329347	544329347	FALSE
fiber	fiber_L08	2	3H:544329614	544329614	FALSE
fiber	fiber_L08	2	3H:544330315	544330315	FALSE
fiber	fiber_L08	2	3H:544330510	544330510	FALSE
fiber	fiber_L08	2	3H:544330777	544330777	FALSE
fiber	fiber_L08	2	3H:544331829	544331829	FALSE
fiber	fiber_L08	2	3H:544333551	544333551	FALSE
fiber	fiber_L08	2	3H:544333644	544333644	FALSE
fiber	fiber_L08	2	3H:544333645	544333645	FALSE
fiber	fiber_L08	2	3H:544333729	544333729	FALSE
fiber	fiber_L08	2	3H:544333752	544333752	FALSE
fiber	fiber_L08	2	3H:544333795	544333795	FALSE
fiber	fiber_L08	2	3H:544333980	544333980	FALSE
fiber	fiber_L08	2	3H:544333994	544333994	FALSE
fiber	fiber_L08	2	3H:544334016	544334016	FALSE
fiber	fiber_L08	2	3H:544334034	544334034	FALSE
fiber	fiber_L08	2	3H:544334038	544334038	FALSE
fiber	fiber_L08	2	3H:544334830	544334830	FALSE
fiber	fiber_L08	2	3H:544335194	544335194	FALSE
fiber	fiber_L08	2	3H:544335224	544335224	FALSE
fiber	fiber_L08	2	3H:544335243	544335243	FALSE
fiber	fiber_L08	2	3H:544335283	544335283	FALSE
fiber	fiber_L08	2	3H:544335307	544335307	FALSE
fiber	fiber_L08	2	3H:544335566	544335566	FALSE
fiber	fiber_L08	2	3H:544335947	544335947	FALSE
fiber	fiber_L08	2	3H:544337662	544337662	FALSE
fiber	fiber_L08	2	3H:544338627	544338627	FALSE
fiber	fiber_L08	2	3H:544368533	544368533	FALSE
fiber	fiber_L08	2	3H:544368750	544368750	FALSE
fiber	fiber_L08	2	3H:544368766	544368766	FALSE
fiber	fiber_L08	2	3H:544368939	544368939	FALSE
fiber	fiber_L08	2	3H:544369038	544369038	FALSE
fiber	fiber_L08	2	3H:544369681	544369681	FALSE
fiber	fiber_L08	2	3H:544370225	544370225	FALSE
fiber	fiber_L08	2	3H:544370725	544370725	FALSE
fiber	fiber_L08	2	3H:544370735	544370735	FALSE
fiber	fiber_L08	2	3H:544371024	544371024	FALSE
fiber	fiber_L08	2	3H:544371057	544371057	FALSE
fiber	fiber_L08	2	3H:544371072	544371072	FALSE
fiber	fiber_L08	2	3H:544371079	544371079	FALSE
fiber	fiber_L08	2	3H:544371138	544371138	FALSE
fiber	fiber_L08	2	3H:544371145	544371145	FALSE
fiber	fiber_L08	2	3H:544371173	544371173	FALSE
fiber	fiber_L08	2	3H:544371191	544371191	FALSE
fiber	fiber_L08	2	3H:544371212	544371212	FALSE
fiber	fiber_L08	2	3H:544372020	544372020	FALSE
fiber	fiber_L08	2	3H:544372733	544372733	FALSE
fiber	fiber_L08	2	3H:544373186	544373186	FALSE
fiber	fiber_L08	2	3H:544373227	544373227	FALSE
fiber	fiber_L08	2	3H:544373382	544373382	FALSE
fiber	fiber_L08	2	3H:544373581	544373581	FALSE
fiber	fiber_L08	2	3H:544373635	544373635	FALSE
fiber	fiber_L08	2	3H:544373704	544373704	FALSE
fiber	fiber_L08	2	3H:544373812	544373812	FALSE
fiber	fiber_L08	2	3H:544373898	544373898	FALSE
fiber	fiber_L08	2	3H:544373913	544373913	FALSE
fiber	fiber_L08	2	3H:544373916	544373916	FALSE
fiber	fiber_L08	2	3H:544374465	544374465	FALSE
fiber	fiber_L08	2	3H:544374481	544374481	FALSE
fiber	fiber_L08	2	3H:544374608	544374608	FALSE
fiber	fiber_L08	2	3H:544374630	544374630	FALSE
fiber	fiber_L08	2	3H:544374743	544374743	FALSE
fiber	fiber_L08	2	3H:544375116	544375116	FALSE
fiber	fiber_L08	2	3H:544375269	544375269	FALSE
fiber	fiber_L08	2	3H:544375328	544375328	FALSE
fiber	fiber_L08	2	3H:544375362	544375362	FALSE
fiber	fiber_L08	2	3H:544375382	544375382	FALSE
fiber	fiber_L08	2	3H:544375649	544375649	FALSE
fiber	fiber_L08	2	3H:544376741	544376741	FALSE
fiber	fiber_L08	2	3H:544377273	544377273	FALSE
fiber	fiber_L08	2	3H:544377456	544377456	FALSE
fiber	fiber_L08	2	3H:544377671	544377671	FALSE
fiber	fiber_L08	2	3H:544378376	544378376	FALSE
fiber	fiber_L08	2	3H:544379139	544379139	FALSE
fiber	fiber_L08	2	3H:544379415	544379415	FALSE
fiber	fiber_L08	2	3H:544379597	544379597	FALSE
fiber	fiber_L08	2	3H:544380437	544380437	FALSE
fiber	fiber_L08	2	3H:544380877	544380877	FALSE
fiber	fiber_L08	2	3H:544380930	544380930	FALSE
fiber	fiber_L08	2	3H:544381791	544381791	FALSE
fiber	fiber_L08	2	3H:544381847	544381847	FALSE
fiber	fiber_L08	2	3H:544381859	544381859	FALSE
fiber	fiber_L08	2	3H:544381864	544381864	FALSE
fiber	fiber_L08	2	3H:544381865	544381865	FALSE
fiber	fiber_L08	2	3H:544382131	544382131	FALSE
fiber	fiber_L08	2	3H:544382470	544382470	FALSE
fiber	fiber_L08	2	3H:544382487	544382487	FALSE
fiber	fiber_L08	2	3H:544382488	544382488	FALSE
fiber	fiber_L08	2	3H:544383169	544383169	FALSE
fiber	fiber_L08	2	3H:544383626	544383626	FALSE
fiber	fiber_L08	2	3H:544383724	544383724	FALSE
fiber	fiber_L08	2	3H:544384173	544384173	FALSE
fiber	fiber_L08	2	3H:544384191	544384191	FALSE
fiber	fiber_L08	2	3H:544384528	544384528	FALSE
fiber	fiber_L08	2	3H:544384718	544384718	FALSE
fiber	fiber_L08	2	3H:544390773	544390773	FALSE
fiber	fiber_L08	2	3H:544390778	544390778	FALSE
fiber	fiber_L08	2	3H:544391129	544391129	FALSE
fiber	fiber_L08	2	3H:544391739	544391739	FALSE
fiber	fiber_L08	2	3H:544393233	544393233	FALSE
fiber	fiber_L08	2	3H:544393557	544393557	FALSE
fiber	fiber_L08	2	3H:544393661	544393661	FALSE
fiber	fiber_L08	2	3H:544393974	544393974	FALSE
fiber	fiber_L08	2	3H:544394113	544394113	FALSE
fiber	fiber_L08	2	3H:544395317	544395317	FALSE
fiber	fiber_L08	2	3H:544396043	544396043	FALSE
fiber	fiber_L08	2	3H:544396127	544396127	FALSE
fiber	fiber_L08	2	3H:544396177	544396177	FALSE
fiber	fiber_L08	2	3H:544396179	544396179	FALSE
fiber	fiber_L08	2	3H:544396322	544396322	FALSE
fiber	fiber_L08	2	3H:544396323	544396323	FALSE
fiber	fiber_L08	2	3H:544396335	544396335	FALSE
fiber	fiber_L08	2	3H:544396735	544396735	FALSE
fiber	fiber_L08	2	3H:544397153	544397153	FALSE
fiber	fiber_L08	2	3H:544397511	544397511	FALSE
fiber	fiber_L08	2	3H:544398532	544398532	FALSE
fiber	fiber_L08	2	3H:544398539	544398539	FALSE
fiber	fiber_L08	2	3H:544399034	544399034	FALSE
fiber	fiber_L08	2	3H:544399349	544399349	FALSE
fiber	fiber_L08	2	3H:544402153	544402153	FALSE
fiber	fiber_L08	2	3H:544402156	544402156	FALSE
fiber	fiber_L08	2	3H:544409275	544409275	FALSE
fiber	fiber_L08	2	3H:544409298	544409298	FALSE
fiber	fiber_L08	2	3H:544410852	544410852	FALSE
fiber	fiber_L08	2	3H:544423345	544423345	FALSE
fiber	fiber_L08	2	3H:544435732	544435732	FALSE
fiber	fiber_L08	2	3H:544435794	544435794	FALSE
fiber	fiber_L08	2	3H:544435845	544435845	FALSE
fiber	fiber_L08	2	3H:544435996	544435996	FALSE
fiber	fiber_L08	2	3H:544436236	544436236	FALSE
fiber	fiber_L08	2	3H:544436294	544436294	FALSE
fiber	fiber_L08	2	3H:544436318	544436318	FALSE
fiber	fiber_L08	2	3H:544436339	544436339	FALSE
fiber	fiber_L08	2	3H:544437178	544437178	FALSE
fiber	fiber_L08	2	3H:544437537	544437537	FALSE
fiber	fiber_L08	2	3H:544438738	544438738	FALSE
fiber	fiber_L08	2	3H:544438867	544438867	FALSE
fiber	fiber_L08	2	3H:544440795	544440795	FALSE
fiber	fiber_L08	2	3H:544440810	544440810	FALSE
fiber	fiber_L08	2	3H:544441208	544441208	FALSE
fiber	fiber_L08	2	3H:544441256	544441256	FALSE
fiber	fiber_L08	2	3H:544441294	544441294	FALSE
fiber	fiber_L08	2	3H:544441359	544441359	FALSE
fiber	fiber_L08	2	3H:544441424	544441424	FALSE
fiber	fiber_L08	2	3H:544441997	544441997	FALSE
fiber	fiber_L08	2	3H:544447746	544447746	FALSE
fiber	fiber_L08	2	3H:544450110	544450110	FALSE
fiber	fiber_L08	2	3H:544450118	544450118	FALSE
fiber	fiber_L08	2	3H:544455817	544455817	FALSE
fiber	fiber_L08	2	3H:544469047	544469047	FALSE
fiber	fiber_L08	2	3H:544469645	544469645	FALSE
fiber	fiber_L08	2	3H:544470125	544470125	FALSE
fiber	fiber_L08	2	3H:544472718	544472718	FALSE
fiber	fiber_L08	2	3H:544474741	544474741	FALSE
fiber	fiber_L08	2	3H:544475314	544475314	FALSE
fiber	fiber_L08	2	3H:544476468	544476468	FALSE
fiber	fiber_L08	2	3H:544476469	544476469	FALSE
fiber	fiber_L08	2	3H:544476612	544476612	FALSE
fiber	fiber_L08	2	3H:544476787	544476787	FALSE
fiber	fiber_L08	2	3H:544478262	544478262	FALSE
fiber	fiber_L08	2	3H:544478806	544478806	FALSE
fiber	fiber_L08	2	3H:544480329	544480329	FALSE
fiber	fiber_L08	2	3H:544480384	544480384	FALSE
fiber	fiber_L08	2	3H:544480588	544480588	FALSE
fiber	fiber_L08	2	3H:544481110	544481110	FALSE
fiber	fiber_L08	2	3H:544488005	544488005	FALSE
fiber	fiber_L08	2	3H:544488613	544488613	FALSE
fiber	fiber_L08	2	3H:544488622	544488622	FALSE
fiber	fiber_L08	2	3H:544488885	544488885	FALSE
fiber	fiber_L08	2	3H:544489314	544489314	FALSE
fiber	fiber_L08	2	3H:544492963	544492963	FALSE
fiber	fiber_L08	2	3H:544493016	544493016	FALSE
fiber	fiber_L08	2	3H:544493600	544493600	FALSE
fiber	fiber_L08	2	3H:544494099	544494099	FALSE
fiber	fiber_L08	2	3H:544494115	544494115	FALSE
fiber	fiber_L08	2	3H:544494213	544494213	FALSE
fiber	fiber_L08	2	3H:544494289	544494289	FALSE
fiber	fiber_L08	2	3H:544494439	544494439	FALSE
fiber	fiber_L08	2	3H:544494737	544494737	FALSE
fiber	fiber_L08	2	3H:544495809	544495809	FALSE
fiber	fiber_L08	2	3H:544500269	544500269	FALSE
fiber	fiber_L08	2	3H:544502553	544502553	FALSE
fiber	fiber_L08	2	3H:544502639	544502639	FALSE
fiber	fiber_L08	2	3H:544523402	544523402	FALSE
fiber	fiber_L08	2	3H:544523474	544523474	FALSE
fiber	fiber_L08	2	3H:544523822	544523822	FALSE
fiber	fiber_L08	2	3H:544524600	544524600	FALSE
fiber	fiber_L08	2	3H:544524675	544524675	FALSE
fiber	fiber_L08	2	3H:544526073	544526073	FALSE
fiber	fiber_L08	2	3H:544526502	544526502	FALSE
fiber	fiber_L08	2	3H:544526963	544526963	FALSE
fiber	fiber_L08	2	3H:544527122	544527122	FALSE
fiber	fiber_L08	2	3H:544527146	544527146	FALSE
fiber	fiber_L08	2	3H:544527535	544527535	FALSE
fiber	fiber_L08	2	3H:544527896	544527896	FALSE
fiber	fiber_L08	2	3H:544528630	544528630	FALSE
fiber	fiber_L08	2	3H:544530218	544530218	FALSE
fiber	fiber_L08	2	3H:544531291	544531291	FALSE
fiber	fiber_L08	2	3H:544531314	544531314	FALSE
fiber	fiber_L08	2	3H:544532108	544532108	FALSE
fiber	fiber_L08	2	3H:544532329	544532329	FALSE
fiber	fiber_L08	2	3H:544532564	544532564	FALSE
fiber	fiber_L08	2	3H:544532593	544532593	FALSE
fiber	fiber_L08	2	3H:544533023	544533023	FALSE
fiber	fiber_L08	2	3H:544533570	544533570	FALSE
fiber	fiber_L08	2	3H:544533754	544533754	FALSE
fiber	fiber_L08	2	3H:544535014	544535014	FALSE
fiber	fiber_L08	2	3H:544535059	544535059	FALSE
fiber	fiber_L08	2	3H:544537294	544537294	FALSE
fiber	fiber_L08	2	3H:544537368	544537368	FALSE
fiber	fiber_L08	2	3H:544537389	544537389	FALSE
fiber	fiber_L08	2	3H:544537552	544537552	FALSE
fiber	fiber_L08	2	3H:544537684	544537684	FALSE
fiber	fiber_L08	2	3H:544539589	544539589	FALSE
fiber	fiber_L08	2	3H:544539729	544539729	FALSE
fiber	fiber_L08	2	3H:544540468	544540468	FALSE
fiber	fiber_L08	2	3H:544548484	544548484	FALSE
fiber	fiber_L08	2	3H:544550561	544550561	FALSE
fiber	fiber_L08	2	3H:544551968	544551968	FALSE
fiber	fiber_L08	2	3H:544552297	544552297	FALSE
fiber	fiber_L08	2	3H:544553006	544553006	FALSE
fiber	fiber_L08	2	3H:544553084	544553084	FALSE
fiber	fiber_L08	2	3H:544553480	544553480	FALSE
fiber	fiber_L08	2	3H:544554652	544554652	FALSE
fiber	fiber_L08	2	3H:544556467	544556467	FALSE
fiber	fiber_L08	2	3H:544556977	544556977	FALSE
fiber	fiber_L08	2	3H:544557846	544557846	FALSE
fiber	fiber_L08	2	3H:544567389	544567389	FALSE
fiber	fiber_L08	2	3H:544567472	544567472	FALSE
fiber	fiber_L08	2	3H:544567487	544567487	FALSE
fiber	fiber_L08	2	3H:544567506	544567506	FALSE
fiber	fiber_L08	2	3H:544568489	544568489	FALSE
fiber	fiber_L08	2	3H:544571143	544571143	FALSE
fiber	fiber_L08	2	3H:544571959	544571959	FALSE
fiber	fiber_L08	2	3H:544572566	544572566	FALSE
fiber	fiber_L08	2	3H:544573804	544573804	FALSE
fiber	fiber_L08	2	3H:544573945	544573945	FALSE
fiber	fiber_L08	2	3H:544575073	544575073	FALSE
fiber	fiber_L08	2	3H:544575258	544575258	FALSE
fiber	fiber_L08	2	3H:544575260	544575260	FALSE
fiber	fiber_L08	2	3H:544576613	544576613	FALSE
fiber	fiber_L08	2	3H:544577033	544577033	FALSE
fiber	fiber_L08	2	3H:544577921	544577921	FALSE
fiber	fiber_L08	2	3H:544578201	544578201	FALSE
fiber	fiber_L08	2	3H:544578293	544578293	FALSE
fiber	fiber_L08	2	3H:544578556	544578556	FALSE
fiber	fiber_L08	2	3H:544585193	544585193	FALSE
fiber	fiber_L08	2	3H:544586724	544586724	FALSE
fiber	fiber_L08	2	3H:544598103	544598103	FALSE
fiber	fiber_L08	2	3H:544632507	544632507	FALSE
fiber	fiber_L08	2	3H:544635208	544635208	FALSE
fiber	fiber_L08	2	3H:544635825	544635825	FALSE
fiber	fiber_L08	2	3H:544635930	544635930	FALSE
fiber	fiber_L08	2	3H:544636023	544636023	FALSE
fiber	fiber_L08	2	3H:544636448	544636448	FALSE
fiber	fiber_L08	2	3H:544636913	544636913	FALSE
fiber	fiber_L08	2	3H:544647870	544647870	FALSE
fiber	fiber_L08	2	3H:544648438	544648438	FALSE
fiber	fiber_L08	2	3H:544657890	544657890	FALSE
fiber	fiber_L08	2	3H:544658049	544658049	FALSE
fiber	fiber_L08	2	3H:544659344	544659344	FALSE
fiber	fiber_L08	2	3H:544660436	544660436	FALSE
fiber	fiber_L08	2	3H:544660609	544660609	FALSE
fiber	fiber_L08	2	3H:544660652	544660652	FALSE
fiber	fiber_L08	2	3H:544660762	544660762	FALSE
fiber	fiber_L08	2	3H:544678784	544678784	FALSE
fiber	fiber_L08	2	3H:544727433	544727433	FALSE
fiber	fiber_L08	2	3H:544730486	544730486	FALSE
fiber	fiber_L08	2	3H:544732881	544732881	FALSE
fiber	fiber_L08	2	3H:544734020	544734020	FALSE
fiber	fiber_L08	2	3H:544738387	544738387	FALSE
fiber	fiber_L08	2	3H:544738438	544738438	FALSE
fiber	fiber_L08	2	3H:544738504	544738504	FALSE
fiber	fiber_L08	2	3H:544738566	544738566	FALSE
fiber	fiber_L08	2	3H:544739153	544739153	FALSE
fiber	fiber_L08	2	3H:544739933	544739933	FALSE
fiber	fiber_L08	2	3H:544739970	544739970	FALSE
fiber	fiber_L08	2	3H:544749201	544749201	FALSE
fiber	fiber_L08	2	3H:544749524	544749524	FALSE
fiber	fiber_L08	2	3H:544764339	544764339	FALSE
fiber	fiber_L08	2	3H:544767272	544767272	FALSE
fiber	fiber_L08	2	3H:544768151	544768151	FALSE
fiber	fiber_L08	2	3H:544770637	544770637	FALSE
fiber	fiber_L08	2	3H:544771745	544771745	FALSE
fiber	fiber_L08	2	3H:544773058	544773058	FALSE
fiber	fiber_L08	2	3H:544776494	544776494	FALSE
fiber	fiber_L08	2	3H:544776578	544776578	FALSE
fiber	fiber_L08	2	3H:544777187	544777187	FALSE
fiber	fiber_L08	2	3H:544777750	544777750	FALSE
fiber	fiber_L08	2	3H:544778382	544778382	FALSE
fiber	fiber_L08	2	3H:544780556	544780556	FALSE
fiber	fiber_L08	2	3H:544781232	544781232	FALSE
fiber	fiber_L08	2	3H:544781828	544781828	FALSE
fiber	fiber_L08	2	3H:544781862	544781862	FALSE
fiber	fiber_L08	2	3H:544782756	544782756	FALSE
fiber	fiber_L08	2	3H:544783162	544783162	FALSE
fiber	fiber_L08	2	3H:544783254	544783254	FALSE
fiber	fiber_L08	2	3H:544787220	544787220	FALSE
fiber	fiber_L08	2	3H:544787654	544787654	FALSE
fiber	fiber_L08	2	3H:544787797	544787797	FALSE
fiber	fiber_L08	2	3H:544789274	544789274	FALSE
fiber	fiber_L08	2	3H:544789279	544789279	FALSE
fiber	fiber_L08	2	3H:544798706	544798706	FALSE
fiber	fiber_L08	2	3H:544799291	544799291	FALSE
fiber	fiber_L08	2	3H:544799618	544799618	FALSE
fiber	fiber_L08	2	3H:544801832	544801832	FALSE
fiber	fiber_L08	2	3H:544801837	544801837	FALSE
fiber	fiber_L08	2	3H:544801845	544801845	FALSE
fiber	fiber_L08	2	3H:544801865	544801865	FALSE
fiber	fiber_L08	2	3H:544803163	544803163	FALSE
fiber	fiber_L08	2	3H:544805022	544805022	FALSE
fiber	fiber_L08	2	3H:544807172	544807172	FALSE
fiber	fiber_L08	2	3H:544807832	544807832	FALSE
fiber	fiber_L08	2	3H:544808550	544808550	FALSE
fiber	fiber_L08	2	3H:544808634	544808634	FALSE
fiber	fiber_L08	2	3H:544809936	544809936	FALSE
fiber	fiber_L08	2	3H:544809945	544809945	FALSE
fiber	fiber_L08	2	3H:544810761	544810761	FALSE
fiber	fiber_L08	2	3H:544810763	544810763	FALSE
fiber	fiber_L08	2	3H:544813306	544813306	FALSE
fiber	fiber_L08	2	3H:544813928	544813928	FALSE
fiber	fiber_L08	2	3H:544816003	544816003	FALSE
fiber	fiber_L08	2	3H:544816144	544816144	FALSE
fiber	fiber_L08	2	3H:544816464	544816464	FALSE
fiber	fiber_L08	2	3H:544816657	544816657	FALSE
fiber	fiber_L08	2	3H:544817497	544817497	FALSE
fiber	fiber_L08	2	3H:544819017	544819017	FALSE
fiber	fiber_L08	2	3H:544819083	544819083	FALSE
fiber	fiber_L08	2	3H:544837287	544837287	FALSE
fiber	fiber_L08	2	3H:544838376	544838376	FALSE
fiber	fiber_L08	2	3H:544838626	544838626	FALSE
fiber	fiber_L08	2	3H:544839228	544839228	FALSE
fiber	fiber_L08	2	3H:544839806	544839806	FALSE
fiber	fiber_L08	2	3H:544840716	544840716	FALSE
fiber	fiber_L08	2	3H:544840833	544840833	FALSE
fiber	fiber_L08	2	3H:544842280	544842280	FALSE
fiber	fiber_L08	2	3H:544842313	544842313	FALSE
fiber	fiber_L08	2	3H:544843554	544843554	FALSE
fiber	fiber_L08	2	3H:544850610	544850610	FALSE
fiber	fiber_L08	2	3H:544850730	544850730	FALSE
fiber	fiber_L08	2	3H:544858001	544858001	FALSE
fiber	fiber_L08	2	3H:544872354	544872354	FALSE
fiber	fiber_L08	2	3H:544872838	544872838	FALSE
fiber	fiber_L08	2	3H:544881486	544881486	FALSE
fiber	fiber_L08	2	3H:544881862	544881862	FALSE
fiber	fiber_L08	2	3H:544882259	544882259	FALSE
fiber	fiber_L08	2	3H:544883209	544883209	FALSE
fiber	fiber_L08	2	3H:544883778	544883778	FALSE
fiber	fiber_L08	2	3H:544884082	544884082	FALSE
fiber	fiber_L08	2	3H:544884087	544884087	FALSE
fiber	fiber_L08	2	3H:544885002	544885002	FALSE
fiber	fiber_L08	2	3H:544885385	544885385	FALSE
fiber	fiber_L08	2	3H:544885468	544885468	FALSE
fiber	fiber_L08	2	3H:544904212	544904212	FALSE
fiber	fiber_L08	2	3H:544904223	544904223	FALSE
fiber	fiber_L08	2	3H:544912161	544912161	FALSE
fiber	fiber_L08	2	3H:544912647	544912647	FALSE
fiber	fiber_L08	2	3H:544912669	544912669	FALSE
fiber	fiber_L08	2	3H:544915555	544915555	FALSE
fiber	fiber_L08	2	3H:544916121	544916121	FALSE
fiber	fiber_L08	2	3H:544916229	544916229	FALSE
fiber	fiber_L08	2	3H:544916667	544916667	FALSE
fiber	fiber_L08	2	3H:544919954	544919954	FALSE
fiber	fiber_L08	2	3H:544920056	544920056	FALSE
fiber	fiber_L08	2	3H:544920671	544920671	FALSE
fiber	fiber_L08	2	3H:544921858	544921858	FALSE
fiber	fiber_L08	2	3H:544922316	544922316	FALSE
fiber	fiber_L08	2	3H:544922528	544922528	FALSE
fiber	fiber_L08	2	3H:544925242	544925242	FALSE
fiber	fiber_L08	2	3H:544925246	544925246	FALSE
fiber	fiber_L08	2	3H:544925626	544925626	FALSE
fiber	fiber_L08	2	3H:544926015	544926015	FALSE
fiber	fiber_L08	2	3H:544926426	544926426	FALSE
fiber	fiber_L08	2	3H:544928725	544928725	FALSE
fiber	fiber_L08	2	3H:544928730	544928730	FALSE
fiber	fiber_L08	2	3H:544931487	544931487	FALSE
fiber	fiber_L08	2	3H:544935869	544935869	FALSE
fiber	fiber_L08	2	3H:544936362	544936362	FALSE
fiber	fiber_L08	2	3H:544936396	544936396	FALSE
fiber	fiber_L08	2	3H:544936401	544936401	FALSE
fiber	fiber_L08	2	3H:544937083	544937083	FALSE
fiber	fiber_L08	2	3H:544937500	544937500	FALSE
fiber	fiber_L08	2	3H:544937637	544937637	FALSE
fiber	fiber_L08	2	3H:544938205	544938205	FALSE
fiber	fiber_L08	2	3H:544938341	544938341	FALSE
fiber	fiber_L08	2	3H:544939166	544939166	FALSE
fiber	fiber_L08	2	3H:544939235	544939235	FALSE
fiber	fiber_L08	2	3H:544939523	544939523	FALSE
fiber	fiber_L08	2	3H:544940506	544940506	FALSE
fiber	fiber_L08	2	3H:544940588	544940588	FALSE
fiber	fiber_L08	2	3H:544940929	544940929	FALSE
fiber	fiber_L08	2	3H:544941587	544941587	FALSE
fiber	fiber_L08	2	3H:544947980	544947980	FALSE
fiber	fiber_L08	2	3H:544948032	544948032	FALSE
fiber	fiber_L08	2	3H:544952812	544952812	FALSE
fiber	fiber_L08	2	3H:544966562	544966562	FALSE
fiber	fiber_L08	2	3H:544973139	544973139	FALSE
fiber	fiber_L08	2	3H:544974317	544974317	FALSE
fiber	fiber_L08	2	3H:545002123	545002123	FALSE
fiber	fiber_L08	2	3H:545002139	545002139	FALSE
fiber	fiber_L08	2	3H:545002164	545002164	FALSE
fiber	fiber_L08	2	3H:545002186	545002186	FALSE
fiber	fiber_L08	2	3H:545002229	545002229	FALSE
fiber	fiber_L08	2	3H:545002387	545002387	FALSE
fiber	fiber_L08	2	3H:545002620	545002620	FALSE
fiber	fiber_L08	2	3H:545002856	545002856	FALSE
fiber	fiber_L08	2	3H:545002885	545002885	FALSE
fiber	fiber_L08	2	3H:545002940	545002940	FALSE
fiber	fiber_L08	2	3H:545002972	545002972	FALSE
fiber	fiber_L08	2	3H:545003366	545003366	FALSE
fiber	fiber_L08	2	3H:545003442	545003442	FALSE
fiber	fiber_L08	2	3H:545004845	545004845	FALSE
fiber	fiber_L08	2	3H:545004916	545004916	FALSE
fiber	fiber_L08	2	3H:545004990	545004990	FALSE
fiber	fiber_L08	2	3H:545005732	545005732	FALSE
fiber	fiber_L08	2	3H:545006075	545006075	FALSE
fiber	fiber_L08	2	3H:545006214	545006214	FALSE
fiber	fiber_L08	2	3H:545019358	545019358	FALSE
fiber	fiber_L08	2	3H:545020263	545020263	FALSE
fiber	fiber_L08	2	3H:545020264	545020264	FALSE
fiber	fiber_L08	2	3H:545020309	545020309	FALSE
fiber	fiber_L08	2	3H:545022317	545022317	FALSE
fiber	fiber_L08	2	3H:545024699	545024699	FALSE
fiber	fiber_L08	2	3H:545025437	545025437	FALSE
fiber	fiber_L08	2	3H:545026337	545026337	FALSE
fiber	fiber_L08	2	3H:545026355	545026355	FALSE
fiber	fiber_L08	2	3H:545031024	545031024	FALSE
fiber	fiber_L08	2	3H:545031337	545031337	FALSE
fiber	fiber_L08	2	3H:545032912	545032912	FALSE
fiber	fiber_L08	2	3H:545034041	545034041	FALSE
fiber	fiber_L08	2	3H:545034157	545034157	FALSE
fiber	fiber_L08	2	3H:545034539	545034539	FALSE
fiber	fiber_L08	2	3H:545035217	545035217	FALSE
fiber	fiber_L08	2	3H:545035528	545035528	FALSE
fiber	fiber_L08	2	3H:545037504	545037504	FALSE
fiber	fiber_L08	2	3H:545037807	545037807	FALSE
fiber	fiber_L08	2	3H:545037942	545037942	FALSE
fiber	fiber_L08	2	3H:545038558	545038558	FALSE
fiber	fiber_L08	2	3H:545038816	545038816	FALSE
fiber	fiber_L08	2	3H:545052833	545052833	FALSE
fiber	fiber_L08	2	3H:545054339	545054339	FALSE
fiber	fiber_L08	2	3H:545055364	545055364	FALSE
fiber	fiber_L08	2	3H:545056768	545056768	FALSE
fiber	fiber_L08	2	3H:545058976	545058976	FALSE
fiber	fiber_L08	2	3H:545060263	545060263	FALSE
fiber	fiber_L08	2	3H:545060526	545060526	FALSE
fiber	fiber_L08	2	3H:545067988	545067988	FALSE
fiber	fiber_L08	2	3H:545069070	545069070	FALSE
fiber	fiber_L08	2	3H:545069118	545069118	FALSE
fiber	fiber_L08	2	3H:545069168	545069168	FALSE
fiber	fiber_L08	2	3H:545069569	545069569	FALSE
fiber	fiber_L08	2	3H:545070028	545070028	FALSE
fiber	fiber_L08	2	3H:545070337	545070337	FALSE
fiber	fiber_L08	2	3H:545072300	545072300	FALSE
fiber	fiber_L08	2	3H:545073127	545073127	FALSE
fiber	fiber_L08	2	3H:545073181	545073181	FALSE
fiber	fiber_L08	2	3H:545073183	545073183	FALSE
fiber	fiber_L08	2	3H:545073549	545073549	FALSE
fiber	fiber_L08	2	3H:545073802	545073802	FALSE
fiber	fiber_L08	2	3H:545073831	545073831	FALSE
fiber	fiber_L08	2	3H:545087582	545087582	FALSE
fiber	fiber_L08	2	3H:545087842	545087842	FALSE
fiber	fiber_L08	2	3H:545087876	545087876	FALSE
fiber	fiber_L08	2	3H:545089284	545089284	FALSE
fiber	fiber_L08	2	3H:545089888	545089888	FALSE
fiber	fiber_L08	2	3H:545089986	545089986	FALSE
fiber	fiber_L08	2	3H:545090130	545090130	FALSE
fiber	fiber_L08	2	3H:545090162	545090162	FALSE
fiber	fiber_L08	2	3H:545103735	545103735	FALSE
fiber	fiber_L08	2	3H:545104324	545104324	FALSE
fiber	fiber_L08	2	3H:545104369	545104369	FALSE
fiber	fiber_L08	2	3H:545104782	545104782	FALSE
fiber	fiber_L08	2	3H:545104828	545104828	FALSE
fiber	fiber_L08	2	3H:545106264	545106264	FALSE
fiber	fiber_L08	2	3H:545115679	545115679	FALSE
fiber	fiber_L08	2	3H:545115944	545115944	FALSE
fiber	fiber_L08	2	3H:545116072	545116072	FALSE
fiber	fiber_L08	2	3H:545116141	545116141	FALSE
fiber	fiber_L08	2	3H:545116182	545116182	FALSE
fiber	fiber_L08	2	3H:545116231	545116231	FALSE
fiber	fiber_L08	2	3H:545116535	545116535	FALSE
fiber	fiber_L08	2	3H:545116843	545116843	FALSE
fiber	fiber_L08	2	3H:545117861	545117861	FALSE
fiber	fiber_L08	2	3H:545117864	545117864	FALSE
fiber	fiber_L08	2	3H:545117912	545117912	FALSE
fiber	fiber_L08	2	3H:545118030	545118030	FALSE
fiber	fiber_L08	2	3H:545119583	545119583	FALSE
fiber	fiber_L08	2	3H:545127370	545127370	FALSE
fiber	fiber_L08	2	3H:545127722	545127722	FALSE
fiber	fiber_L08	2	3H:545127782	545127782	FALSE
fiber	fiber_L08	2	3H:545127987	545127987	FALSE
fiber	fiber_L08	2	3H:545128680	545128680	FALSE
fiber	fiber_L08	2	3H:545129340	545129340	FALSE
fiber	fiber_L08	2	3H:545130667	545130667	FALSE
fiber	fiber_L08	2	3H:545131038	545131038	FALSE
fiber	fiber_L08	2	3H:545131786	545131786	FALSE
fiber	fiber_L08	2	3H:545132019	545132019	FALSE
fiber	fiber_L08	2	3H:545132201	545132201	FALSE
fiber	fiber_L08	2	3H:545132871	545132871	FALSE
fiber	fiber_L08	2	3H:545133062	545133062	FALSE
fiber	fiber_L08	2	3H:545133188	545133188	FALSE
fiber	fiber_L08	2	3H:545133339	545133339	FALSE
fiber	fiber_L08	2	3H:545133372	545133372	FALSE
fiber	fiber_L08	2	3H:545144435	545144435	FALSE
fiber	fiber_L08	2	3H:545146068	545146068	FALSE
fiber	fiber_L08	2	3H:545146346	545146346	FALSE
fiber	fiber_L08	2	3H:545148781	545148781	FALSE
fiber	fiber_L08	2	3H:545152258	545152258	FALSE
fiber	fiber_L08	2	3H:545152276	545152276	FALSE
fiber	fiber_L08	2	3H:545152317	545152317	FALSE
fiber	fiber_L08	2	3H:545153215	545153215	FALSE
fiber	fiber_L08	2	3H:545153342	545153342	FALSE
fiber	fiber_L08	2	3H:545153479	545153479	FALSE
fiber	fiber_L08	2	3H:545153555	545153555	FALSE
fiber	fiber_L08	2	3H:545154631	545154631	FALSE
fiber	fiber_L08	2	3H:545155200	545155200	FALSE
fiber	fiber_L08	2	3H:545156096	545156096	FALSE
fiber	fiber_L08	2	3H:545157244	545157244	FALSE
fiber	fiber_L08	2	3H:545157354	545157354	FALSE
fiber	fiber_L08	2	3H:545157465	545157465	FALSE
fiber	fiber_L08	2	3H:545157509	545157509	FALSE
fiber	fiber_L08	2	3H:545157514	545157514	FALSE
fiber	fiber_L08	2	3H:545157576	545157576	FALSE
fiber	fiber_L08	2	3H:545157728	545157728	FALSE
fiber	fiber_L08	2	3H:545157813	545157813	FALSE
fiber	fiber_L08	2	3H:545158149	545158149	FALSE
fiber	fiber_L08	2	3H:545158469	545158469	FALSE
fiber	fiber_L08	2	3H:545158753	545158753	FALSE
fiber	fiber_L08	2	3H:545158988	545158988	FALSE
fiber	fiber_L08	2	3H:545159226	545159226	FALSE
fiber	fiber_L08	2	3H:545159258	545159258	FALSE
fiber	fiber_L08	2	3H:545160315	545160315	FALSE
fiber	fiber_L08	2	3H:545160590	545160590	FALSE
fiber	fiber_L08	2	3H:545160728	545160728	FALSE
fiber	fiber_L08	2	3H:545160864	545160864	FALSE
fiber	fiber_L08	2	3H:545161148	545161148	FALSE
fiber	fiber_L08	2	3H:545161858	545161858	FALSE
fiber	fiber_L08	2	3H:545162677	545162677	FALSE
fiber	fiber_L08	2	3H:545162954	545162954	FALSE
fiber	fiber_L08	2	3H:545163188	545163188	FALSE
fiber	fiber_L08	2	3H:545163431	545163431	FALSE
fiber	fiber_L08	2	3H:545163585	545163585	FALSE
fiber	fiber_L08	2	3H:545164109	545164109	FALSE
fiber	fiber_L08	2	3H:545164779	545164779	FALSE
fiber	fiber_L08	2	3H:545165226	545165226	FALSE
fiber	fiber_L08	2	3H:545165237	545165237	FALSE
fiber	fiber_L08	2	3H:545165362	545165362	FALSE
fiber	fiber_L08	2	3H:545165762	545165762	FALSE
fiber	fiber_L08	2	3H:545165889	545165889	FALSE
fiber	fiber_L08	2	3H:545165909	545165909	FALSE
fiber	fiber_L08	2	3H:545166220	545166220	FALSE
fiber	fiber_L08	2	3H:545167419	545167419	FALSE
fiber	fiber_L08	2	3H:545168240	545168240	FALSE
fiber	fiber_L08	2	3H:545172592	545172592	FALSE
fiber	fiber_L08	2	3H:545172807	545172807	FALSE
fiber	fiber_L08	2	3H:545173029	545173029	FALSE
fiber	fiber_L08	2	3H:545173112	545173112	FALSE
fiber	fiber_L08	2	3H:545174622	545174622	FALSE
fiber	fiber_L08	2	3H:545183665	545183665	FALSE
fiber	fiber_L08	2	3H:545183739	545183739	FALSE
fiber	fiber_L08	2	3H:545184588	545184588	FALSE
fiber	fiber_L08	2	3H:545185304	545185304	FALSE
fiber	fiber_L08	2	3H:545185987	545185987	FALSE
fiber	fiber_L08	2	3H:545186186	545186186	FALSE
fiber	fiber_L08	2	3H:545186398	545186398	FALSE
fiber	fiber_L08	2	3H:545186576	545186576	FALSE
fiber	fiber_L08	2	3H:545186988	545186988	FALSE
fiber	fiber_L08	2	3H:545187279	545187279	FALSE
fiber	fiber_L08	2	3H:545187578	545187578	FALSE
fiber	fiber_L08	2	3H:545187637	545187637	FALSE
fiber	fiber_L08	2	3H:545187972	545187972	FALSE
fiber	fiber_L08	2	3H:545188687	545188687	FALSE
fiber	fiber_L08	2	3H:545188836	545188836	FALSE
fiber	fiber_L08	2	3H:545191872	545191872	FALSE
fiber	fiber_L08	2	3H:545191891	545191891	FALSE
fiber	fiber_L08	2	3H:545192023	545192023	FALSE
fiber	fiber_L08	2	3H:545193408	545193408	FALSE
fiber	fiber_L08	2	3H:545193701	545193701	FALSE
fiber	fiber_L08	2	3H:545194231	545194231	FALSE
fiber	fiber_L08	2	3H:545194442	545194442	FALSE
fiber	fiber_L08	2	3H:545196483	545196483	FALSE
fiber	fiber_L08	2	3H:545197197	545197197	FALSE
fiber	fiber_L08	2	3H:545199604	545199604	FALSE
fiber	fiber_L08	2	3H:545205425	545205425	FALSE
fiber	fiber_L08	2	3H:545206396	545206396	FALSE
fiber	fiber_L08	2	3H:545206908	545206908	FALSE
fiber	fiber_L08	2	3H:545207189	545207189	FALSE
fiber	fiber_L08	2	3H:545207264	545207264	FALSE
fiber	fiber_L08	2	3H:545207331	545207331	FALSE
fiber	fiber_L08	2	3H:545209476	545209476	FALSE
fiber	fiber_L08	2	3H:545209478	545209478	FALSE
fiber	fiber_L08	2	3H:545209872	545209872	FALSE
fiber	fiber_L08	2	3H:545211578	545211578	FALSE
fiber	fiber_L08	2	3H:545211682	545211682	FALSE
fiber	fiber_L08	2	3H:545211958	545211958	FALSE
fiber	fiber_L08	2	3H:545213486	545213486	FALSE
fiber	fiber_L08	2	3H:545213851	545213851	FALSE
fiber	fiber_L08	2	3H:545241651	545241651	FALSE
fiber	fiber_L08	2	3H:545242748	545242748	FALSE
fiber	fiber_L08	2	3H:545254512	545254512	FALSE
fiber	fiber_L08	2	3H:545254586	545254586	FALSE
fiber	fiber_L08	2	3H:545255371	545255371	FALSE
fiber	fiber_L08	2	3H:545256703	545256703	FALSE
fiber	fiber_L08	2	3H:545256704	545256704	FALSE
fiber	fiber_L08	2	3H:545257240	545257240	FALSE
fiber	fiber_L08	2	3H:545261266	545261266	FALSE
fiber	fiber_L08	2	3H:545267602	545267602	FALSE
fiber	fiber_L08	2	3H:545267637	545267637	FALSE
fiber	fiber_L08	2	3H:545279158	545279158	FALSE
fiber	fiber_L08	2	3H:545280819	545280819	FALSE
fiber	fiber_L08	2	3H:545281509	545281509	FALSE
fiber	fiber_L08	2	3H:545282670	545282670	FALSE
fiber	fiber_L08	2	3H:545294036	545294036	FALSE
fiber	fiber_L08	2	3H:545296022	545296022	FALSE
fiber	fiber_L08	2	3H:545296273	545296273	FALSE
fiber	fiber_L08	2	3H:545296598	545296598	FALSE
fiber	fiber_L08	2	3H:545318018	545318018	FALSE
fiber	fiber_L08	2	3H:545321697	545321697	FALSE
fiber	fiber_L08	2	3H:545331407	545331407	FALSE
fiber	fiber_L08	2	3H:545331411	545331411	FALSE
fiber	fiber_L08	2	3H:545348845	545348845	FALSE
fiber	fiber_L08	2	3H:545358368	545358368	FALSE
fiber	fiber_L08	2	3H:545365279	545365279	FALSE
fiber	fiber_L08	2	3H:545365737	545365737	FALSE
fiber	fiber_L08	2	3H:545395164	545395164	FALSE
fiber	fiber_L08	2	3H:545395223	545395223	FALSE
fiber	fiber_L08	2	3H:545396455	545396455	FALSE
fiber	fiber_L08	2	3H:545398986	545398986	FALSE
fiber	fiber_L08	2	3H:545411659	545411659	FALSE
fiber	fiber_L08	2	3H:545436988	545436988	FALSE
fiber	fiber_L08	2	3H:545437207	545437207	FALSE
fiber	fiber_L08	2	3H:545437220	545437220	FALSE
fiber	fiber_L08	2	3H:545437373	545437373	FALSE
fiber	fiber_L08	2	3H:545437615	545437615	FALSE
fiber	fiber_L08	2	3H:545437660	545437660	FALSE
fiber	fiber_L08	2	3H:545438348	545438348	FALSE
fiber	fiber_L08	2	3H:545439267	545439267	FALSE
fiber	fiber_L08	2	3H:545439507	545439507	FALSE
fiber	fiber_L08	2	3H:545454849	545454849	FALSE
fiber	fiber_L08	2	3H:545455013	545455013	FALSE
fiber	fiber_L08	2	3H:545455302	545455302	FALSE
fiber	fiber_L08	2	3H:545456715	545456715	FALSE
fiber	fiber_L08	2	3H:545459847	545459847	FALSE
fiber	fiber_L08	2	3H:545471008	545471008	FALSE
fiber	fiber_L08	2	3H:545472127	545472127	FALSE
fiber	fiber_L08	2	3H:545472380	545472380	FALSE
fiber	fiber_L08	2	3H:545472590	545472590	FALSE
fiber	fiber_L08	2	3H:545473310	545473310	FALSE
fiber	fiber_L08	2	3H:545474795	545474795	FALSE
fiber	fiber_L08	2	3H:545474965	545474965	FALSE
fiber	fiber_L08	2	3H:545475398	545475398	FALSE
fiber	fiber_L08	2	3H:545510330	545510330	FALSE
fiber	fiber_L08	2	3H:545514798	545514798	FALSE
fiber	fiber_L08	2	3H:545516601	545516601	FALSE
fiber	fiber_L08	2	3H:545517018	545517018	FALSE
fiber	fiber_L08	2	3H:545519849	545519849	FALSE
fiber	fiber_L08	2	3H:545524217	545524217	FALSE
fiber	fiber_L08	2	3H:545526401	545526401	FALSE
fiber	fiber_L08	2	3H:545526556	545526556	FALSE
fiber	fiber_L08	2	3H:545526856	545526856	FALSE
fiber	fiber_L08	2	3H:545549460	545549460	FALSE
fiber	fiber_L08	2	3H:545550134	545550134	FALSE
fiber	fiber_L08	2	3H:545553423	545553423	FALSE
fiber	fiber_L08	2	3H:545555963	545555963	FALSE
fiber	fiber_L08	2	3H:545556028	545556028	FALSE
fiber	fiber_L08	2	3H:545580471	545580471	FALSE
fiber	fiber_L08	2	3H:545580592	545580592	FALSE
fiber	fiber_L08	2	3H:545584171	545584171	FALSE
fiber	fiber_L08	2	3H:545586679	545586679	FALSE
fiber	fiber_L08	2	3H:545592727	545592727	FALSE
fiber	fiber_L08	2	3H:545592806	545592806	FALSE
fiber	fiber_L08	2	3H:545592827	545592827	FALSE
fiber	fiber_L08	2	3H:545593016	545593016	FALSE
fiber	fiber_L08	2	3H:545593701	545593701	FALSE
fiber	fiber_L08	2	3H:545599276	545599276	FALSE
fiber	fiber_L08	2	3H:545599501	545599501	FALSE
fiber	fiber_L08	2	3H:545601914	545601914	FALSE
fiber	fiber_L08	2	3H:545602285	545602285	FALSE
fiber	fiber_L08	2	3H:545619335	545619335	FALSE
fiber	fiber_L08	2	3H:545619635	545619635	FALSE
fiber	fiber_L08	2	3H:545625871	545625871	FALSE
fiber	fiber_L08	2	3H:545628517	545628517	FALSE
fiber	fiber_L08	2	3H:545630001	545630001	FALSE
fiber	fiber_L08	2	3H:545635586	545635586	FALSE
fiber	fiber_L08	2	3H:545638689	545638689	FALSE
fiber	fiber_L08	2	3H:545641833	545641833	FALSE
fiber	fiber_L08	2	3H:545641847	545641847	FALSE
fiber	fiber_L08	2	3H:545642120	545642120	FALSE
fiber	fiber_L08	2	3H:545644431	545644431	FALSE
fiber	fiber_L08	2	3H:545645418	545645418	FALSE
fiber	fiber_L08	2	3H:545645422	545645422	FALSE
fiber	fiber_L08	2	3H:545646106	545646106	FALSE
fiber	fiber_L08	2	3H:545646447	545646447	FALSE
fiber	fiber_L08	2	3H:545646555	545646555	FALSE
fiber	fiber_L08	2	3H:545656810	545656810	FALSE
fiber	fiber_L08	2	3H:545657019	545657019	FALSE
fiber	fiber_L08	2	3H:545659462	545659462	FALSE
fiber	fiber_L08	2	3H:545659465	545659465	FALSE
fiber	fiber_L08	2	3H:545659476	545659476	FALSE
fiber	fiber_L08	2	3H:545659970	545659970	FALSE
fiber	fiber_L08	2	3H:545671737	545671737	FALSE
fiber	fiber_L08	2	3H:545677115	545677115	FALSE
fiber	fiber_L08	2	3H:545677175	545677175	FALSE
fiber	fiber_L08	2	3H:545707445	545707445	FALSE
fiber	fiber_L08	2	3H:545714264	545714264	FALSE
fiber	fiber_L08	2	3H:545715157	545715157	FALSE
fiber	fiber_L09	1	4H:24664775	24664775	FALSE
fiber	fiber_L09	1	4H:24666656	24666656	FALSE
fiber	fiber_L09	1	4H:24666862	24666862	FALSE
fiber	fiber_L09	1	4H:24669783	24669783	FALSE
fiber	fiber_L09	1	4H:24670385	24670385	FALSE
fiber	fiber_L09	1	4H:24674878	24674878	FALSE
fiber	fiber_L09	1	4H:24675041	24675041	FALSE
fiber	fiber_L09	1	4H:24675704	24675704	FALSE
fiber	fiber_L09	1	4H:24675891	24675891	FALSE
fiber	fiber_L09	1	4H:24676384	24676384	FALSE
fiber	fiber_L09	1	4H:24676742	24676742	FALSE
fiber	fiber_L09	1	4H:24676856	24676856	FALSE
fiber	fiber_L09	1	4H:24677042	24677042	FALSE
fiber	fiber_L09	1	4H:24680307	24680307	FALSE
fiber	fiber_L09	1	4H:24686552	24686552	FALSE
fiber	fiber_L09	1	4H:24686568	24686568	FALSE
fiber	fiber_L09	1	4H:24689851	24689851	FALSE
fiber	fiber_L09	1	4H:24705958	24705958	FALSE
fiber	fiber_L09	1	4H:24706102	24706102	FALSE
fiber	fiber_L09	1	4H:24706191	24706191	FALSE
fiber	fiber_L09	1	4H:24706244	24706244	FALSE
fiber	fiber_L09	1	4H:24706289	24706289	FALSE
fiber	fiber_L09	1	4H:24707072	24707072	FALSE
fiber	fiber_L09	1	4H:24707116	24707116	FALSE
fiber	fiber_L09	1	4H:24707177	24707177	FALSE
fiber	fiber_L09	1	4H:24707376	24707376	TRUE
fiber	fiber_L09	1	4H:24708916	24708916	FALSE
fiber	fiber_L09	1	4H:24709341	24709341	FALSE
fiber	fiber_L09	1	4H:24709488	24709488	FALSE
fiber	fiber_L09	1	4H:24712850	24712850	FALSE
fiber	fiber_L09	1	4H:24712854	24712854	FALSE
fiber	fiber_L09	1	4H:24719916	24719916	FALSE
fiber	fiber_L09	1	4H:24720665	24720665	FALSE
fiber	fiber_L09	1	4H:24721181	24721181	FALSE
fiber	fiber_L09	1	4H:24722243	24722243	FALSE
fiber	fiber_L09	1	4H:24722361	24722361	FALSE
fiber	fiber_L09	1	4H:24722948	24722948	FALSE
fiber	fiber_L09	1	4H:24723108	24723108	FALSE
fiber	fiber_L09	1	4H:24723484	24723484	FALSE
fiber	fiber_L09	1	4H:24723962	24723962	FALSE
fiber	fiber_L09	1	4H:24723971	24723971	FALSE
fiber	fiber_L09	1	4H:24724319	24724319	FALSE
fiber	fiber_L09	1	4H:24724366	24724366	FALSE
fiber	fiber_L09	1	4H:24724458	24724458	FALSE
fiber	fiber_L09	1	4H:24726516	24726516	FALSE
fiber	fiber_L09	1	4H:24727119	24727119	FALSE
fiber	fiber_L09	1	4H:24731293	24731293	FALSE
fiber	fiber_L09	1	4H:24733304	24733304	FALSE
fiber	fiber_L09	1	4H:24741813	24741813	FALSE
fiber	fiber_L09	1	4H:24743087	24743087	FALSE
fiber	fiber_L09	1	4H:24749868	24749868	FALSE
fiber	fiber_L09	1	4H:24755518	24755518	FALSE
fiber	fiber_L09	1	4H:24759375	24759375	FALSE
fiber	fiber_L09	1	4H:24760673	24760673	FALSE
fiber	fiber_L09	1	4H:24769538	24769538	FALSE
fiber	fiber_L09	1	4H:24770514	24770514	FALSE
fiber	fiber_L09	1	4H:24771574	24771574	FALSE
fiber	fiber_L09	1	4H:24774753	24774753	FALSE
fiber	fiber_L09	1	4H:24776214	24776214	FALSE
fiber	fiber_L09	1	4H:24778481	24778481	FALSE
fiber	fiber_L09	1	4H:24778534	24778534	FALSE
fiber	fiber_L09	1	4H:24787713	24787713	FALSE
fiber	fiber_L09	1	4H:24787780	24787780	FALSE
fiber	fiber_L09	1	4H:24787922	24787922	FALSE
fiber	fiber_L09	1	4H:24787944	24787944	FALSE
fiber	fiber_L09	1	4H:24788504	24788504	FALSE
fiber	fiber_L09	1	4H:24791167	24791167	FALSE
fiber	fiber_L09	1	4H:24791250	24791250	FALSE
fiber	fiber_L09	1	4H:24792832	24792832	FALSE
fiber	fiber_L09	1	4H:24795879	24795879	FALSE
fiber	fiber_L09	1	4H:24796700	24796700	FALSE
fiber	fiber_L09	1	4H:24797230	24797230	FALSE
fiber	fiber_L09	1	4H:24798712	24798712	FALSE
fiber	fiber_L09	1	4H:24799322	24799322	FALSE
fiber	fiber_L09	1	4H:24799343	24799343	FALSE
fiber	fiber_L09	1	4H:24799664	24799664	FALSE
fiber	fiber_L09	1	4H:24802798	24802798	FALSE
fiber	fiber_L09	1	4H:24805454	24805454	FALSE
fiber	fiber_L09	1	4H:24815596	24815596	FALSE
fiber	fiber_L09	1	4H:24818235	24818235	FALSE
fiber	fiber_L09	1	4H:24822948	24822948	FALSE
fiber	fiber_L09	1	4H:24823036	24823036	FALSE
fiber	fiber_L09	1	4H:24824138	24824138	FALSE
fiber	fiber_L09	1	4H:24824779	24824779	FALSE
fiber	fiber_L09	1	4H:24824895	24824895	FALSE
fiber	fiber_L09	1	4H:24826770	24826770	FALSE
fiber	fiber_L09	1	4H:24828146	24828146	FALSE
fiber	fiber_L09	1	4H:24829369	24829369	FALSE
fiber	fiber_L09	1	4H:24829702	24829702	FALSE
fiber	fiber_L09	1	4H:24830225	24830225	FALSE
fiber	fiber_L09	1	4H:24830503	24830503	FALSE
fiber	fiber_L09	1	4H:24830504	24830504	FALSE
fiber	fiber_L09	1	4H:24831650	24831650	FALSE
fiber	fiber_L09	1	4H:24833096	24833096	FALSE
fiber	fiber_L09	1	4H:24833737	24833737	FALSE
fiber	fiber_L09	1	4H:24834590	24834590	FALSE
fiber	fiber_L09	1	4H:24834780	24834780	FALSE
fiber	fiber_L09	1	4H:24834848	24834848	FALSE
fiber	fiber_L09	1	4H:24835277	24835277	FALSE
fiber	fiber_L09	1	4H:24835539	24835539	FALSE
fiber	fiber_L09	1	4H:24835950	24835950	FALSE
fiber	fiber_L09	1	4H:24836318	24836318	FALSE
fiber	fiber_L09	1	4H:24836944	24836944	FALSE
fiber	fiber_L09	1	4H:24837148	24837148	FALSE
fiber	fiber_L09	1	4H:24839160	24839160	FALSE
fiber	fiber_L09	1	4H:24839733	24839733	FALSE
fiber	fiber_L09	1	4H:24840087	24840087	FALSE
fiber	fiber_L09	1	4H:24842071	24842071	FALSE
fiber	fiber_L09	1	4H:24842405	24842405	FALSE
fiber	fiber_L09	1	4H:24842410	24842410	FALSE
fiber	fiber_L09	1	4H:24842584	24842584	FALSE
fiber	fiber_L09	1	4H:24851961	24851961	FALSE
fiber	fiber_L09	1	4H:24853101	24853101	FALSE
fiber	fiber_L09	1	4H:24854465	24854465	FALSE
fiber	fiber_L09	1	4H:24855798	24855798	FALSE
fiber	fiber_L09	1	4H:24855834	24855834	FALSE
fiber	fiber_L09	1	4H:24856069	24856069	FALSE
fiber	fiber_L09	1	4H:24857006	24857006	FALSE
fiber	fiber_L09	1	4H:24857065	24857065	FALSE
fiber	fiber_L09	1	4H:24860014	24860014	FALSE
fiber	fiber_L09	1	4H:24861976	24861976	FALSE
fiber	fiber_L09	1	4H:24864279	24864279	FALSE
fiber	fiber_L09	1	4H:24864366	24864366	FALSE
fiber	fiber_L09	1	4H:24864552	24864552	FALSE
fiber	fiber_L09	1	4H:24867154	24867154	FALSE
fiber	fiber_L09	1	4H:24867382	24867382	FALSE
fiber	fiber_L09	1	4H:24868052	24868052	FALSE
fiber	fiber_L09	1	4H:24870366	24870366	FALSE
fiber	fiber_L09	1	4H:24870487	24870487	FALSE
fiber	fiber_L09	1	4H:24870488	24870488	FALSE
fiber	fiber_L09	1	4H:24870967	24870967	FALSE
fiber	fiber_L09	1	4H:24871870	24871870	FALSE
fiber	fiber_L09	1	4H:24871983	24871983	FALSE
fiber	fiber_L10	1	4H:470973654	470973654	FALSE
fiber	fiber_L10	1	4H:470989624	470989624	TRUE
fiber	fiber_L11	1	5H:208930405	208930405	FALSE
fiber	fiber_L11	1	5H:208944021	208944021	TRUE
fiber	fiber_L12	1	5H:377276409	377276409	FALSE
fiber	fiber_L12	1	5H:377280372	377280372	FALSE
fiber	fiber_L12	1	5H:377309369	377309369	TRUE
fiber	fiber_L12	1	5H:377309976	377309976	FALSE
fiber	fiber_L12	1	5H:377315909	377315909	FALSE
fiber	fiber_L12	1	5H:377363518	377363518	FALSE
fiber	fiber_L12	1	5H:377374656	377374656	FALSE
fiber	fiber_L12	1	5H:377379117	377379117	FALSE
fiber	fiber_L12	1	5H:377413773	377413773	FALSE
fiber	fiber_L12	1	5H:377420656	377420656	FALSE
fiber	fiber_L12	1	5H:377427872	377427872	FALSE
fiber	fiber_L12	1	5H:377442016	377442016	FALSE
fiber	fiber_L12	1	5H:377451047	377451047	FALSE
fiber	fiber_L12	1	5H:377471523	377471523	FALSE
fiber	fiber_L12	1	5H:377474279	377474279	FALSE
fiber	fiber_L13	1	5H:437004771	437004771	FALSE
fiber	fiber_L13	1	5H:437005013	437005013	TRUE
fiber	fiber_L14	1	5H:462555842	462555842	FALSE
fiber	fiber_L14	1	5H:462557804	462557804	FALSE
fiber	fiber_L14	1	5H:462560219	462560219	FALSE
fiber	fiber_L14	1	5H:462560238	462560238	FALSE
fiber	fiber_L14	1	5H:462560617	462560617	FALSE
fiber	fiber_L14	1	5H:462560716	462560716	FALSE
fiber	fiber_L14	1	5H:462560728	462560728	FALSE
fiber	fiber_L14	1	5H:462560889	462560889	FALSE
fiber	fiber_L14	1	5H:462564607	462564607	FALSE
fiber	fiber_L14	1	5H:462564657	462564657	FALSE
fiber	fiber_L14	1	5H:462564771	462564771	TRUE
fiber	fiber_L14	1	5H:462574370	462574370	FALSE
fiber	fiber_L14	1	5H:462575337	462575337	FALSE
fiber	fiber_L14	1	5H:462575412	462575412	FALSE
fiber	fiber_L14	1	5H:462575599	462575599	FALSE
fiber	fiber_L14	1	5H:462575717	462575717	FALSE
fiber	fiber_L14	1	5H:462575915	462575915	FALSE
fiber	fiber_L14	1	5H:462575962	462575962	FALSE
fiber	fiber_L14	1	5H:462575997	462575997	FALSE
fiber	fiber_L14	1	5H:462576004	462576004	FALSE
fiber	fiber_L14	1	5H:462576128	462576128	FALSE
fiber	fiber_L14	1	5H:462576280	462576280	FALSE
fiber	fiber_L14	1	5H:462576808	462576808	FALSE
fiber	fiber_L14	1	5H:462576878	462576878	FALSE
fiber	fiber_L14	1	5H:462577149	462577149	FALSE
fiber	fiber_L14	1	5H:462577150	462577150	FALSE
fiber	fiber_L14	1	5H:462577292	462577292	FALSE
fiber	fiber_L14	1	5H:462578032	462578032	FALSE
fiber	fiber_L14	1	5H:462578700	462578700	FALSE
fiber	fiber_L14	1	5H:462578736	462578736	FALSE
fiber	fiber_L14	1	5H:462586182	462586182	FALSE
fiber	fiber_L14	1	5H:462586209	462586209	FALSE
fiber	fiber_L14	1	5H:462631354	462631354	FALSE
fiber	fiber_L14	1	5H:462679164	462679164	FALSE
fiber	fiber_L14	1	5H:462681196	462681196	FALSE
fiber	fiber_L14	1	5H:462681199	462681199	FALSE
fiber	fiber_L14	1	5H:462683807	462683807	FALSE
fiber	fiber_L14	1	5H:462684144	462684144	FALSE
fiber	fiber_L14	1	5H:462688968	462688968	FALSE
fiber	fiber_L14	1	5H:462691731	462691731	FALSE
fiber	fiber_L14	1	5H:462721296	462721296	FALSE
fiber	fiber_L14	1	5H:462732655	462732655	FALSE
fiber	fiber_L14	1	5H:462743424	462743424	FALSE
fiber	fiber_L14	1	5H:462753861	462753861	FALSE
fiber	fiber_L14	1	5H:462754184	462754184	FALSE
fiber	fiber_L14	1	5H:462758946	462758946	FALSE
fiber	fiber_L14	1	5H:462783657	462783657	FALSE
fiber	fiber_L14	1	5H:462815098	462815098	FALSE
fiber	fiber_L14	1	5H:462848780	462848780	FALSE
fiber	fiber_L15	1	7H:14817010	14817010	FALSE
fiber	fiber_L15	1	7H:14817657	14817657	TRUE
fiber	fiber_L15	1	7H:14820916	14820916	FALSE
fiber	fiber_L16	1	7H:415446352	415446352	FALSE
fiber	fiber_L16	1	7H:415446460	415446460	FALSE
fiber	fiber_L16	1	7H:415470958	415470958	FALSE
fiber	fiber_L16	1	7H:415484165	415484165	FALSE
fiber	fiber_L16	1	7H:415485672	415485672	FALSE
fiber	fiber_L16	1	7H:415485695	415485695	FALSE
fiber	fiber_L16	1	7H:415487740	415487740	FALSE
fiber	fiber_L16	1	7H:415487821	415487821	FALSE
fiber	fiber_L16	1	7H:415487867	415487867	FALSE
fiber	fiber_L16	1	7H:415489988	415489988	FALSE
fiber	fiber_L16	1	7H:415500299	415500299	FALSE
fiber	fiber_L16	1	7H:415500326	415500326	FALSE
fiber	fiber_L16	1	7H:415505660	415505660	FALSE
fiber	fiber_L16	1	7H:415506607	415506607	FALSE
fiber	fiber_L16	1	7H:415506645	415506645	FALSE
fiber	fiber_L16	1	7H:415507092	415507092	FALSE
fiber	fiber_L16	1	7H:415507849	415507849	FALSE
fiber	fiber_L16	1	7H:415509076	415509076	FALSE
fiber	fiber_L16	1	7H:415517529	415517529	FALSE
fiber	fiber_L16	1	7H:415518154	415518154	FALSE
fiber	fiber_L16	1	7H:415518991	415518991	FALSE
fiber	fiber_L16	1	7H:415519156	415519156	FALSE
fiber	fiber_L16	1	7H:415519278	415519278	FALSE
fiber	fiber_L16	1	7H:415519301	415519301	FALSE
fiber	fiber_L16	1	7H:415524786	415524786	FALSE
fiber	fiber_L16	1	7H:415524814	415524814	FALSE
fiber	fiber_L16	1	7H:415525479	415525479	FALSE
fiber	fiber_L16	1	7H:415529897	415529897	FALSE
fiber	fiber_L16	1	7H:415539218	415539218	FALSE
fiber	fiber_L16	1	7H:415539220	415539220	FALSE
fiber	fiber_L16	1	7H:415540368	415540368	FALSE
fiber	fiber_L16	1	7H:415540388	415540388	FALSE
fiber	fiber_L16	1	7H:415543867	415543867	FALSE
fiber	fiber_L16	1	7H:415544254	415544254	FALSE
fiber	fiber_L16	1	7H:415544296	415544296	FALSE
fiber	fiber_L16	1	7H:415544304	415544304	FALSE
fiber	fiber_L16	1	7H:415544346	415544346	FALSE
fiber	fiber_L16	1	7H:415544593	415544593	FALSE
fiber	fiber_L16	1	7H:415544720	415544720	FALSE
fiber	fiber_L16	1	7H:415545571	415545571	FALSE
fiber	fiber_L16	1	7H:415576625	415576625	FALSE
fiber	fiber_L16	1	7H:415576626	415576626	FALSE
fiber	fiber_L16	1	7H:415579481	415579481	FALSE
fiber	fiber_L16	1	7H:415579525	415579525	FALSE
fiber	fiber_L16	1	7H:415585194	415585194	FALSE
fiber	fiber_L16	1	7H:415594062	415594062	FALSE
fiber	fiber_L16	1	7H:415594106	415594106	FALSE
fiber	fiber_L16	1	7H:415596366	415596366	FALSE
fiber	fiber_L16	1	7H:415599059	415599059	FALSE
fiber	fiber_L16	1	7H:415606092	415606092	FALSE
fiber	fiber_L16	1	7H:415606672	415606672	FALSE
fiber	fiber_L16	1	7H:415606696	415606696	FALSE
fiber	fiber_L16	1	7H:415608752	415608752	FALSE
fiber	fiber_L16	1	7H:415609976	415609976	FALSE
fiber	fiber_L16	1	7H:415611011	415611011	FALSE
fiber	fiber_L16	1	7H:415611052	415611052	FALSE
fiber	fiber_L16	1	7H:415611432	415611432	FALSE
fiber	fiber_L16	1	7H:415611434	415611434	FALSE
fiber	fiber_L16	1	7H:415613703	415613703	FALSE
fiber	fiber_L16	1	7H:415614272	415614272	FALSE
fiber	fiber_L16	1	7H:415614296	415614296	FALSE
fiber	fiber_L16	1	7H:415614301	415614301	FALSE
fiber	fiber_L16	1	7H:415631567	415631567	FALSE
fiber	fiber_L16	1	7H:415631742	415631742	FALSE
fiber	fiber_L16	1	7H:415632087	415632087	FALSE
fiber	fiber_L16	1	7H:415632513	415632513	FALSE
fiber	fiber_L16	1	7H:415632765	415632765	FALSE
fiber	fiber_L16	1	7H:415632796	415632796	FALSE
fiber	fiber_L16	1	7H:415633433	415633433	FALSE
fiber	fiber_L16	1	7H:415638052	415638052	FALSE
fiber	fiber_L16	1	7H:415638120	415638120	FALSE
fiber	fiber_L16	1	7H:415638510	415638510	FALSE
fiber	fiber_L16	1	7H:415638520	415638520	FALSE
fiber	fiber_L16	1	7H:415641289	415641289	FALSE
fiber	fiber_L16	1	7H:415641335	415641335	FALSE
fiber	fiber_L16	1	7H:415641970	415641970	FALSE
fiber	fiber_L16	1	7H:415642658	415642658	FALSE
fiber	fiber_L16	1	7H:415651802	415651802	TRUE
fiber	fiber_L16	1	7H:415669518	415669518	FALSE
fiber	fiber_L16	1	7H:415672737	415672737	FALSE
fiber	fiber_L16	1	7H:415708952	415708952	FALSE
fiber	fiber_L16	1	7H:415711738	415711738	FALSE
fiber	fiber_L16	1	7H:415717190	415717190	FALSE
fiber	fiber_L16	1	7H:415719360	415719360	FALSE
fiber	fiber_L16	1	7H:415733734	415733734	FALSE
fiber	fiber_L16	1	7H:415746792	415746792	FALSE
fiber	fiber_L16	1	7H:415765417	415765417	FALSE
fiber	fiber_L16	1	7H:415768702	415768702	FALSE
fiber	fiber_L16	1	7H:415769937	415769937	FALSE
fiber	fiber_L16	1	7H:415770425	415770425	FALSE
fiber	fiber_L16	1	7H:415771566	415771566	FALSE
fiber	fiber_L16	1	7H:415771590	415771590	FALSE
fiber	fiber_L16	1	7H:415775764	415775764	FALSE
fiber	fiber_L16	1	7H:415778683	415778683	FALSE
fiber	fiber_L16	1	7H:415780262	415780262	FALSE
fiber	fiber_L16	1	7H:415786986	415786986	FALSE
fiber	fiber_L16	1	7H:415789720	415789720	FALSE
fiber	fiber_L16	1	7H:415795463	415795463	FALSE
fiber	fiber_L16	1	7H:415795622	415795622	FALSE
fiber	fiber_L16	1	7H:415795981	415795981	FALSE
fiber	fiber_L16	1	7H:415815389	415815389	FALSE
fiber	fiber_L16	1	7H:415820577	415820577	FALSE
fiber	fiber_L16	1	7H:415821881	415821881	FALSE
fiber	fiber_L16	1	7H:415822344	415822344	FALSE
fiber	fiber_L16	1	7H:415826525	415826525	FALSE
fiber	fiber_L16	1	7H:415827303	415827303	FALSE
fiber	fiber_L16	1	7H:415827832	415827832	FALSE
fiber	fiber_L16	1	7H:415827884	415827884	FALSE
fiber	fiber_L16	1	7H:415828669	415828669	FALSE
fiber	fiber_L16	1	7H:415864278	415864278	FALSE
fiber	fiber_L16	1	7H:415865044	415865044	FALSE
fiber	fiber_L16	1	7H:415872659	415872659	FALSE
fiber	fiber_L16	1	7H:415872671	415872671	FALSE
fiber	fiber_L16	1	7H:415872917	415872917	FALSE
fiber	fiber_L16	1	7H:415876158	415876158	FALSE
fiber	fiber_L16	1	7H:415879062	415879062	FALSE
fiber	fiber_L16	1	7H:415881599	415881599	FALSE
fiber	fiber_L16	1	7H:415885179	415885179	FALSE
fiber	fiber_L16	1	7H:415886898	415886898	FALSE
fiber	fiber_L16	1	7H:415887908	415887908	FALSE
fiber	fiber_L16	1	7H:415888421	415888421	FALSE
fiber	fiber_L16	1	7H:415888723	415888723	FALSE
fiber	fiber_L16	1	7H:415895736	415895736	FALSE
fiber	fiber_L16	1	7H:415895925	415895925	FALSE
fiber	fiber_L16	1	7H:415898460	415898460	FALSE
fiber	fiber_L16	1	7H:415903715	415903715	FALSE
fiber	fiber_L16	1	7H:415904320	415904320	FALSE
fiber	fiber_L16	1	7H:415905478	415905478	FALSE
fiber	fiber_L16	1	7H:415905811	415905811	FALSE
fiber	fiber_L16	1	7H:415910066	415910066	FALSE
fiber	fiber_L16	1	7H:415910236	415910236	FALSE
fiber	fiber_L16	1	7H:415910742	415910742	FALSE
fiber	fiber_L16	1	7H:415913608	415913608	FALSE
fiber	fiber_L16	1	7H:415913727	415913727	FALSE
fiber	fiber_L16	1	7H:415915477	415915477	FALSE
fiber	fiber_L16	1	7H:415918976	415918976	FALSE
fiber	fiber_L16	1	7H:415923348	415923348	FALSE
fiber	fiber_L16	1	7H:415959563	415959563	FALSE
fiber	fiber_L16	1	7H:415960093	415960093	FALSE
fiber	fiber_L16	1	7H:415968038	415968038	FALSE
fiber	fiber_L16	1	7H:415968756	415968756	FALSE
fiber	fiber_L16	1	7H:415970182	415970182	FALSE
fiber	fiber_L16	1	7H:415980960	415980960	FALSE
fiber	fiber_L16	1	7H:415984432	415984432	FALSE
fiber	fiber_L16	1	7H:415992152	415992152	FALSE
fiber	fiber_L16	1	7H:416009321	416009321	FALSE
fiber	fiber_L16	1	7H:416014746	416014746	FALSE
fiber	fiber_L16	1	7H:416018030	416018030	FALSE
fiber	fiber_L16	1	7H:416019240	416019240	FALSE
fiber	fiber_L16	1	7H:416019317	416019317	FALSE
fiber	fiber_L16	1	7H:416021582	416021582	FALSE
fiber	fiber_L16	1	7H:416025062	416025062	FALSE
fiber	fiber_L16	1	7H:416031871	416031871	FALSE
fiber	fiber_L16	1	7H:416071388	416071388	FALSE
fiber	fiber_L16	1	7H:416086428	416086428	FALSE
fiber	fiber_L16	1	7H:416086790	416086790	FALSE
fiber	fiber_L17	1	7H:573606306	573606306	TRUE
fiber	fiber_L17	1	7H:573606460	573606460	FALSE
fiber	fiber_L17	1	7H:573606491	573606491	FALSE
fiber	fiber_L18	1	7H:586569512	586569512	TRUE
protein	protein_L01	1	3H:105636634	105636634	FALSE
protein	protein_L01	1	3H:105639551	105639551	FALSE
protein	protein_L01	1	3H:105640919	105640919	FALSE
protein	protein_L01	1	3H:105640920	105640920	FALSE
protein	protein_L01	1	3H:105650229	105650229	FALSE
protein	protein_L01	1	3H:105682419	105682419	FALSE
protein	protein_L01	1	3H:105713778	105713778	FALSE
protein	protein_L01	1	3H:105725638	105725638	FALSE
protein	protein_L01	1	3H:105771650	105771650	FALSE
protein	protein_L01	1	3H:105777063	105777063	FALSE
protein	protein_L01	1	3H:105795742	105795742	FALSE
protein	protein_L01	1	3H:105804564	105804564	FALSE
protein	protein_L01	1	3H:105809078	105809078	FALSE
protein	protein_L01	1	3H:105818091	105818091	FALSE
protein	protein_L01	1	3H:105821425	105821425	FALSE
protein	protein_L01	1	3H:105841891	105841891	FALSE
protein	protein_L01	1	3H:105842154	105842154	FALSE
protein	protein_L01	1	3H:105880429	105880429	FALSE
protein	protein_L01	1	3H:105880430	105880430	FALSE
protein	protein_L01	1	3H:105882031	105882031	FALSE
protein	protein_L01	1	3H:105882823	105882823	FALSE
protein	protein_L01	1	3H:105882899	105882899	FALSE
protein	protein_L01	1	3H:105888782	105888782	FALSE
protein	protein_L01	1	3H:105894215	105894215	FALSE
protein	protein_L01	1	3H:105898196	105898196	FALSE
protein	protein_L01	1	3H:105902083	105902083	FALSE
protein	protein_L01	1	3H:105902933	105902933	FALSE
protein	protein_L01	1	3H:105908677	105908677	FALSE
protein	protein_L01	1	3H:105911992	105911992	FALSE
protein	protein_L01	1	3H:105922904	105922904	FALSE
protein	protein_L01	1	3H:105924659	105924659	FALSE
protein	protein_L01	1	3H:105927934	105927934	FALSE
protein	protein_L01	1	3H:105932390	105932390	FALSE
protein	protein_L01	1	3H:105933381	105933381	FALSE
protein	protein_L01	1	3H:105934386	105934386	FALSE
protein	protein_L01	1	3H:105935031	105935031	FALSE
protein	protein_L01	1	3H:105939042	105939042	FALSE
protein	protein_L01	1	3H:105965398	105965398	FALSE
protein	protein_L01	1	3H:105965575	105965575	FALSE
protein	protein_L01	1	3H:105972037	105972037	FALSE
protein	protein_L01	1	3H:105973167	105973167	FALSE
protein	protein_L01	1	3H:105974223	105974223	FALSE
protein	protein_L01	1	3H:105978386	105978386	FALSE
protein	protein_L01	1	3H:105978391	105978391	FALSE
protein	protein_L01	1	3H:105978394	105978394	FALSE
protein	protein_L01	1	3H:105984304	105984304	FALSE
protein	protein_L01	1	3H:105988577	105988577	FALSE
protein	protein_L01	1	3H:105989766	105989766	FALSE
protein	protein_L01	1	3H:105997494	105997494	FALSE
protein	protein_L01	1	3H:105999994	105999994	FALSE
protein	protein_L01	1	3H:106002533	106002533	FALSE
protein	protein_L01	1	3H:106006790	106006790	FALSE
protein	protein_L01	1	3H:106008774	106008774	FALSE
protein	protein_L01	1	3H:106008954	106008954	FALSE
protein	protein_L01	1	3H:106014179	106014179	FALSE
protein	protein_L01	1	3H:106014878	106014878	FALSE
protein	protein_L01	1	3H:106014885	106014885	FALSE
protein	protein_L01	1	3H:106015125	106015125	FALSE
protein	protein_L01	1	3H:106015296	106015296	FALSE
protein	protein_L01	1	3H:106016344	106016344	FALSE
protein	protein_L01	1	3H:106017404	106017404	FALSE
protein	protein_L01	1	3H:106024812	106024812	FALSE
protein	protein_L01	1	3H:106025062	106025062	FALSE
protein	protein_L01	1	3H:106026360	106026360	FALSE
protein	protein_L01	1	3H:106027199	106027199	FALSE
protein	protein_L01	1	3H:106029950	106029950	FALSE
protein	protein_L01	1	3H:106030407	106030407	FALSE
protein	protein_L01	1	3H:106030568	106030568	FALSE
protein	protein_L01	1	3H:106030765	106030765	FALSE
protein	protein_L01	1	3H:106032572	106032572	FALSE
protein	protein_L01	1	3H:106038623	106038623	FALSE
protein	protein_L01	1	3H:106039711	106039711	FALSE
protein	protein_L01	1	3H:106040581	106040581	FALSE
protein	protein_L01	1	3H:106043223	106043223	FALSE
protein	protein_L01	1	3H:106048574	106048574	FALSE
protein	protein_L01	1	3H:106052344	106052344	FALSE
protein	protein_L01	1	3H:106053216	106053216	FALSE
protein	protein_L01	1	3H:106053484	106053484	FALSE
protein	protein_L01	1	3H:106058312	106058312	FALSE
protein	protein_L01	1	3H:106076703	106076703	FALSE
protein	protein_L01	1	3H:106078204	106078204	FALSE
protein	protein_L01	1	3H:106079006	106079006	FALSE
protein	protein_L01	1	3H:106079427	106079427	FALSE
protein	protein_L01	1	3H:106084321	106084321	FALSE
protein	protein_L01	1	3H:106107578	106107578	FALSE
protein	protein_L01	1	3H:106130525	106130525	FALSE
protein	protein_L01	1	3H:106131617	106131617	FALSE
protein	protein_L01	1	3H:106134725	106134725	FALSE
protein	protein_L01	1	3H:106135022	106135022	FALSE
protein	protein_L01	1	3H:106136907	106136907	FALSE
protein	protein_L01	1	3H:106139730	106139730	FALSE
protein	protein_L01	1	3H:106146743	106146743	FALSE
protein	protein_L01	1	3H:106146986	106146986	FALSE
protein	protein_L01	1	3H:106147809	106147809	FALSE
protein	protein_L01	1	3H:106150814	106150814	FALSE
protein	protein_L01	1	3H:106167070	106167070	FALSE
protein	protein_L01	1	3H:106170529	106170529	FALSE
protein	protein_L01	1	3H:106172456	106172456	FALSE
protein	protein_L01	1	3H:106173497	106173497	FALSE
protein	protein_L01	1	3H:106175833	106175833	FALSE
protein	protein_L01	1	3H:106187717	106187717	FALSE
protein	protein_L01	1	3H:106189352	106189352	FALSE
protein	protein_L01	1	3H:106190603	106190603	FALSE
protein	protein_L01	1	3H:106190987	106190987	FALSE
protein	protein_L01	1	3H:106192219	106192219	FALSE
protein	protein_L01	1	3H:106193945	106193945	FALSE
protein	protein_L01	1	3H:106194911	106194911	FALSE
protein	protein_L01	1	3H:106196657	106196657	FALSE
protein	protein_L01	1	3H:106197045	106197045	FALSE
protein	protein_L01	1	3H:106198287	106198287	FALSE
protein	protein_L01	1	3H:106198409	106198409	FALSE
protein	protein_L01	1	3H:106198707	106198707	FALSE
protein	protein_L01	1	3H:106204230	106204230	FALSE
protein	protein_L01	1	3H:106204237	106204237	FALSE
protein	protein_L01	1	3H:106206159	106206159	FALSE
protein	protein_L01	1	3H:106211653	106211653	FALSE
protein	protein_L01	1	3H:106212401	106212401	FALSE
protein	protein_L01	1	3H:106214356	106214356	FALSE
protein	protein_L01	1	3H:106214474	106214474	FALSE
protein	protein_L01	1	3H:106216857	106216857	FALSE
protein	protein_L01	1	3H:106216888	106216888	FALSE
protein	protein_L01	1	3H:106219724	106219724	FALSE
protein	protein_L01	1	3H:106225902	106225902	FALSE
protein	protein_L01	1	3H:106246108	106246108	FALSE
protein	protein_L01	1	3H:106246784	106246784	FALSE
protein	protein_L01	1	3H:106249307	106249307	FALSE
protein	protein_L01	1	3H:106250090	106250090	FALSE
protein	protein_L01	1	3H:106258097	106258097	FALSE
protein	protein_L01	1	3H:106263913	106263913	FALSE
protein	protein_L01	1	3H:106264987	106264987	FALSE
protein	protein_L01	1	3H:106266562	106266562	FALSE
protein	protein_L01	1	3H:106266636	106266636	FALSE
protein	protein_L01	1	3H:106271812	106271812	FALSE
protein	protein_L01	1	3H:106272020	106272020	FALSE
protein	protein_L01	1	3H:106274281	106274281	FALSE
protein	protein_L01	1	3H:106278748	106278748	FALSE
protein	protein_L01	1	3H:106282042	106282042	FALSE
protein	protein_L01	1	3H:106285225	106285225	FALSE
protein	protein_L01	1	3H:106287433	106287433	FALSE
protein	protein_L01	1	3H:106287954	106287954	FALSE
protein	protein_L01	1	3H:106289920	106289920	FALSE
protein	protein_L01	1	3H:106299945	106299945	FALSE
protein	protein_L01	1	3H:106304024	106304024	FALSE
protein	protein_L01	1	3H:106304057	106304057	FALSE
protein	protein_L01	1	3H:106307109	106307109	FALSE
protein	protein_L01	1	3H:106309696	106309696	FALSE
protein	protein_L01	1	3H:106316169	106316169	FALSE
protein	protein_L01	1	3H:106345624	106345624	FALSE
protein	protein_L01	1	3H:106348974	106348974	FALSE
protein	protein_L01	1	3H:106374140	106374140	FALSE
protein	protein_L01	1	3H:106376455	106376455	FALSE
protein	protein_L01	1	3H:106377896	106377896	FALSE
protein	protein_L01	1	3H:106384044	106384044	FALSE
protein	protein_L01	1	3H:106395838	106395838	FALSE
protein	protein_L01	1	3H:106397286	106397286	FALSE
protein	protein_L01	1	3H:106399004	106399004	FALSE
protein	protein_L01	1	3H:106409541	106409541	FALSE
protein	protein_L01	1	3H:106409951	106409951	FALSE
protein	protein_L01	1	3H:106413115	106413115	FALSE
protein	protein_L01	1	3H:106417598	106417598	FALSE
protein	protein_L01	1	3H:106428880	106428880	FALSE
protein	protein_L01	1	3H:106431853	106431853	FALSE
protein	protein_L01	1	3H:106435241	106435241	FALSE
protein	protein_L01	1	3H:106438443	106438443	FALSE
protein	protein_L01	1	3H:106439786	106439786	FALSE
protein	protein_L01	1	3H:106450341	106450341	FALSE
protein	protein_L01	1	3H:106450838	106450838	FALSE
protein	protein_L01	1	3H:106471507	106471507	FALSE
protein	protein_L01	1	3H:106472877	106472877	FALSE
protein	protein_L01	1	3H:106473507	106473507	FALSE
protein	protein_L01	1	3H:106474525	106474525	FALSE
protein	protein_L01	1	3H:106477570	106477570	FALSE
protein	protein_L01	1	3H:106506574	106506574	FALSE
protein	protein_L01	1	3H:106509656	106509656	FALSE
protein	protein_L01	1	3H:106513259	106513259	FALSE
protein	protein_L01	1	3H:106513567	106513567	FALSE
protein	protein_L01	1	3H:106515214	106515214	FALSE
protein	protein_L01	1	3H:106516917	106516917	FALSE
protein	protein_L01	1	3H:106517136	106517136	FALSE
protein	protein_L01	1	3H:106518738	106518738	FALSE
protein	protein_L01	1	3H:106526233	106526233	FALSE
protein	protein_L01	1	3H:106526467	106526467	FALSE
protein	protein_L01	1	3H:106527040	106527040	FALSE
protein	protein_L01	1	3H:106534174	106534174	FALSE
protein	protein_L01	1	3H:106538724	106538724	FALSE
protein	protein_L01	1	3H:106542278	106542278	FALSE
protein	protein_L01	1	3H:106543795	106543795	FALSE
protein	protein_L01	1	3H:106549832	106549832	FALSE
protein	protein_L01	1	3H:106550589	106550589	FALSE
protein	protein_L01	1	3H:106556785	106556785	FALSE
protein	protein_L01	1	3H:106574048	106574048	FALSE
protein	protein_L01	1	3H:106574916	106574916	FALSE
protein	protein_L01	1	3H:106575307	106575307	FALSE
protein	protein_L01	1	3H:106575310	106575310	FALSE
protein	protein_L01	1	3H:106579265	106579265	FALSE
protein	protein_L01	1	3H:106583110	106583110	FALSE
protein	protein_L01	1	3H:106585593	106585593	FALSE
protein	protein_L01	1	3H:106586950	106586950	FALSE
protein	protein_L01	1	3H:106589870	106589870	FALSE
protein	protein_L01	1	3H:106593381	106593381	FALSE
protein	protein_L01	1	3H:106599143	106599143	FALSE
protein	protein_L01	1	3H:106600641	106600641	FALSE
protein	protein_L01	1	3H:106601920	106601920	FALSE
protein	protein_L01	1	3H:106603609	106603609	FALSE
protein	protein_L01	1	3H:106613446	106613446	FALSE
protein	protein_L01	1	3H:106619745	106619745	FALSE
protein	protein_L01	1	3H:106620899	106620899	FALSE
protein	protein_L01	1	3H:106622562	106622562	FALSE
protein	protein_L01	1	3H:106622570	106622570	FALSE
protein	protein_L01	1	3H:106622728	106622728	FALSE
protein	protein_L01	1	3H:106623477	106623477	FALSE
protein	protein_L01	1	3H:106623911	106623911	TRUE
protein	protein_L01	1	3H:106624032	106624032	FALSE
protein	protein_L01	1	3H:106624251	106624251	FALSE
protein	protein_L01	1	3H:106624766	106624766	FALSE
protein	protein_L01	1	3H:106625140	106625140	FALSE
protein	protein_L01	1	3H:106627474	106627474	FALSE
protein	protein_L01	1	3H:106627750	106627750	FALSE
protein	protein_L01	1	3H:106629438	106629438	FALSE
protein	protein_L01	1	3H:106630884	106630884	FALSE
protein	protein_L01	1	3H:106631603	106631603	FALSE
protein	protein_L01	1	3H:106631807	106631807	FALSE
protein	protein_L01	1	3H:106632478	106632478	FALSE
protein	protein_L01	1	3H:106634951	106634951	FALSE
protein	protein_L01	1	3H:106636609	106636609	FALSE
protein	protein_L01	1	3H:106639236	106639236	FALSE
protein	protein_L01	1	3H:106640524	106640524	FALSE
protein	protein_L01	1	3H:106646580	106646580	FALSE
protein	protein_L01	1	3H:106646876	106646876	FALSE
protein	protein_L01	1	3H:106648899	106648899	FALSE
protein	protein_L01	1	3H:106649490	106649490	FALSE
protein	protein_L01	1	3H:106651290	106651290	FALSE
protein	protein_L01	1	3H:106657296	106657296	FALSE
protein	protein_L01	1	3H:106665803	106665803	FALSE
protein	protein_L01	1	3H:106666881	106666881	FALSE
protein	protein_L01	1	3H:106677255	106677255	FALSE
protein	protein_L01	1	3H:106677881	106677881	FALSE
protein	protein_L01	1	3H:106679746	106679746	FALSE
protein	protein_L01	1	3H:106679752	106679752	FALSE
protein	protein_L01	1	3H:106679758	106679758	FALSE
protein	protein_L01	1	3H:106712015	106712015	FALSE
protein	protein_L01	1	3H:106713002	106713002	FALSE
protein	protein_L01	1	3H:106713537	106713537	FALSE
protein	protein_L01	1	3H:106714102	106714102	FALSE
protein	protein_L01	1	3H:106715505	106715505	FALSE
protein	protein_L01	1	3H:106716715	106716715	FALSE
protein	protein_L01	1	3H:106719642	106719642	FALSE
protein	protein_L01	1	3H:106722334	106722334	FALSE
protein	protein_L01	1	3H:106728106	106728106	FALSE
protein	protein_L01	1	3H:106732147	106732147	FALSE
protein	protein_L01	1	3H:106735924	106735924	FALSE
protein	protein_L01	1	3H:106738959	106738959	FALSE
protein	protein_L01	1	3H:106741411	106741411	FALSE
protein	protein_L01	1	3H:106745741	106745741	FALSE
protein	protein_L01	1	3H:106747426	106747426	FALSE
protein	protein_L01	1	3H:106752129	106752129	FALSE
protein	protein_L01	1	3H:106752148	106752148	FALSE
protein	protein_L01	1	3H:106777804	106777804	FALSE
protein	protein_L01	1	3H:106779200	106779200	FALSE
protein	protein_L01	1	3H:106779601	106779601	FALSE
protein	protein_L01	1	3H:106781810	106781810	FALSE
protein	protein_L01	1	3H:106783953	106783953	FALSE
protein	protein_L01	1	3H:106788182	106788182	FALSE
protein	protein_L01	1	3H:106792123	106792123	FALSE
protein	protein_L01	1	3H:106795785	106795785	FALSE
protein	protein_L01	1	3H:106799080	106799080	FALSE
protein	protein_L01	1	3H:106800573	106800573	FALSE
protein	protein_L01	1	3H:106801285	106801285	FALSE
protein	protein_L01	1	3H:106802642	106802642	FALSE
protein	protein_L01	1	3H:106804104	106804104	FALSE
protein	protein_L01	1	3H:106805400	106805400	FALSE
protein	protein_L01	1	3H:106812209	106812209	FALSE
protein	protein_L01	1	3H:106813562	106813562	FALSE
protein	protein_L01	1	3H:106813715	106813715	FALSE
protein	protein_L01	1	3H:106815131	106815131	FALSE
protein	protein_L01	1	3H:106819461	106819461	FALSE
protein	protein_L01	1	3H:106828525	106828525	FALSE
protein	protein_L01	1	3H:106840658	106840658	FALSE
protein	protein_L01	1	3H:106840832	106840832	FALSE
protein	protein_L01	1	3H:106842753	106842753	FALSE
protein	protein_L01	1	3H:106846503	106846503	FALSE
protein	protein_L01	1	3H:106846520	106846520	FALSE
protein	protein_L01	1	3H:106849159	106849159	FALSE
protein	protein_L01	1	3H:106855003	106855003	FALSE
protein	protein_L01	1	3H:106858937	106858937	FALSE
protein	protein_L01	1	3H:106859331	106859331	FALSE
protein	protein_L01	1	3H:106861587	106861587	FALSE
protein	protein_L01	1	3H:106863595	106863595	FALSE
protein	protein_L01	1	3H:106867334	106867334	FALSE
protein	protein_L01	1	3H:106883802	106883802	FALSE
protein	protein_L01	1	3H:106884824	106884824	FALSE
protein	protein_L01	1	3H:106885495	106885495	FALSE
protein	protein_L01	1	3H:106890487	106890487	FALSE
protein	protein_L01	1	3H:106891005	106891005	FALSE
protein	protein_L01	1	3H:106892442	106892442	FALSE
protein	protein_L01	1	3H:106896708	106896708	FALSE
protein	protein_L01	1	3H:106908400	106908400	FALSE
protein	protein_L01	1	3H:106910822	106910822	FALSE
protein	protein_L01	1	3H:106915217	106915217	FALSE
protein	protein_L01	1	3H:106917468	106917468	FALSE
protein	protein_L01	1	3H:106921171	106921171	FALSE
protein	protein_L01	1	3H:106921247	106921247	FALSE
protein	protein_L01	1	3H:106926472	106926472	FALSE
protein	protein_L01	1	3H:106926989	106926989	FALSE
protein	protein_L02	1	3H:159799839	159799839	TRUE
protein	protein_L02	1	3H:159845175	159845175	FALSE
starch	starch_L01	1	1H:330363275	330363275	FALSE
starch	starch_L01	1	1H:330385379	330385379	FALSE
starch	starch_L01	1	1H:330397848	330397848	FALSE
starch	starch_L01	1	1H:330416288	330416288	FALSE
starch	starch_L01	1	1H:330416896	330416896	FALSE
starch	starch_L01	1	1H:330416962	330416962	FALSE
starch	starch_L01	1	1H:330418008	330418008	FALSE
starch	starch_L01	1	1H:330423425	330423425	FALSE
starch	starch_L01	1	1H:330426609	330426609	FALSE
starch	starch_L01	1	1H:330427668	330427668	FALSE
starch	starch_L01	1	1H:330428882	330428882	FALSE
starch	starch_L01	1	1H:330428887	330428887	FALSE
starch	starch_L01	1	1H:330431355	330431355	FALSE
starch	starch_L01	1	1H:330432546	330432546	TRUE
starch	starch_L01	1	1H:330439804	330439804	FALSE
starch	starch_L01	1	1H:330450090	330450090	FALSE
starch	starch_L01	1	1H:330460199	330460199	FALSE
starch	starch_L01	1	1H:330463139	330463139	FALSE
starch	starch_L01	1	1H:330466373	330466373	FALSE
starch	starch_L01	1	1H:330468398	330468398	FALSE
starch	starch_L01	1	1H:330468424	330468424	FALSE
starch	starch_L01	1	1H:330471255	330471255	FALSE
starch	starch_L01	1	1H:330489331	330489331	FALSE
starch	starch_L01	1	1H:330510407	330510407	FALSE
starch	starch_L01	1	1H:330516451	330516451	FALSE
starch	starch_L01	1	1H:330529145	330529145	FALSE
starch	starch_L01	1	1H:330529162	330529162	FALSE
starch	starch_L01	1	1H:330532078	330532078	FALSE
starch	starch_L01	1	1H:330549772	330549772	FALSE
starch	starch_L01	1	1H:330562468	330562468	FALSE
starch	starch_L01	1	1H:330562842	330562842	FALSE
starch	starch_L02	1	3H:530616313	530616313	FALSE
starch	starch_L02	1	3H:530616331	530616331	FALSE
starch	starch_L02	1	3H:530616385	530616385	FALSE
starch	starch_L02	1	3H:530616516	530616516	FALSE
starch	starch_L02	1	3H:530617846	530617846	FALSE
starch	starch_L02	1	3H:530618838	530618838	FALSE
starch	starch_L02	1	3H:530619077	530619077	FALSE
starch	starch_L02	1	3H:530619382	530619382	FALSE
starch	starch_L02	1	3H:530619912	530619912	FALSE
starch	starch_L02	1	3H:530621308	530621308	FALSE
starch	starch_L02	1	3H:530621326	530621326	FALSE
starch	starch_L02	1	3H:530621779	530621779	FALSE
starch	starch_L02	1	3H:530621858	530621858	FALSE
starch	starch_L02	1	3H:530621941	530621941	FALSE
starch	starch_L02	1	3H:530622046	530622046	FALSE
starch	starch_L02	1	3H:530623431	530623431	FALSE
starch	starch_L02	1	3H:530623548	530623548	FALSE
starch	starch_L02	1	3H:530623628	530623628	FALSE
starch	starch_L02	1	3H:530623686	530623686	FALSE
starch	starch_L02	1	3H:530623789	530623789	FALSE
starch	starch_L02	1	3H:530624067	530624067	FALSE
starch	starch_L02	1	3H:530624108	530624108	FALSE
starch	starch_L02	1	3H:530624734	530624734	FALSE
starch	starch_L02	1	3H:530625127	530625127	FALSE
starch	starch_L02	1	3H:530626397	530626397	FALSE
starch	starch_L02	1	3H:530627890	530627890	FALSE
starch	starch_L02	1	3H:530627893	530627893	FALSE
starch	starch_L02	1	3H:530627974	530627974	FALSE
starch	starch_L02	1	3H:530628457	530628457	FALSE
starch	starch_L02	1	3H:530628530	530628530	FALSE
starch	starch_L02	1	3H:530629166	530629166	FALSE
starch	starch_L02	1	3H:530629212	530629212	FALSE
starch	starch_L02	1	3H:530629717	530629717	FALSE
starch	starch_L02	1	3H:530629853	530629853	FALSE
starch	starch_L02	1	3H:530630018	530630018	FALSE
starch	starch_L02	1	3H:530630770	530630770	FALSE
starch	starch_L02	1	3H:530631369	530631369	FALSE
starch	starch_L02	1	3H:530631487	530631487	FALSE
starch	starch_L02	1	3H:530631614	530631614	FALSE
starch	starch_L02	1	3H:530631755	530631755	FALSE
starch	starch_L02	1	3H:530631837	530631837	FALSE
starch	starch_L02	1	3H:530632414	530632414	FALSE
starch	starch_L02	1	3H:530632879	530632879	FALSE
starch	starch_L02	1	3H:530632924	530632924	FALSE
starch	starch_L02	1	3H:530632925	530632925	FALSE
starch	starch_L02	1	3H:530633132	530633132	FALSE
starch	starch_L02	1	3H:530633444	530633444	FALSE
starch	starch_L02	1	3H:530633496	530633496	FALSE
starch	starch_L02	1	3H:530633874	530633874	FALSE
starch	starch_L02	1	3H:530634026	530634026	FALSE
starch	starch_L02	1	3H:530634136	530634136	FALSE
starch	starch_L02	1	3H:530634378	530634378	FALSE
starch	starch_L02	1	3H:530634459	530634459	FALSE
starch	starch_L02	1	3H:530635766	530635766	FALSE
starch	starch_L02	1	3H:530635919	530635919	FALSE
starch	starch_L02	1	3H:530637066	530637066	FALSE
starch	starch_L02	1	3H:530637128	530637128	FALSE
starch	starch_L02	1	3H:530637173	530637173	FALSE
starch	starch_L02	1	3H:530637633	530637633	FALSE
starch	starch_L02	1	3H:530637642	530637642	FALSE
starch	starch_L02	1	3H:530640842	530640842	FALSE
starch	starch_L02	1	3H:530640897	530640897	FALSE
starch	starch_L02	1	3H:530640920	530640920	FALSE
starch	starch_L02	1	3H:530643153	530643153	FALSE
starch	starch_L02	1	3H:530643224	530643224	FALSE
starch	starch_L02	1	3H:530645701	530645701	FALSE
starch	starch_L02	1	3H:530645720	530645720	FALSE
starch	starch_L02	1	3H:530645763	530645763	FALSE
starch	starch_L02	1	3H:530650062	530650062	FALSE
starch	starch_L02	1	3H:530656150	530656150	FALSE
starch	starch_L02	1	3H:530656676	530656676	FALSE
starch	starch_L02	1	3H:530656688	530656688	FALSE
starch	starch_L02	1	3H:530657909	530657909	FALSE
starch	starch_L02	1	3H:530657910	530657910	FALSE
starch	starch_L02	1	3H:530658063	530658063	FALSE
starch	starch_L02	1	3H:530658360	530658360	FALSE
starch	starch_L02	1	3H:530658534	530658534	FALSE
starch	starch_L02	1	3H:530659912	530659912	FALSE
starch	starch_L02	1	3H:530660057	530660057	TRUE
starch	starch_L02	1	3H:530660456	530660456	FALSE
starch	starch_L02	1	3H:530660503	530660503	FALSE
starch	starch_L02	1	3H:530660654	530660654	FALSE
starch	starch_L02	1	3H:530660776	530660776	FALSE
starch	starch_L02	1	3H:530661032	530661032	FALSE
starch	starch_L02	1	3H:530664540	530664540	FALSE
starch	starch_L02	1	3H:530674200	530674200	FALSE
starch	starch_L02	1	3H:530674352	530674352	FALSE
starch	starch_L02	1	3H:530674606	530674606	FALSE
starch	starch_L02	1	3H:530674629	530674629	FALSE
starch	starch_L02	1	3H:530676968	530676968	FALSE
starch	starch_L02	1	3H:530677108	530677108	FALSE
starch	starch_L02	1	3H:530677710	530677710	FALSE
starch	starch_L02	1	3H:530677800	530677800	FALSE
starch	starch_L02	1	3H:530677923	530677923	FALSE
starch	starch_L02	1	3H:530677938	530677938	FALSE
starch	starch_L02	1	3H:530677995	530677995	FALSE
starch	starch_L02	1	3H:530678032	530678032	FALSE
starch	starch_L02	1	3H:530678084	530678084	FALSE
starch	starch_L02	1	3H:530678145	530678145	FALSE
starch	starch_L02	1	3H:530678152	530678152	FALSE
starch	starch_L02	1	3H:530678288	530678288	FALSE
starch	starch_L02	1	3H:530678800	530678800	FALSE
starch	starch_L02	1	3H:530678919	530678919	FALSE
starch	starch_L02	1	3H:530679139	530679139	FALSE
starch	starch_L02	1	3H:530679171	530679171	FALSE
starch	starch_L02	1	3H:530679334	530679334	FALSE
starch	starch_L02	1	3H:530679694	530679694	FALSE
starch	starch_L02	1	3H:530679809	530679809	FALSE
starch	starch_L02	1	3H:530680026	530680026	FALSE
starch	starch_L02	1	3H:530680059	530680059	FALSE
starch	starch_L02	1	3H:530680665	530680665	FALSE
starch	starch_L02	1	3H:530680858	530680858	FALSE
starch	starch_L02	1	3H:530681134	530681134	FALSE
starch	starch_L02	1	3H:530681726	530681726	FALSE
starch	starch_L02	1	3H:530682133	530682133	FALSE
starch	starch_L02	1	3H:530682277	530682277	FALSE
starch	starch_L02	1	3H:530682624	530682624	FALSE
starch	starch_L02	1	3H:530683122	530683122	FALSE
starch	starch_L02	1	3H:530683692	530683692	FALSE
starch	starch_L02	1	3H:530683736	530683736	FALSE
starch	starch_L02	1	3H:530683837	530683837	FALSE
starch	starch_L02	1	3H:530683890	530683890	FALSE
starch	starch_L02	1	3H:530704548	530704548	FALSE
starch	starch_L02	1	3H:530704919	530704919	FALSE
starch	starch_L02	1	3H:530705272	530705272	FALSE
starch	starch_L02	1	3H:530705398	530705398	FALSE
starch	starch_L02	1	3H:530705503	530705503	FALSE
starch	starch_L02	1	3H:530705557	530705557	FALSE
starch	starch_L02	1	3H:530705825	530705825	FALSE
starch	starch_L02	1	3H:530705890	530705890	FALSE
starch	starch_L02	1	3H:530705968	530705968	FALSE
starch	starch_L02	1	3H:530706079	530706079	FALSE
starch	starch_L02	1	3H:530706937	530706937	FALSE
starch	starch_L02	1	3H:530706990	530706990	FALSE
starch	starch_L02	1	3H:530707448	530707448	FALSE
starch	starch_L02	1	3H:530707457	530707457	FALSE
starch	starch_L02	1	3H:530707878	530707878	FALSE
starch	starch_L02	1	3H:530708060	530708060	FALSE
starch	starch_L02	1	3H:530716802	530716802	FALSE
starch	starch_L02	1	3H:530730463	530730463	FALSE
starch	starch_L03	1	3H:546310483	546310483	FALSE
starch	starch_L03	1	3H:546317201	546317201	FALSE
starch	starch_L03	1	3H:546317453	546317453	FALSE
starch	starch_L03	1	3H:546328615	546328615	FALSE
starch	starch_L03	1	3H:546353149	546353149	FALSE
starch	starch_L03	1	3H:546356607	546356607	FALSE
starch	starch_L03	1	3H:546359737	546359737	FALSE
starch	starch_L03	1	3H:546360025	546360025	FALSE
starch	starch_L03	1	3H:546366288	546366288	FALSE
starch	starch_L03	1	3H:546367419	546367419	FALSE
starch	starch_L03	1	3H:546367718	546367718	FALSE
starch	starch_L03	1	3H:546384850	546384850	FALSE
starch	starch_L03	1	3H:546387861	546387861	FALSE
starch	starch_L03	1	3H:546389545	546389545	FALSE
starch	starch_L03	1	3H:546390534	546390534	FALSE
starch	starch_L03	1	3H:546392848	546392848	FALSE
starch	starch_L03	1	3H:546392849	546392849	FALSE
starch	starch_L03	1	3H:546415288	546415288	FALSE
starch	starch_L03	1	3H:546421926	546421926	FALSE
starch	starch_L03	1	3H:546422373	546422373	FALSE
starch	starch_L03	1	3H:546422691	546422691	FALSE
starch	starch_L03	1	3H:546426013	546426013	FALSE
starch	starch_L03	1	3H:546427548	546427548	FALSE
starch	starch_L03	1	3H:546430997	546430997	FALSE
starch	starch_L03	1	3H:546431628	546431628	FALSE
starch	starch_L03	1	3H:546432154	546432154	FALSE
starch	starch_L03	1	3H:546432449	546432449	FALSE
starch	starch_L03	1	3H:546433616	546433616	TRUE
starch	starch_L03	1	3H:546435080	546435080	FALSE
starch	starch_L03	1	3H:546435729	546435729	FALSE
starch	starch_L03	1	3H:546436263	546436263	FALSE
starch	starch_L03	1	3H:546448256	546448256	FALSE
starch	starch_L03	1	3H:546448411	546448411	FALSE
starch	starch_L03	1	3H:546453547	546453547	FALSE
starch	starch_L03	1	3H:546454282	546454282	FALSE
starch	starch_L03	1	3H:546454859	546454859	FALSE
starch	starch_L03	1	3H:546473398	546473398	FALSE
starch	starch_L03	1	3H:546477112	546477112	FALSE
starch	starch_L03	1	3H:546479480	546479480	FALSE
starch	starch_L04	1	6H:525243368	525243368	FALSE
starch	starch_L04	1	6H:525243839	525243839	FALSE
starch	starch_L04	1	6H:525244220	525244220	FALSE
starch	starch_L04	1	6H:525245023	525245023	FALSE
starch	starch_L04	1	6H:525245637	525245637	FALSE
starch	starch_L04	1	6H:525245682	525245682	FALSE
starch	starch_L04	1	6H:525247080	525247080	FALSE
starch	starch_L04	1	6H:525251725	525251725	FALSE
starch	starch_L04	1	6H:525254798	525254798	FALSE
starch	starch_L04	1	6H:525255950	525255950	FALSE
starch	starch_L04	1	6H:525257955	525257955	FALSE
starch	starch_L04	1	6H:525259664	525259664	FALSE
starch	starch_L04	1	6H:525259913	525259913	FALSE
starch	starch_L04	1	6H:525259914	525259914	FALSE
starch	starch_L04	1	6H:525260130	525260130	FALSE
starch	starch_L04	1	6H:525261766	525261766	FALSE
starch	starch_L04	1	6H:525301758	525301758	FALSE
starch	starch_L04	1	6H:525302127	525302127	FALSE
starch	starch_L04	1	6H:525302782	525302782	FALSE
starch	starch_L04	1	6H:525318908	525318908	FALSE
starch	starch_L04	1	6H:525321320	525321320	FALSE
starch	starch_L04	1	6H:525322033	525322033	FALSE
starch	starch_L04	1	6H:525324106	525324106	FALSE
starch	starch_L04	1	6H:525324498	525324498	FALSE
starch	starch_L04	1	6H:525324514	525324514	FALSE
starch	starch_L04	1	6H:525327763	525327763	FALSE
starch	starch_L04	1	6H:525343278	525343278	FALSE
starch	starch_L04	1	6H:525354122	525354122	FALSE
starch	starch_L04	1	6H:525354154	525354154	FALSE
starch	starch_L04	1	6H:525354185	525354185	FALSE
starch	starch_L04	1	6H:525365817	525365817	FALSE
starch	starch_L04	1	6H:525380981	525380981	FALSE
starch	starch_L04	1	6H:525380989	525380989	FALSE
starch	starch_L04	1	6H:525382470	525382470	FALSE
starch	starch_L04	1	6H:525382964	525382964	FALSE
starch	starch_L04	1	6H:525382991	525382991	FALSE
starch	starch_L04	1	6H:525383036	525383036	FALSE
starch	starch_L04	1	6H:525383596	525383596	FALSE
starch	starch_L04	1	6H:525385140	525385140	FALSE
starch	starch_L04	1	6H:525387733	525387733	FALSE
starch	starch_L04	1	6H:525388595	525388595	FALSE
starch	starch_L04	1	6H:525388906	525388906	FALSE
starch	starch_L04	1	6H:525390494	525390494	FALSE
starch	starch_L04	1	6H:525400332	525400332	FALSE
starch	starch_L04	1	6H:525400562	525400562	FALSE
starch	starch_L04	1	6H:525408258	525408258	FALSE
starch	starch_L04	1	6H:525408500	525408500	FALSE
starch	starch_L04	1	6H:525408670	525408670	FALSE
starch	starch_L04	1	6H:525408953	525408953	FALSE
starch	starch_L04	1	6H:525409726	525409726	FALSE
starch	starch_L04	1	6H:525409786	525409786	FALSE
starch	starch_L04	1	6H:525409888	525409888	FALSE
starch	starch_L04	1	6H:525410364	525410364	FALSE
starch	starch_L04	1	6H:525417847	525417847	FALSE
starch	starch_L04	1	6H:525417849	525417849	FALSE
starch	starch_L04	1	6H:525417964	525417964	FALSE
starch	starch_L04	1	6H:525418126	525418126	FALSE
starch	starch_L04	1	6H:525418602	525418602	FALSE
starch	starch_L04	1	6H:525423551	525423551	FALSE
starch	starch_L04	1	6H:525423711	525423711	FALSE
starch	starch_L04	1	6H:525423890	525423890	FALSE
starch	starch_L04	1	6H:525424781	525424781	FALSE
starch	starch_L04	1	6H:525430408	525430408	FALSE
starch	starch_L04	1	6H:525431724	525431724	FALSE
starch	starch_L04	1	6H:525432327	525432327	FALSE
starch	starch_L04	1	6H:525434442	525434442	FALSE
starch	starch_L04	1	6H:525448331	525448331	FALSE
starch	starch_L04	1	6H:525448398	525448398	FALSE
starch	starch_L04	1	6H:525452111	525452111	FALSE
starch	starch_L04	1	6H:525452180	525452180	FALSE
starch	starch_L04	1	6H:525452738	525452738	FALSE
starch	starch_L04	1	6H:525452934	525452934	FALSE
starch	starch_L04	1	6H:525452937	525452937	FALSE
starch	starch_L04	1	6H:525452959	525452959	FALSE
starch	starch_L04	1	6H:525453157	525453157	FALSE
starch	starch_L04	1	6H:525453276	525453276	FALSE
starch	starch_L04	1	6H:525454339	525454339	FALSE
starch	starch_L04	1	6H:525454923	525454923	FALSE
starch	starch_L04	1	6H:525455026	525455026	FALSE
starch	starch_L04	1	6H:525456125	525456125	FALSE
starch	starch_L04	1	6H:525456484	525456484	FALSE
starch	starch_L04	1	6H:525456723	525456723	FALSE
starch	starch_L04	1	6H:525456852	525456852	FALSE
starch	starch_L04	1	6H:525457003	525457003	FALSE
starch	starch_L04	1	6H:525457026	525457026	FALSE
starch	starch_L04	1	6H:525457300	525457300	FALSE
starch	starch_L04	1	6H:525457322	525457322	FALSE
starch	starch_L04	1	6H:525457614	525457614	FALSE
starch	starch_L04	1	6H:525458720	525458720	FALSE
starch	starch_L04	1	6H:525459280	525459280	FALSE
starch	starch_L04	1	6H:525459615	525459615	FALSE
starch	starch_L04	1	6H:525459684	525459684	FALSE
starch	starch_L04	1	6H:525459925	525459925	FALSE
starch	starch_L04	1	6H:525461158	525461158	FALSE
starch	starch_L04	1	6H:525466094	525466094	FALSE
starch	starch_L04	1	6H:525466788	525466788	FALSE
starch	starch_L04	1	6H:525483167	525483167	FALSE
starch	starch_L04	1	6H:525485366	525485366	FALSE
starch	starch_L04	1	6H:525486588	525486588	FALSE
starch	starch_L04	1	6H:525486609	525486609	FALSE
starch	starch_L04	1	6H:525489492	525489492	FALSE
starch	starch_L04	1	6H:525507081	525507081	FALSE
starch	starch_L04	1	6H:525512323	525512323	FALSE
starch	starch_L04	1	6H:525532395	525532395	FALSE
starch	starch_L04	1	6H:525561982	525561982	FALSE
starch	starch_L04	1	6H:525599924	525599924	FALSE
starch	starch_L04	1	6H:525608835	525608835	FALSE
starch	starch_L04	1	6H:525616328	525616328	FALSE
starch	starch_L04	1	6H:525618968	525618968	FALSE
starch	starch_L04	1	6H:525618982	525618982	FALSE
starch	starch_L04	1	6H:525619400	525619400	FALSE
starch	starch_L04	1	6H:525623342	525623342	FALSE
starch	starch_L04	1	6H:525629058	525629058	FALSE
starch	starch_L04	1	6H:525630440	525630440	FALSE
starch	starch_L04	1	6H:525630742	525630742	FALSE
starch	starch_L04	1	6H:525631259	525631259	FALSE
starch	starch_L04	1	6H:525641203	525641203	FALSE
starch	starch_L04	1	6H:525642182	525642182	FALSE
starch	starch_L04	1	6H:525642273	525642273	FALSE
starch	starch_L04	1	6H:525642328	525642328	FALSE
starch	starch_L04	1	6H:525642879	525642879	FALSE
starch	starch_L04	1	6H:525643290	525643290	FALSE
starch	starch_L04	1	6H:525643747	525643747	FALSE
starch	starch_L04	1	6H:525643800	525643800	FALSE
starch	starch_L04	1	6H:525643846	525643846	FALSE
starch	starch_L04	1	6H:525643880	525643880	FALSE
starch	starch_L04	1	6H:525644158	525644158	FALSE
starch	starch_L04	1	6H:525658381	525658381	FALSE
starch	starch_L04	1	6H:525658553	525658553	FALSE
starch	starch_L04	1	6H:525658563	525658563	FALSE
starch	starch_L04	1	6H:525658625	525658625	FALSE
starch	starch_L04	1	6H:525658927	525658927	FALSE
starch	starch_L04	1	6H:525659102	525659102	FALSE
starch	starch_L04	1	6H:525697590	525697590	FALSE
starch	starch_L04	1	6H:525697611	525697611	FALSE
starch	starch_L04	1	6H:525723535	525723535	FALSE
starch	starch_L04	1	6H:525725327	525725327	FALSE
starch	starch_L04	1	6H:525725342	525725342	FALSE
starch	starch_L04	1	6H:525725366	525725366	FALSE
starch	starch_L04	1	6H:525725367	525725367	FALSE
starch	starch_L04	1	6H:525726407	525726407	FALSE
starch	starch_L04	1	6H:525726785	525726785	FALSE
starch	starch_L04	1	6H:525726988	525726988	FALSE
starch	starch_L04	1	6H:525727195	525727195	FALSE
starch	starch_L04	1	6H:525727856	525727856	FALSE
starch	starch_L04	1	6H:525727860	525727860	FALSE
starch	starch_L04	1	6H:525728131	525728131	FALSE
starch	starch_L04	1	6H:525728393	525728393	FALSE
starch	starch_L04	1	6H:525729045	525729045	FALSE
starch	starch_L04	1	6H:525729133	525729133	FALSE
starch	starch_L04	1	6H:525729183	525729183	FALSE
starch	starch_L04	1	6H:525730065	525730065	FALSE
starch	starch_L04	1	6H:525731661	525731661	FALSE
starch	starch_L04	1	6H:525733389	525733389	FALSE
starch	starch_L04	1	6H:525733407	525733407	FALSE
starch	starch_L04	1	6H:525733501	525733501	FALSE
starch	starch_L04	1	6H:525735398	525735398	FALSE
starch	starch_L04	1	6H:525735402	525735402	FALSE
starch	starch_L04	1	6H:525738510	525738510	FALSE
starch	starch_L04	1	6H:525738579	525738579	FALSE
starch	starch_L04	1	6H:525740577	525740577	FALSE
starch	starch_L04	1	6H:525740792	525740792	FALSE
starch	starch_L04	1	6H:525742673	525742673	FALSE
starch	starch_L04	1	6H:525743044	525743044	FALSE
starch	starch_L04	1	6H:525746592	525746592	FALSE
starch	starch_L04	1	6H:525746806	525746806	FALSE
starch	starch_L04	1	6H:525749997	525749997	FALSE
starch	starch_L04	1	6H:525750031	525750031	FALSE
starch	starch_L04	1	6H:525750301	525750301	FALSE
starch	starch_L04	1	6H:525750332	525750332	FALSE
starch	starch_L04	1	6H:525750346	525750346	FALSE
starch	starch_L04	1	6H:525773835	525773835	FALSE
starch	starch_L04	1	6H:525773915	525773915	FALSE
starch	starch_L04	1	6H:525773988	525773988	FALSE
starch	starch_L04	1	6H:525774128	525774128	FALSE
starch	starch_L04	1	6H:525774694	525774694	FALSE
starch	starch_L04	1	6H:525774699	525774699	FALSE
starch	starch_L04	1	6H:525775062	525775062	FALSE
starch	starch_L04	1	6H:525775555	525775555	FALSE
starch	starch_L04	1	6H:525776080	525776080	TRUE
starch	starch_L04	1	6H:525776426	525776426	FALSE
starch	starch_L04	1	6H:525776717	525776717	FALSE
starch	starch_L04	1	6H:525777883	525777883	FALSE
starch	starch_L04	1	6H:525778473	525778473	FALSE
starch	starch_L04	1	6H:525779666	525779666	FALSE
starch	starch_L04	1	6H:525779896	525779896	FALSE
starch	starch_L04	1	6H:525780022	525780022	FALSE
starch	starch_L04	1	6H:525780242	525780242	FALSE
starch	starch_L04	1	6H:525780280	525780280	FALSE
starch	starch_L04	1	6H:525780292	525780292	FALSE
starch	starch_L04	1	6H:525791771	525791771	FALSE
starch	starch_L04	1	6H:525791914	525791914	FALSE
starch	starch_L04	1	6H:525791986	525791986	FALSE
starch	starch_L04	1	6H:525792099	525792099	FALSE
starch	starch_L04	1	6H:525792114	525792114	FALSE
starch	starch_L04	1	6H:525792443	525792443	FALSE
starch	starch_L04	1	6H:525792479	525792479	FALSE
starch	starch_L04	1	6H:525795776	525795776	FALSE
starch	starch_L04	1	6H:525818337	525818337	FALSE
starch	starch_L04	1	6H:525819097	525819097	FALSE
starch	starch_L04	1	6H:525820407	525820407	FALSE
starch	starch_L04	1	6H:525820757	525820757	FALSE
starch	starch_L04	1	6H:525820810	525820810	FALSE
starch	starch_L04	1	6H:525821257	525821257	FALSE
starch	starch_L04	1	6H:525823363	525823363	FALSE
starch	starch_L04	1	6H:525823527	525823527	FALSE
starch	starch_L04	1	6H:525824072	525824072	FALSE
starch	starch_L04	1	6H:525830624	525830624	FALSE
starch	starch_L04	1	6H:525830655	525830655	FALSE
starch	starch_L04	1	6H:525830755	525830755	FALSE
starch	starch_L04	1	6H:525831180	525831180	FALSE
starch	starch_L04	1	6H:525831189	525831189	FALSE
starch	starch_L04	1	6H:525831199	525831199	FALSE
starch	starch_L04	1	6H:525831373	525831373	FALSE
starch	starch_L04	1	6H:525831522	525831522	FALSE
starch	starch_L04	1	6H:525832027	525832027	FALSE
starch	starch_L04	1	6H:525832913	525832913	FALSE
starch	starch_L04	1	6H:525832945	525832945	FALSE
starch	starch_L04	1	6H:525832992	525832992	FALSE
starch	starch_L04	1	6H:525833798	525833798	FALSE
starch	starch_L04	1	6H:525834831	525834831	FALSE
starch	starch_L04	1	6H:525834852	525834852	FALSE
starch	starch_L04	1	6H:525834886	525834886	FALSE
starch	starch_L04	1	6H:525840816	525840816	FALSE
starch	starch_L04	1	6H:525879873	525879873	FALSE
starch	starch_L04	1	6H:525885788	525885788	FALSE
starch	starch_L04	1	6H:525887880	525887880	FALSE
starch	starch_L04	1	6H:525888310	525888310	FALSE
starch	starch_L04	1	6H:525891121	525891121	FALSE
starch	starch_L04	1	6H:525891468	525891468	FALSE
starch	starch_L04	1	6H:525891495	525891495	FALSE
starch	starch_L04	1	6H:525891496	525891496	FALSE
starch	starch_L04	1	6H:525891949	525891949	FALSE
starch	starch_L04	1	6H:525891951	525891951	FALSE
starch	starch_L04	1	6H:525892182	525892182	FALSE
starch	starch_L04	1	6H:525892484	525892484	FALSE
starch	starch_L04	1	6H:525903072	525903072	FALSE
starch	starch_L04	1	6H:525903142	525903142	FALSE
starch	starch_L04	1	6H:525903189	525903189	FALSE
starch	starch_L04	1	6H:525903288	525903288	FALSE
starch	starch_L04	1	6H:525904456	525904456	FALSE
starch	starch_L04	1	6H:525905300	525905300	FALSE
starch	starch_L04	1	6H:525905680	525905680	FALSE
starch	starch_L04	1	6H:525905985	525905985	FALSE
starch	starch_L04	1	6H:525906028	525906028	FALSE
starch	starch_L04	1	6H:525906557	525906557	FALSE
starch	starch_L04	1	6H:525908812	525908812	FALSE
starch	starch_L04	1	6H:525908843	525908843	FALSE
starch	starch_L04	1	6H:525912692	525912692	FALSE
starch	starch_L04	1	6H:525938488	525938488	FALSE
starch	starch_L04	1	6H:525938647	525938647	FALSE
starch	starch_L04	1	6H:525938741	525938741	FALSE
starch	starch_L04	1	6H:525938828	525938828	FALSE
starch	starch_L04	1	6H:525938926	525938926	FALSE
starch	starch_L04	1	6H:525939203	525939203	FALSE
starch	starch_L04	1	6H:525942485	525942485	FALSE
starch	starch_L04	1	6H:525946463	525946463	FALSE
starch	starch_L04	1	6H:525947443	525947443	FALSE
starch	starch_L04	1	6H:525952160	525952160	FALSE
starch	starch_L04	1	6H:525961747	525961747	FALSE
starch	starch_L04	1	6H:525965086	525965086	FALSE
starch	starch_L04	1	6H:525978457	525978457	FALSE
starch	starch_L04	1	6H:525984593	525984593	FALSE
starch	starch_L04	1	6H:525988548	525988548	FALSE
starch	starch_L04	1	6H:525988567	525988567	FALSE
starch	starch_L05	1	7H:573606282	573606282	FALSE
starch	starch_L05	1	7H:573606306	573606306	FALSE
starch	starch_L05	1	7H:573606460	573606460	TRUE
starch	starch_L05	1	7H:573606491	573606491	FALSE
starch	starch_L05	1	7H:573607637	573607637	FALSE
starch	starch_L05	1	7H:573607845	573607845	FALSE
