locus_id	trait	lead_SNP	SNP	position_bp	is_index	MAF	p_value	neg_log10_p
betaglucan_L01	betaglucan	1H:479493867	1H:479493867	479493867	TRUE	0.0642	5.914e-07	6.2281
betaglucan_L01	betaglucan	1H:479493867	1H:479496124	479496124	FALSE	0.0553	1.846e-05	4.7337
betaglucan_L01	betaglucan	1H:479493867	1H:479533416	479533416	FALSE	0.0531	1.305e-05	4.8845
betaglucan_L01	betaglucan	1H:479493867	1H:479533580	479533580	FALSE	0.0586	0.00192	2.7167
betaglucan_L01	betaglucan	1H:479493867	1H:479533745	479533745	FALSE	0.0529	0.0001343	3.8721
betaglucan_L01	betaglucan	1H:479493867	1H:479533836	479533836	FALSE	0.0529	0.0001589	3.7988
betaglucan_L01	betaglucan	1H:479493867	1H:479533947	479533947	FALSE	0.0539	0.004924	2.3077
betaglucan_L01	betaglucan	1H:479493867	1H:479537037	479537037	FALSE	0.0558	0.0001326	3.8774
betaglucan_L01	betaglucan	1H:479493867	1H:479550906	479550906	FALSE	0.0699	0.05573	1.2539
betaglucan_L01	betaglucan	1H:479493867	1H:479551502	479551502	FALSE	0.073	0.02921	1.5344
betaglucan_L02	betaglucan	2H:41996626	2H:41975107	41975107	FALSE	0.0684	1.342e-05	4.8723
betaglucan_L02	betaglucan	2H:41996626	2H:41996626	41996626	TRUE	0.0739	2.499e-08	7.6023
betaglucan_L02	betaglucan	2H:41996626	2H:42016001	42016001	FALSE	0.0551	0.002141	2.6694
betaglucan_L02	betaglucan	2H:41996626	2H:42016337	42016337	FALSE	0.073	0.01452	1.8381
betaglucan_L03	betaglucan	3H:475967335	3H:475559427	475559427	FALSE	0.1861	0.1303	0.8851
betaglucan_L03	betaglucan	3H:475967335	3H:475561224	475561224	FALSE	0.2489	0.008048	2.0943
betaglucan_L03	betaglucan	3H:475967335	3H:475562072	475562072	FALSE	0.2321	0.01745	1.7582
betaglucan_L03	betaglucan	3H:475967335	3H:475562404	475562404	FALSE	0.2735	0.05641	1.2486
betaglucan_L03	betaglucan	3H:475967335	3H:475562592	475562592	FALSE	0.2292	0.4692	0.3287
betaglucan_L03	betaglucan	3H:475967335	3H:475562894	475562894	FALSE	0.3074	0.02861	1.5435
betaglucan_L03	betaglucan	3H:475967335	3H:475562915	475562915	FALSE	0.2869	0.04709	1.3271
betaglucan_L03	betaglucan	3H:475967335	3H:475563050	475563050	FALSE	0.1631	0.005127	2.2901
betaglucan_L03	betaglucan	3H:475967335	3H:475563204	475563204	FALSE	0.2675	0.08806	1.0552
betaglucan_L03	betaglucan	3H:475967335	3H:475563372	475563372	FALSE	0.1688	0.2551	0.5933
betaglucan_L03	betaglucan	3H:475967335	3H:475564407	475564407	FALSE	0.1807	0.08407	1.0754
betaglucan_L03	betaglucan	3H:475967335	3H:475564410	475564410	FALSE	0.3077	0.01203	1.9198
betaglucan_L03	betaglucan	3H:475967335	3H:475566976	475566976	FALSE	0.2776	0.0431	1.3655
betaglucan_L03	betaglucan	3H:475967335	3H:475567191	475567191	FALSE	0.2614	0.007535	2.1229
betaglucan_L03	betaglucan	3H:475967335	3H:475567305	475567305	FALSE	0.1941	0.02103	1.6771
betaglucan_L03	betaglucan	3H:475967335	3H:475567347	475567347	FALSE	0.1834	0.1446	0.8397
betaglucan_L03	betaglucan	3H:475967335	3H:475568743	475568743	FALSE	0.2603	0.05632	1.2493
betaglucan_L03	betaglucan	3H:475967335	3H:475568867	475568867	FALSE	0.1728	0.003777	2.4229
betaglucan_L03	betaglucan	3H:475967335	3H:475568984	475568984	FALSE	0.2627	0.002482	2.6052
betaglucan_L03	betaglucan	3H:475967335	3H:475571271	475571271	FALSE	0.2044	0.08205	1.0859
betaglucan_L03	betaglucan	3H:475967335	3H:475572152	475572152	FALSE	0.1652	0.2463	0.6084
betaglucan_L03	betaglucan	3H:475967335	3H:475572179	475572179	FALSE	0.2371	0.1195	0.9226
betaglucan_L03	betaglucan	3H:475967335	3H:475572537	475572537	FALSE	0.2155	0.196	0.7077
betaglucan_L03	betaglucan	3H:475967335	3H:475572651	475572651	FALSE	0.2338	0.07664	1.1156
betaglucan_L03	betaglucan	3H:475967335	3H:475572701	475572701	FALSE	0.2044	0.3639	0.439
betaglucan_L03	betaglucan	3H:475967335	3H:475572773	475572773	FALSE	0.2532	0.05794	1.237
betaglucan_L03	betaglucan	3H:475967335	3H:475573033	475573033	FALSE	0.2391	0.02803	1.5524
betaglucan_L03	betaglucan	3H:475967335	3H:475573374	475573374	FALSE	0.2356	0.7563	0.1213
betaglucan_L03	betaglucan	3H:475967335	3H:475573554	475573554	FALSE	0.2304	0.1905	0.7201
betaglucan_L03	betaglucan	3H:475967335	3H:475578844	475578844	FALSE	0.1586	0.2259	0.6461
betaglucan_L03	betaglucan	3H:475967335	3H:475587394	475587394	FALSE	0.2869	0.008721	2.0595
betaglucan_L03	betaglucan	3H:475967335	3H:475587462	475587462	FALSE	0.2692	0.00187	2.7281
betaglucan_L03	betaglucan	3H:475967335	3H:475587525	475587525	FALSE	0.2653	0.006215	2.2066
betaglucan_L03	betaglucan	3H:475967335	3H:475587995	475587995	FALSE	0.1645	0.1435	0.843
betaglucan_L03	betaglucan	3H:475967335	3H:475588212	475588212	FALSE	0.272	0.1522	0.8175
betaglucan_L03	betaglucan	3H:475967335	3H:475589723	475589723	FALSE	0.2193	0.1674	0.7763
betaglucan_L03	betaglucan	3H:475967335	3H:475589957	475589957	FALSE	0.2363	0.04651	1.3325
betaglucan_L03	betaglucan	3H:475967335	3H:475590109	475590109	FALSE	0.2155	0.7234	0.1406
betaglucan_L03	betaglucan	3H:475967335	3H:475591376	475591376	FALSE	0.2511	0.07131	1.1469
betaglucan_L03	betaglucan	3H:475967335	3H:475591566	475591566	FALSE	0.2417	0.6182	0.2089
betaglucan_L03	betaglucan	3H:475967335	3H:475591915	475591915	FALSE	0.2596	0.2524	0.5979
betaglucan_L03	betaglucan	3H:475967335	3H:475600944	475600944	FALSE	0.28	0.002798	2.5531
betaglucan_L03	betaglucan	3H:475967335	3H:475600950	475600950	FALSE	0.3016	0.004404	2.3561
betaglucan_L03	betaglucan	3H:475967335	3H:475601737	475601737	FALSE	0.2629	0.1345	0.8712
betaglucan_L03	betaglucan	3H:475967335	3H:475602208	475602208	FALSE	0.3093	0.1048	0.9797
betaglucan_L03	betaglucan	3H:475967335	3H:475602633	475602633	FALSE	0.1949	0.06071	1.2167
betaglucan_L03	betaglucan	3H:475967335	3H:475602755	475602755	FALSE	0.2869	0.1185	0.9264
betaglucan_L03	betaglucan	3H:475967335	3H:475602760	475602760	FALSE	0.1765	0.08424	1.0745
betaglucan_L03	betaglucan	3H:475967335	3H:475603113	475603113	FALSE	0.1897	0.04969	1.3038
betaglucan_L03	betaglucan	3H:475967335	3H:475603231	475603231	FALSE	0.2724	0.54	0.2676
betaglucan_L03	betaglucan	3H:475967335	3H:475603245	475603245	FALSE	0.1811	0.02699	1.5688
betaglucan_L03	betaglucan	3H:475967335	3H:475603321	475603321	FALSE	0.2636	0.1915	0.7177
betaglucan_L03	betaglucan	3H:475967335	3H:475603551	475603551	FALSE	0.2828	0.06351	1.1972
betaglucan_L03	betaglucan	3H:475967335	3H:475603564	475603564	FALSE	0.2426	0.06784	1.1685
betaglucan_L03	betaglucan	3H:475967335	3H:475603694	475603694	FALSE	0.2543	0.04442	1.3524
betaglucan_L03	betaglucan	3H:475967335	3H:475603757	475603757	FALSE	0.2634	0.09559	1.0196
betaglucan_L03	betaglucan	3H:475967335	3H:475603932	475603932	FALSE	0.2564	0.1422	0.847
betaglucan_L03	betaglucan	3H:475967335	3H:475605028	475605028	FALSE	0.2616	0.005677	2.2459
betaglucan_L03	betaglucan	3H:475967335	3H:475605045	475605045	FALSE	0.2554	0.007986	2.0977
betaglucan_L03	betaglucan	3H:475967335	3H:475605389	475605389	FALSE	0.2878	0.003961	2.4022
betaglucan_L03	betaglucan	3H:475967335	3H:475605636	475605636	FALSE	0.25	0.003105	2.508
betaglucan_L03	betaglucan	3H:475967335	3H:475605842	475605842	FALSE	0.2591	0.009016	2.045
betaglucan_L03	betaglucan	3H:475967335	3H:475605916	475605916	FALSE	0.2438	0.1165	0.9336
betaglucan_L03	betaglucan	3H:475967335	3H:475606300	475606300	FALSE	0.2735	0.01585	1.7999
betaglucan_L03	betaglucan	3H:475967335	3H:475606403	475606403	FALSE	0.2937	0.002614	2.5827
betaglucan_L03	betaglucan	3H:475967335	3H:475606684	475606684	FALSE	0.3128	0.5563	0.2547
betaglucan_L03	betaglucan	3H:475967335	3H:475618305	475618305	FALSE	0.2798	0.04623	1.3351
betaglucan_L03	betaglucan	3H:475967335	3H:475618412	475618412	FALSE	0.2645	0.06375	1.1955
betaglucan_L03	betaglucan	3H:475967335	3H:475619253	475619253	FALSE	0.2541	0.02166	1.6643
betaglucan_L03	betaglucan	3H:475967335	3H:475619349	475619349	FALSE	0.2591	0.04017	1.3961
betaglucan_L03	betaglucan	3H:475967335	3H:475619455	475619455	FALSE	0.3033	0.1734	0.761
betaglucan_L03	betaglucan	3H:475967335	3H:475619593	475619593	FALSE	0.2784	0.001714	2.766
betaglucan_L03	betaglucan	3H:475967335	3H:475619644	475619644	FALSE	0.2724	4.039e-05	4.3937
betaglucan_L03	betaglucan	3H:475967335	3H:475619731	475619731	FALSE	0.1913	0.1934	0.7136
betaglucan_L03	betaglucan	3H:475967335	3H:475619956	475619956	FALSE	0.2609	0.001955	2.7089
betaglucan_L03	betaglucan	3H:475967335	3H:475620066	475620066	FALSE	0.2605	0.0198	1.7033
betaglucan_L03	betaglucan	3H:475967335	3H:475621338	475621338	FALSE	0.1496	0.4886	0.311
betaglucan_L03	betaglucan	3H:475967335	3H:475621666	475621666	FALSE	0.2636	0.002858	2.5439
betaglucan_L03	betaglucan	3H:475967335	3H:475622614	475622614	FALSE	0.2597	0.1631	0.7875
betaglucan_L03	betaglucan	3H:475967335	3H:475623617	475623617	FALSE	0.1755	0.001052	2.9782
betaglucan_L03	betaglucan	3H:475967335	3H:475623728	475623728	FALSE	0.264	0.002317	2.6351
betaglucan_L03	betaglucan	3H:475967335	3H:475623792	475623792	FALSE	0.2742	0.0002375	3.6244
betaglucan_L03	betaglucan	3H:475967335	3H:475623985	475623985	FALSE	0.173	0.05605	1.2514
betaglucan_L03	betaglucan	3H:475967335	3H:475624072	475624072	FALSE	0.2823	0.5475	0.2617
betaglucan_L03	betaglucan	3H:475967335	3H:475624201	475624201	FALSE	0.2616	0.01223	1.9126
betaglucan_L03	betaglucan	3H:475967335	3H:475624239	475624239	FALSE	0.2574	0.005765	2.2392
betaglucan_L03	betaglucan	3H:475967335	3H:475625445	475625445	FALSE	0.2929	0.004021	2.3956
betaglucan_L03	betaglucan	3H:475967335	3H:475625477	475625477	FALSE	0.1633	0.2079	0.6821
betaglucan_L03	betaglucan	3H:475967335	3H:475625798	475625798	FALSE	0.1762	0.002247	2.6484
betaglucan_L03	betaglucan	3H:475967335	3H:475625880	475625880	FALSE	0.1838	0.005205	2.2836
betaglucan_L03	betaglucan	3H:475967335	3H:475626107	475626107	FALSE	0.2553	0.4653	0.3323
betaglucan_L03	betaglucan	3H:475967335	3H:475626496	475626496	FALSE	0.2563	0.08292	1.0813
betaglucan_L03	betaglucan	3H:475967335	3H:475626626	475626626	FALSE	0.2574	0.007189	2.1433
betaglucan_L03	betaglucan	3H:475967335	3H:475626812	475626812	FALSE	0.2444	0.07352	1.1336
betaglucan_L03	betaglucan	3H:475967335	3H:475626868	475626868	FALSE	0.2522	0.0524	1.2807
betaglucan_L03	betaglucan	3H:475967335	3H:475627301	475627301	FALSE	0.2469	0.05319	1.2742
betaglucan_L03	betaglucan	3H:475967335	3H:475648879	475648879	FALSE	0.2368	0.01294	1.8882
betaglucan_L03	betaglucan	3H:475967335	3H:475650203	475650203	FALSE	0.2658	0.006468	2.1892
betaglucan_L03	betaglucan	3H:475967335	3H:475650306	475650306	FALSE	0.2809	0.1459	0.8359
betaglucan_L03	betaglucan	3H:475967335	3H:475650512	475650512	FALSE	0.2827	0.04596	1.3376
betaglucan_L03	betaglucan	3H:475967335	3H:475650963	475650963	FALSE	0.1875	0.1274	0.8949
betaglucan_L03	betaglucan	3H:475967335	3H:475651243	475651243	FALSE	0.1849	0.7805	0.1076
betaglucan_L03	betaglucan	3H:475967335	3H:475651480	475651480	FALSE	0.278	0.003271	2.4853
betaglucan_L03	betaglucan	3H:475967335	3H:475651654	475651654	FALSE	0.2712	0.002925	2.5339
betaglucan_L03	betaglucan	3H:475967335	3H:475652150	475652150	FALSE	0.303	0.3221	0.492
betaglucan_L03	betaglucan	3H:475967335	3H:475652795	475652795	FALSE	0.1767	0.2496	0.6027
betaglucan_L03	betaglucan	3H:475967335	3H:475652992	475652992	FALSE	0.2742	0.004807	2.3181
betaglucan_L03	betaglucan	3H:475967335	3H:475653078	475653078	FALSE	0.1488	0.02321	1.6344
betaglucan_L03	betaglucan	3H:475967335	3H:475653320	475653320	FALSE	0.2739	0.002473	2.6068
betaglucan_L03	betaglucan	3H:475967335	3H:475653552	475653552	FALSE	0.2562	0.0561	1.251
betaglucan_L03	betaglucan	3H:475967335	3H:475653990	475653990	FALSE	0.178	0.2742	0.562
betaglucan_L03	betaglucan	3H:475967335	3H:475654115	475654115	FALSE	0.2963	0.1216	0.9152
betaglucan_L03	betaglucan	3H:475967335	3H:475654865	475654865	FALSE	0.1688	0.9138	0.0391
betaglucan_L03	betaglucan	3H:475967335	3H:475654957	475654957	FALSE	0.2697	0.004073	2.3901
betaglucan_L03	betaglucan	3H:475967335	3H:475655227	475655227	FALSE	0.249	0.06449	1.1905
betaglucan_L03	betaglucan	3H:475967335	3H:475655629	475655629	FALSE	0.2911	0.5168	0.2867
betaglucan_L03	betaglucan	3H:475967335	3H:475655640	475655640	FALSE	0.179	0.6544	0.1842
betaglucan_L03	betaglucan	3H:475967335	3H:475656157	475656157	FALSE	0.2669	0.1545	0.8112
betaglucan_L03	betaglucan	3H:475967335	3H:475656282	475656282	FALSE	0.1631	0.3634	0.4396
betaglucan_L03	betaglucan	3H:475967335	3H:475656830	475656830	FALSE	0.3304	0.03106	1.5077
betaglucan_L03	betaglucan	3H:475967335	3H:475662323	475662323	FALSE	0.193	0.1123	0.9498
betaglucan_L03	betaglucan	3H:475967335	3H:475665346	475665346	FALSE	0.2565	0.02353	1.6284
betaglucan_L03	betaglucan	3H:475967335	3H:475665707	475665707	FALSE	0.2489	0.2284	0.6413
betaglucan_L03	betaglucan	3H:475967335	3H:475665899	475665899	FALSE	0.2609	0.01409	1.8511
betaglucan_L03	betaglucan	3H:475967335	3H:475666214	475666214	FALSE	0.2468	0.006039	2.219
betaglucan_L03	betaglucan	3H:475967335	3H:475667009	475667009	FALSE	0.2405	0.0004866	3.3129
betaglucan_L03	betaglucan	3H:475967335	3H:475667020	475667020	FALSE	0.2716	0.003236	2.4899
betaglucan_L03	betaglucan	3H:475967335	3H:475667188	475667188	FALSE	0.2393	0.002441	2.6124
betaglucan_L03	betaglucan	3H:475967335	3H:475668074	475668074	FALSE	0.2625	0.01177	1.9293
betaglucan_L03	betaglucan	3H:475967335	3H:475668262	475668262	FALSE	0.2839	0.2021	0.6945
betaglucan_L03	betaglucan	3H:475967335	3H:475668272	475668272	FALSE	0.1617	0.7241	0.1402
betaglucan_L03	betaglucan	3H:475967335	3H:475668506	475668506	FALSE	0.1878	0.05587	1.2528
betaglucan_L03	betaglucan	3H:475967335	3H:475669066	475669066	FALSE	0.2724	0.008005	2.0966
betaglucan_L03	betaglucan	3H:475967335	3H:475669080	475669080	FALSE	0.2749	0.003244	2.489
betaglucan_L03	betaglucan	3H:475967335	3H:475669941	475669941	FALSE	0.1701	0.3332	0.4773
betaglucan_L03	betaglucan	3H:475967335	3H:475670549	475670549	FALSE	0.2951	0.06523	1.1856
betaglucan_L03	betaglucan	3H:475967335	3H:475670632	475670632	FALSE	0.173	0.1896	0.7222
betaglucan_L03	betaglucan	3H:475967335	3H:475670809	475670809	FALSE	0.166	0.05885	1.2303
betaglucan_L03	betaglucan	3H:475967335	3H:475670952	475670952	FALSE	0.25	0.01162	1.9347
betaglucan_L03	betaglucan	3H:475967335	3H:475671506	475671506	FALSE	0.3884	0.641	0.1932
betaglucan_L03	betaglucan	3H:475967335	3H:475671637	475671637	FALSE	0.2776	0.03643	1.4385
betaglucan_L03	betaglucan	3H:475967335	3H:475671711	475671711	FALSE	0.2903	0.0001522	3.8176
betaglucan_L03	betaglucan	3H:475967335	3H:475671793	475671793	FALSE	0.1646	0.03822	1.4177
betaglucan_L03	betaglucan	3H:475967335	3H:475672229	475672229	FALSE	0.255	0.02403	1.6192
betaglucan_L03	betaglucan	3H:475967335	3H:475672296	475672296	FALSE	0.2609	0.0402	1.3957
betaglucan_L03	betaglucan	3H:475967335	3H:475672616	475672616	FALSE	0.2479	0.03055	1.5149
betaglucan_L03	betaglucan	3H:475967335	3H:475672657	475672657	FALSE	0.1818	0.05142	1.2889
betaglucan_L03	betaglucan	3H:475967335	3H:475672705	475672705	FALSE	0.28	0.0583	1.2343
betaglucan_L03	betaglucan	3H:475967335	3H:475672759	475672759	FALSE	0.1888	0.03504	1.4555
betaglucan_L03	betaglucan	3H:475967335	3H:475672785	475672785	FALSE	0.1886	0.05155	1.2878
betaglucan_L03	betaglucan	3H:475967335	3H:475672833	475672833	FALSE	0.1627	0.08219	1.0852
betaglucan_L03	betaglucan	3H:475967335	3H:475673444	475673444	FALSE	0.1737	0.457	0.3401
betaglucan_L03	betaglucan	3H:475967335	3H:475682055	475682055	FALSE	0.2611	0.002284	2.6414
betaglucan_L03	betaglucan	3H:475967335	3H:475682217	475682217	FALSE	0.1803	0.02465	1.6082
betaglucan_L03	betaglucan	3H:475967335	3H:475682266	475682266	FALSE	0.3043	0.006467	2.1893
betaglucan_L03	betaglucan	3H:475967335	3H:475682904	475682904	FALSE	0.1724	0.01509	1.8212
betaglucan_L03	betaglucan	3H:475967335	3H:475683619	475683619	FALSE	0.2542	0.08349	1.0784
betaglucan_L03	betaglucan	3H:475967335	3H:475684174	475684174	FALSE	0.181	0.1032	0.9862
betaglucan_L03	betaglucan	3H:475967335	3H:475684638	475684638	FALSE	0.1905	0.0285	1.5452
betaglucan_L03	betaglucan	3H:475967335	3H:475684639	475684639	FALSE	0.1905	0.0285	1.5452
betaglucan_L03	betaglucan	3H:475967335	3H:475685427	475685427	FALSE	0.2696	0.01747	1.7576
betaglucan_L03	betaglucan	3H:475967335	3H:475695284	475695284	FALSE	0.2826	0.04862	1.3132
betaglucan_L03	betaglucan	3H:475967335	3H:475695533	475695533	FALSE	0.2511	0.005311	2.2748
betaglucan_L03	betaglucan	3H:475967335	3H:475696057	475696057	FALSE	0.1715	0.008944	2.0485
betaglucan_L03	betaglucan	3H:475967335	3H:475696123	475696123	FALSE	0.2593	0.01416	1.8489
betaglucan_L03	betaglucan	3H:475967335	3H:475696661	475696661	FALSE	0.2791	0.0001426	3.8459
betaglucan_L03	betaglucan	3H:475967335	3H:475697092	475697092	FALSE	0.2824	0.002849	2.5454
betaglucan_L03	betaglucan	3H:475967335	3H:475697180	475697180	FALSE	0.1577	0.01666	1.7782
betaglucan_L03	betaglucan	3H:475967335	3H:475697197	475697197	FALSE	0.1829	0.0859	1.066
betaglucan_L03	betaglucan	3H:475967335	3H:475697452	475697452	FALSE	0.2479	0.04319	1.3646
betaglucan_L03	betaglucan	3H:475967335	3H:475697784	475697784	FALSE	0.1519	0.02931	1.533
betaglucan_L03	betaglucan	3H:475967335	3H:475697842	475697842	FALSE	0.2664	0.006117	2.2134
betaglucan_L03	betaglucan	3H:475967335	3H:475698311	475698311	FALSE	0.2532	0.05498	1.2598
betaglucan_L03	betaglucan	3H:475967335	3H:475698723	475698723	FALSE	0.2552	0.001434	2.8434
betaglucan_L03	betaglucan	3H:475967335	3H:475698820	475698820	FALSE	0.2542	0.1208	0.9179
betaglucan_L03	betaglucan	3H:475967335	3H:475699513	475699513	FALSE	0.3012	0.001111	2.9542
betaglucan_L03	betaglucan	3H:475967335	3H:475699635	475699635	FALSE	0.1967	0.02323	1.634
betaglucan_L03	betaglucan	3H:475967335	3H:475699703	475699703	FALSE	0.2605	0.01274	1.895
betaglucan_L03	betaglucan	3H:475967335	3H:475713256	475713256	FALSE	0.2353	0.2192	0.6591
betaglucan_L03	betaglucan	3H:475967335	3H:475751084	475751084	FALSE	0.2521	0.00752	2.1238
betaglucan_L03	betaglucan	3H:475967335	3H:475752400	475752400	FALSE	0.2686	0.0016	2.796
betaglucan_L03	betaglucan	3H:475967335	3H:475753219	475753219	FALSE	0.2552	0.0472	1.326
betaglucan_L03	betaglucan	3H:475967335	3H:475753323	475753323	FALSE	0.1818	0.01731	1.7618
betaglucan_L03	betaglucan	3H:475967335	3H:475753603	475753603	FALSE	0.3241	0.1372	0.8628
betaglucan_L03	betaglucan	3H:475967335	3H:475756423	475756423	FALSE	0.2769	0.2565	0.5909
betaglucan_L03	betaglucan	3H:475967335	3H:475757788	475757788	FALSE	0.2636	0.1285	0.8912
betaglucan_L03	betaglucan	3H:475967335	3H:475758607	475758607	FALSE	0.2591	0.08668	1.0621
betaglucan_L03	betaglucan	3H:475967335	3H:475758647	475758647	FALSE	0.178	0.0689	1.1618
betaglucan_L03	betaglucan	3H:475967335	3H:475758713	475758713	FALSE	0.2739	0.02645	1.5776
betaglucan_L03	betaglucan	3H:475967335	3H:475761362	475761362	FALSE	0.278	0.0001967	3.7063
betaglucan_L03	betaglucan	3H:475967335	3H:475761733	475761733	FALSE	0.1694	0.02867	1.5426
betaglucan_L03	betaglucan	3H:475967335	3H:475761831	475761831	FALSE	0.1826	0.1305	0.8844
betaglucan_L03	betaglucan	3H:475967335	3H:475761914	475761914	FALSE	0.1779	0.2303	0.6377
betaglucan_L03	betaglucan	3H:475967335	3H:475761917	475761917	FALSE	0.278	0.02844	1.5461
betaglucan_L03	betaglucan	3H:475967335	3H:475761942	475761942	FALSE	0.1807	0.1663	0.779
betaglucan_L03	betaglucan	3H:475967335	3H:475761996	475761996	FALSE	0.2636	0.009885	2.005
betaglucan_L03	betaglucan	3H:475967335	3H:475762089	475762089	FALSE	0.2745	0.007752	2.1106
betaglucan_L03	betaglucan	3H:475967335	3H:475762096	475762096	FALSE	0.2795	0.006845	2.1646
betaglucan_L03	betaglucan	3H:475967335	3H:475762225	475762225	FALSE	0.2851	0.02203	1.657
betaglucan_L03	betaglucan	3H:475967335	3H:475762265	475762265	FALSE	0.1659	0.5113	0.2913
betaglucan_L03	betaglucan	3H:475967335	3H:475762318	475762318	FALSE	0.1747	0.2095	0.6789
betaglucan_L03	betaglucan	3H:475967335	3H:475762477	475762477	FALSE	0.2887	0.02745	1.5615
betaglucan_L03	betaglucan	3H:475967335	3H:475762633	475762633	FALSE	0.3592	0.09569	1.0191
betaglucan_L03	betaglucan	3H:475967335	3H:475762650	475762650	FALSE	0.1899	0.1213	0.9162
betaglucan_L03	betaglucan	3H:475967335	3H:475762872	475762872	FALSE	0.311	0.01519	1.8184
betaglucan_L03	betaglucan	3H:475967335	3H:475763001	475763001	FALSE	0.2107	0.4346	0.3619
betaglucan_L03	betaglucan	3H:475967335	3H:475763275	475763275	FALSE	0.251	0.01628	1.7883
betaglucan_L03	betaglucan	3H:475967335	3H:475763398	475763398	FALSE	0.1724	0.003821	2.4178
betaglucan_L03	betaglucan	3H:475967335	3H:475763570	475763570	FALSE	0.1652	0.3579	0.4462
betaglucan_L03	betaglucan	3H:475967335	3H:475764487	475764487	FALSE	0.1491	0.3728	0.4285
betaglucan_L03	betaglucan	3H:475967335	3H:475765048	475765048	FALSE	0.2863	0.04873	1.3122
betaglucan_L03	betaglucan	3H:475967335	3H:475765095	475765095	FALSE	0.3021	0.01649	1.7827
betaglucan_L03	betaglucan	3H:475967335	3H:475765245	475765245	FALSE	0.1905	0.03167	1.4994
betaglucan_L03	betaglucan	3H:475967335	3H:475765293	475765293	FALSE	0.3457	0.03421	1.4658
betaglucan_L03	betaglucan	3H:475967335	3H:475766260	475766260	FALSE	0.2458	0.3538	0.4512
betaglucan_L03	betaglucan	3H:475967335	3H:475766351	475766351	FALSE	0.1694	0.624	0.2048
betaglucan_L03	betaglucan	3H:475967335	3H:475766510	475766510	FALSE	0.1609	0.5413	0.2666
betaglucan_L03	betaglucan	3H:475967335	3H:475766532	475766532	FALSE	0.1707	0.6883	0.1622
betaglucan_L03	betaglucan	3H:475967335	3H:475766555	475766555	FALSE	0.1522	0.2204	0.6568
betaglucan_L03	betaglucan	3H:475967335	3H:475766571	475766571	FALSE	0.2743	0.4513	0.3455
betaglucan_L03	betaglucan	3H:475967335	3H:475766973	475766973	FALSE	0.2427	0.1358	0.8671
betaglucan_L03	betaglucan	3H:475967335	3H:475767205	475767205	FALSE	0.1711	0.02062	1.6857
betaglucan_L03	betaglucan	3H:475967335	3H:475767318	475767318	FALSE	0.2795	0.007297	2.1369
betaglucan_L03	betaglucan	3H:475967335	3H:475767581	475767581	FALSE	0.1957	0.02543	1.5947
betaglucan_L03	betaglucan	3H:475967335	3H:475767680	475767680	FALSE	0.27	0.02125	1.6727
betaglucan_L03	betaglucan	3H:475967335	3H:475768423	475768423	FALSE	0.2551	0.8954	0.048
betaglucan_L03	betaglucan	3H:475967335	3H:475768568	475768568	FALSE	0.1687	0.3061	0.5141
betaglucan_L03	betaglucan	3H:475967335	3H:475768570	475768570	FALSE	0.2802	0.011	1.9586
betaglucan_L03	betaglucan	3H:475967335	3H:475768648	475768648	FALSE	0.1826	0.05684	1.2453
betaglucan_L03	betaglucan	3H:475967335	3H:475769017	475769017	FALSE	0.2803	0.00449	2.3477
betaglucan_L03	betaglucan	3H:475967335	3H:475769028	475769028	FALSE	0.1717	0.0301	1.5214
betaglucan_L03	betaglucan	3H:475967335	3H:475769093	475769093	FALSE	0.2731	0.01193	1.9233
betaglucan_L03	betaglucan	3H:475967335	3H:475769399	475769399	FALSE	0.2308	0.003796	2.4206
betaglucan_L03	betaglucan	3H:475967335	3H:475769665	475769665	FALSE	0.1667	0.0218	1.6615
betaglucan_L03	betaglucan	3H:475967335	3H:475769959	475769959	FALSE	0.1653	0.1545	0.811
betaglucan_L03	betaglucan	3H:475967335	3H:475770043	475770043	FALSE	0.2672	0.117	0.9319
betaglucan_L03	betaglucan	3H:475967335	3H:475770081	475770081	FALSE	0.268	0.02939	1.5318
betaglucan_L03	betaglucan	3H:475967335	3H:475770111	475770111	FALSE	0.251	0.05617	1.2505
betaglucan_L03	betaglucan	3H:475967335	3H:475770201	475770201	FALSE	0.1673	0.2507	0.6008
betaglucan_L03	betaglucan	3H:475967335	3H:475770232	475770232	FALSE	0.2869	0.005339	2.2725
betaglucan_L03	betaglucan	3H:475967335	3H:475770254	475770254	FALSE	0.2992	0.0004016	3.3962
betaglucan_L03	betaglucan	3H:475967335	3H:475770258	475770258	FALSE	0.2898	0.0007867	3.1042
betaglucan_L03	betaglucan	3H:475967335	3H:475770291	475770291	FALSE	0.3093	0.001412	2.8503
betaglucan_L03	betaglucan	3H:475967335	3H:475770300	475770300	FALSE	0.308	0.0008077	3.0927
betaglucan_L03	betaglucan	3H:475967335	3H:475770391	475770391	FALSE	0.2716	0.2497	0.6025
betaglucan_L03	betaglucan	3H:475967335	3H:475770706	475770706	FALSE	0.2594	0.006627	2.1787
betaglucan_L03	betaglucan	3H:475967335	3H:475771408	475771408	FALSE	0.2727	0.01019	1.992
betaglucan_L03	betaglucan	3H:475967335	3H:475771418	475771418	FALSE	0.1913	0.005508	2.259
betaglucan_L03	betaglucan	3H:475967335	3H:475786880	475786880	FALSE	0.2863	0.003794	2.4209
betaglucan_L03	betaglucan	3H:475967335	3H:475788966	475788966	FALSE	0.175	0.2276	0.6429
betaglucan_L03	betaglucan	3H:475967335	3H:475788975	475788975	FALSE	0.1774	0.09176	1.0374
betaglucan_L03	betaglucan	3H:475967335	3H:475789247	475789247	FALSE	0.254	0.01539	1.8128
betaglucan_L03	betaglucan	3H:475967335	3H:475789248	475789248	FALSE	0.254	0.01539	1.8128
betaglucan_L03	betaglucan	3H:475967335	3H:475789900	475789900	FALSE	0.1695	0.02415	1.6171
betaglucan_L03	betaglucan	3H:475967335	3H:475790139	475790139	FALSE	0.2414	0.06446	1.1907
betaglucan_L03	betaglucan	3H:475967335	3H:475790633	475790633	FALSE	0.1574	0.4207	0.376
betaglucan_L03	betaglucan	3H:475967335	3H:475790703	475790703	FALSE	0.1617	0.1582	0.8009
betaglucan_L03	betaglucan	3H:475967335	3H:475791171	475791171	FALSE	0.2911	0.001395	2.8554
betaglucan_L03	betaglucan	3H:475967335	3H:475791209	475791209	FALSE	0.2991	0.04251	1.3715
betaglucan_L03	betaglucan	3H:475967335	3H:475791282	475791282	FALSE	0.187	0.08741	1.0585
betaglucan_L03	betaglucan	3H:475967335	3H:475791844	475791844	FALSE	0.2403	0.06104	1.2144
betaglucan_L03	betaglucan	3H:475967335	3H:475792234	475792234	FALSE	0.1818	0.1164	0.934
betaglucan_L03	betaglucan	3H:475967335	3H:475792361	475792361	FALSE	0.3012	0.01181	1.9279
betaglucan_L03	betaglucan	3H:475967335	3H:475793543	475793543	FALSE	0.2776	0.02817	1.5502
betaglucan_L03	betaglucan	3H:475967335	3H:475793645	475793645	FALSE	0.2531	0.007388	2.1315
betaglucan_L03	betaglucan	3H:475967335	3H:475793786	475793786	FALSE	0.1646	0.008166	2.088
betaglucan_L03	betaglucan	3H:475967335	3H:475793977	475793977	FALSE	0.2684	0.01031	1.9869
betaglucan_L03	betaglucan	3H:475967335	3H:475794538	475794538	FALSE	0.1807	0.0218	1.6615
betaglucan_L03	betaglucan	3H:475967335	3H:475794715	475794715	FALSE	0.25	0.0008389	3.0763
betaglucan_L03	betaglucan	3H:475967335	3H:475794837	475794837	FALSE	0.2479	0.004383	2.3582
betaglucan_L03	betaglucan	3H:475967335	3H:475795188	475795188	FALSE	0.2677	0.005101	2.2924
betaglucan_L03	betaglucan	3H:475967335	3H:475795197	475795197	FALSE	0.1673	0.01773	1.7512
betaglucan_L03	betaglucan	3H:475967335	3H:475795860	475795860	FALSE	0.2753	0.01869	1.7283
betaglucan_L03	betaglucan	3H:475967335	3H:475796600	475796600	FALSE	0.1724	0.2699	0.5688
betaglucan_L03	betaglucan	3H:475967335	3H:475797087	475797087	FALSE	0.1845	0.007602	2.1191
betaglucan_L03	betaglucan	3H:475967335	3H:475797154	475797154	FALSE	0.2605	1.022e-05	4.9904
betaglucan_L03	betaglucan	3H:475967335	3H:475797387	475797387	FALSE	0.2479	0.01411	1.8506
betaglucan_L03	betaglucan	3H:475967335	3H:475797720	475797720	FALSE	0.2805	0.001623	2.7898
betaglucan_L03	betaglucan	3H:475967335	3H:475797733	475797733	FALSE	0.2846	0.002419	2.6164
betaglucan_L03	betaglucan	3H:475967335	3H:475797789	475797789	FALSE	0.1767	0.03053	1.5153
betaglucan_L03	betaglucan	3H:475967335	3H:475798694	475798694	FALSE	0.2623	0.01554	1.8084
betaglucan_L03	betaglucan	3H:475967335	3H:475798786	475798786	FALSE	0.2642	0.01769	1.7522
betaglucan_L03	betaglucan	3H:475967335	3H:475798896	475798896	FALSE	0.1951	0.096	1.0177
betaglucan_L03	betaglucan	3H:475967335	3H:475799727	475799727	FALSE	0.1717	0.748	0.1261
betaglucan_L03	betaglucan	3H:475967335	3H:475799734	475799734	FALSE	0.1745	0.5653	0.2477
betaglucan_L03	betaglucan	3H:475967335	3H:475800183	475800183	FALSE	0.2811	0.1332	0.8756
betaglucan_L03	betaglucan	3H:475967335	3H:475800303	475800303	FALSE	0.2863	0.03018	1.5202
betaglucan_L03	betaglucan	3H:475967335	3H:475800797	475800797	FALSE	0.2941	0.002612	2.583
betaglucan_L03	betaglucan	3H:475967335	3H:475800961	475800961	FALSE	0.2851	0.03016	1.5206
betaglucan_L03	betaglucan	3H:475967335	3H:475801106	475801106	FALSE	0.2863	0.0003185	3.4969
betaglucan_L03	betaglucan	3H:475967335	3H:475801161	475801161	FALSE	0.41	0.03749	1.426
betaglucan_L03	betaglucan	3H:475967335	3H:475801177	475801177	FALSE	0.2929	0.002107	2.6763
betaglucan_L03	betaglucan	3H:475967335	3H:475801241	475801241	FALSE	0.2667	0.002409	2.6181
betaglucan_L03	betaglucan	3H:475967335	3H:475801472	475801472	FALSE	0.2814	0.02154	1.6667
betaglucan_L03	betaglucan	3H:475967335	3H:475801520	475801520	FALSE	0.166	0.3197	0.4952
betaglucan_L03	betaglucan	3H:475967335	3H:475801661	475801661	FALSE	0.2661	0.1311	0.8825
betaglucan_L03	betaglucan	3H:475967335	3H:475801920	475801920	FALSE	0.1786	0.08481	1.0715
betaglucan_L03	betaglucan	3H:475967335	3H:475802526	475802526	FALSE	0.25	0.2305	0.6372
betaglucan_L03	betaglucan	3H:475967335	3H:475802645	475802645	FALSE	0.2992	0.009636	2.0161
betaglucan_L03	betaglucan	3H:475967335	3H:475802883	475802883	FALSE	0.2787	0.01522	1.8175
betaglucan_L03	betaglucan	3H:475967335	3H:475802958	475802958	FALSE	0.1803	0.01657	1.7808
betaglucan_L03	betaglucan	3H:475967335	3H:475803654	475803654	FALSE	0.1681	0.07261	1.139
betaglucan_L03	betaglucan	3H:475967335	3H:475803659	475803659	FALSE	0.1717	0.02154	1.6668
betaglucan_L03	betaglucan	3H:475967335	3H:475803677	475803677	FALSE	0.2697	0.06965	1.1571
betaglucan_L03	betaglucan	3H:475967335	3H:475804595	475804595	FALSE	0.17	0.0187	1.7281
betaglucan_L03	betaglucan	3H:475967335	3H:475805378	475805378	FALSE	0.1841	0.1686	0.7732
betaglucan_L03	betaglucan	3H:475967335	3H:475805489	475805489	FALSE	0.2447	0.04763	1.3221
betaglucan_L03	betaglucan	3H:475967335	3H:475805705	475805705	FALSE	0.2563	0.01168	1.9326
betaglucan_L03	betaglucan	3H:475967335	3H:475819562	475819562	FALSE	0.1757	0.02013	1.6961
betaglucan_L03	betaglucan	3H:475967335	3H:475820635	475820635	FALSE	0.1701	0.1153	0.9381
betaglucan_L03	betaglucan	3H:475967335	3H:475820687	475820687	FALSE	0.25	0.01113	1.9534
betaglucan_L03	betaglucan	3H:475967335	3H:475823538	475823538	FALSE	0.2786	0.001979	2.7035
betaglucan_L03	betaglucan	3H:475967335	3H:475823721	475823721	FALSE	0.2276	0.005483	2.261
betaglucan_L03	betaglucan	3H:475967335	3H:475823934	475823934	FALSE	0.2445	0.2797	0.5532
betaglucan_L03	betaglucan	3H:475967335	3H:475824017	475824017	FALSE	0.2489	0.01889	1.7237
betaglucan_L03	betaglucan	3H:475967335	3H:475824218	475824218	FALSE	0.2901	7.931e-05	4.1007
betaglucan_L03	betaglucan	3H:475967335	3H:475824260	475824260	FALSE	0.1538	0.006751	2.1707
betaglucan_L03	betaglucan	3H:475967335	3H:475824341	475824341	FALSE	0.2941	0.004381	2.3584
betaglucan_L03	betaglucan	3H:475967335	3H:475824494	475824494	FALSE	0.3086	0.0004752	3.3231
betaglucan_L03	betaglucan	3H:475967335	3H:475824497	475824497	FALSE	0.2717	0.0002662	3.5748
betaglucan_L03	betaglucan	3H:475967335	3H:475825090	475825090	FALSE	0.2381	0.03535	1.4517
betaglucan_L03	betaglucan	3H:475967335	3H:475825502	475825502	FALSE	0.1612	0.05036	1.2979
betaglucan_L03	betaglucan	3H:475967335	3H:475825692	475825692	FALSE	0.2621	0.004853	2.314
betaglucan_L03	betaglucan	3H:475967335	3H:475825737	475825737	FALSE	0.3089	0.002878	2.5409
betaglucan_L03	betaglucan	3H:475967335	3H:475826453	475826453	FALSE	0.2361	0.02884	1.54
betaglucan_L03	betaglucan	3H:475967335	3H:475827555	475827555	FALSE	0.2437	0.03791	1.4213
betaglucan_L03	betaglucan	3H:475967335	3H:475827570	475827570	FALSE	0.2134	0.7966	0.0988
betaglucan_L03	betaglucan	3H:475967335	3H:475827998	475827998	FALSE	0.177	0.07012	1.1542
betaglucan_L03	betaglucan	3H:475967335	3H:475828005	475828005	FALSE	0.3347	0.1208	0.9178
betaglucan_L03	betaglucan	3H:475967335	3H:475828529	475828529	FALSE	0.2621	0.003952	2.4032
betaglucan_L03	betaglucan	3H:475967335	3H:475828602	475828602	FALSE	0.268	4.057e-05	4.3918
betaglucan_L03	betaglucan	3H:475967335	3H:475828833	475828833	FALSE	0.2706	0.007539	2.1227
betaglucan_L03	betaglucan	3H:475967335	3H:475828835	475828835	FALSE	0.2667	0.00758	2.1203
betaglucan_L03	betaglucan	3H:475967335	3H:475828882	475828882	FALSE	0.1709	0.003375	2.4717
betaglucan_L03	betaglucan	3H:475967335	3H:475828994	475828994	FALSE	0.251	0.007578	2.1205
betaglucan_L03	betaglucan	3H:475967335	3H:475829242	475829242	FALSE	0.2468	0.02824	1.5492
betaglucan_L03	betaglucan	3H:475967335	3H:475829684	475829684	FALSE	0.2971	0.01724	1.7635
betaglucan_L03	betaglucan	3H:475967335	3H:475829902	475829902	FALSE	0.259	0.003204	2.4943
betaglucan_L03	betaglucan	3H:475967335	3H:475829930	475829930	FALSE	0.2417	0.04358	1.3607
betaglucan_L03	betaglucan	3H:475967335	3H:475830095	475830095	FALSE	0.1617	0.01062	1.974
betaglucan_L03	betaglucan	3H:475967335	3H:475830262	475830262	FALSE	0.181	0.02285	1.6411
betaglucan_L03	betaglucan	3H:475967335	3H:475830729	475830729	FALSE	0.2826	0.009307	2.0312
betaglucan_L03	betaglucan	3H:475967335	3H:475830945	475830945	FALSE	0.168	0.03287	1.4833
betaglucan_L03	betaglucan	3H:475967335	3H:475831007	475831007	FALSE	0.2806	0.0277	1.5575
betaglucan_L03	betaglucan	3H:475967335	3H:475831259	475831259	FALSE	0.1734	0.2838	0.5469
betaglucan_L03	betaglucan	3H:475967335	3H:475831272	475831272	FALSE	0.1721	0.02286	1.6409
betaglucan_L03	betaglucan	3H:475967335	3H:475831377	475831377	FALSE	0.1708	0.01565	1.8054
betaglucan_L03	betaglucan	3H:475967335	3H:475831472	475831472	FALSE	0.2653	0.002359	2.6272
betaglucan_L03	betaglucan	3H:475967335	3H:475831526	475831526	FALSE	0.2632	0.0004808	3.3181
betaglucan_L03	betaglucan	3H:475967335	3H:475831858	475831858	FALSE	0.1717	0.2183	0.661
betaglucan_L03	betaglucan	3H:475967335	3H:475832821	475832821	FALSE	0.2489	0.001633	2.787
betaglucan_L03	betaglucan	3H:475967335	3H:475833339	475833339	FALSE	0.2596	0.0001008	3.9963
betaglucan_L03	betaglucan	3H:475967335	3H:475833460	475833460	FALSE	0.2616	0.003699	2.4319
betaglucan_L03	betaglucan	3H:475967335	3H:475834324	475834324	FALSE	0.303	0.01687	1.7729
betaglucan_L03	betaglucan	3H:475967335	3H:475835070	475835070	FALSE	0.2445	0.08666	1.0622
betaglucan_L03	betaglucan	3H:475967335	3H:475835487	475835487	FALSE	0.2371	0.1078	0.9675
betaglucan_L03	betaglucan	3H:475967335	3H:475835571	475835571	FALSE	0.2479	0.06412	1.193
betaglucan_L03	betaglucan	3H:475967335	3H:475837393	475837393	FALSE	0.1471	0.1244	0.9052
betaglucan_L03	betaglucan	3H:475967335	3H:475837415	475837415	FALSE	0.1551	0.3641	0.4388
betaglucan_L03	betaglucan	3H:475967335	3H:475837422	475837422	FALSE	0.1551	0.3641	0.4388
betaglucan_L03	betaglucan	3H:475967335	3H:475837439	475837439	FALSE	0.1557	0.2647	0.5772
betaglucan_L03	betaglucan	3H:475967335	3H:475837691	475837691	FALSE	0.1897	0.1125	0.9488
betaglucan_L03	betaglucan	3H:475967335	3H:475837796	475837796	FALSE	0.2988	0.003317	2.4793
betaglucan_L03	betaglucan	3H:475967335	3H:475837968	475837968	FALSE	0.2869	0.03906	1.4083
betaglucan_L03	betaglucan	3H:475967335	3H:475838720	475838720	FALSE	0.1743	0.00299	2.5244
betaglucan_L03	betaglucan	3H:475967335	3H:475838837	475838837	FALSE	0.183	0.003771	2.4235
betaglucan_L03	betaglucan	3H:475967335	3H:475839048	475839048	FALSE	0.2353	0.07646	1.1166
betaglucan_L03	betaglucan	3H:475967335	3H:475839664	475839664	FALSE	0.2458	0.001282	2.892
betaglucan_L03	betaglucan	3H:475967335	3H:475839696	475839696	FALSE	0.3554	0.05412	1.2667
betaglucan_L03	betaglucan	3H:475967335	3H:475839882	475839882	FALSE	0.1645	0.2139	0.6698
betaglucan_L03	betaglucan	3H:475967335	3H:475839976	475839976	FALSE	0.2658	0.02312	1.636
betaglucan_L03	betaglucan	3H:475967335	3H:475840001	475840001	FALSE	0.2618	0.04299	1.3666
betaglucan_L03	betaglucan	3H:475967335	3H:475840028	475840028	FALSE	0.1799	0.03398	1.4688
betaglucan_L03	betaglucan	3H:475967335	3H:475840198	475840198	FALSE	0.2826	0.05008	1.3004
betaglucan_L03	betaglucan	3H:475967335	3H:475840828	475840828	FALSE	0.2458	0.008272	2.0824
betaglucan_L03	betaglucan	3H:475967335	3H:475840839	475840839	FALSE	0.2338	0.001935	2.7132
betaglucan_L03	betaglucan	3H:475967335	3H:475840860	475840860	FALSE	0.2511	0.009737	2.0116
betaglucan_L03	betaglucan	3H:475967335	3H:475842001	475842001	FALSE	0.2821	0.009886	2.005
betaglucan_L03	betaglucan	3H:475967335	3H:475842393	475842393	FALSE	0.2967	0.03098	1.5089
betaglucan_L03	betaglucan	3H:475967335	3H:475842618	475842618	FALSE	0.2424	0.006658	2.1767
betaglucan_L03	betaglucan	3H:475967335	3H:475843039	475843039	FALSE	0.2511	0.005272	2.278
betaglucan_L03	betaglucan	3H:475967335	3H:475843264	475843264	FALSE	0.2564	0.007054	2.1516
betaglucan_L03	betaglucan	3H:475967335	3H:475843316	475843316	FALSE	0.2532	0.03194	1.4957
betaglucan_L03	betaglucan	3H:475967335	3H:475843373	475843373	FALSE	0.1822	0.1466	0.8339
betaglucan_L03	betaglucan	3H:475967335	3H:475844164	475844164	FALSE	0.2415	0.05036	1.2979
betaglucan_L03	betaglucan	3H:475967335	3H:475844953	475844953	FALSE	0.248	0.01837	1.7358
betaglucan_L03	betaglucan	3H:475967335	3H:475844996	475844996	FALSE	0.2459	0.06551	1.1837
betaglucan_L03	betaglucan	3H:475967335	3H:475845220	475845220	FALSE	0.2623	0.04256	1.371
betaglucan_L03	betaglucan	3H:475967335	3H:475845394	475845394	FALSE	0.1799	0.2885	0.5398
betaglucan_L03	betaglucan	3H:475967335	3H:475845413	475845413	FALSE	0.1799	0.3634	0.4396
betaglucan_L03	betaglucan	3H:475967335	3H:475845434	475845434	FALSE	0.249	0.03673	1.4349
betaglucan_L03	betaglucan	3H:475967335	3H:475845767	475845767	FALSE	0.1737	0.0944	1.025
betaglucan_L03	betaglucan	3H:475967335	3H:475845940	475845940	FALSE	0.1581	0.5631	0.2494
betaglucan_L03	betaglucan	3H:475967335	3H:475846645	475846645	FALSE	0.25	0.002803	2.5524
betaglucan_L03	betaglucan	3H:475967335	3H:475846959	475846959	FALSE	0.2773	0.02045	1.6893
betaglucan_L03	betaglucan	3H:475967335	3H:475846988	475846988	FALSE	0.1715	0.3064	0.5137
betaglucan_L03	betaglucan	3H:475967335	3H:475847011	475847011	FALSE	0.1696	0.4077	0.3897
betaglucan_L03	betaglucan	3H:475967335	3H:475847910	475847910	FALSE	0.2614	0.001886	2.7245
betaglucan_L03	betaglucan	3H:475967335	3H:475848242	475848242	FALSE	0.1551	0.05739	1.2412
betaglucan_L03	betaglucan	3H:475967335	3H:475849253	475849253	FALSE	0.2564	0.02313	1.6359
betaglucan_L03	betaglucan	3H:475967335	3H:475849327	475849327	FALSE	0.1594	0.008128	2.09
betaglucan_L03	betaglucan	3H:475967335	3H:475849329	475849329	FALSE	0.2778	0.002078	2.6823
betaglucan_L03	betaglucan	3H:475967335	3H:475850028	475850028	FALSE	0.3064	0.06653	1.177
betaglucan_L03	betaglucan	3H:475967335	3H:475851198	475851198	FALSE	0.2458	0.04571	1.34
betaglucan_L03	betaglucan	3H:475967335	3H:475853006	475853006	FALSE	0.2391	0.002077	2.6825
betaglucan_L03	betaglucan	3H:475967335	3H:475855518	475855518	FALSE	0.2227	0.05346	1.272
betaglucan_L03	betaglucan	3H:475967335	3H:475859243	475859243	FALSE	0.2405	0.01064	1.9732
betaglucan_L03	betaglucan	3H:475967335	3H:475859592	475859592	FALSE	0.248	0.08351	1.0783
betaglucan_L03	betaglucan	3H:475967335	3H:475859999	475859999	FALSE	0.3192	0.0007825	3.1065
betaglucan_L03	betaglucan	3H:475967335	3H:475860050	475860050	FALSE	0.2932	0.02728	1.5641
betaglucan_L03	betaglucan	3H:475967335	3H:475860223	475860223	FALSE	0.1646	0.1555	0.8083
betaglucan_L03	betaglucan	3H:475967335	3H:475860267	475860267	FALSE	0.1745	0.1272	0.8955
betaglucan_L03	betaglucan	3H:475967335	3H:475860321	475860321	FALSE	0.2753	0.0013	2.886
betaglucan_L03	betaglucan	3H:475967335	3H:475860343	475860343	FALSE	0.2794	0.0007679	3.1147
betaglucan_L03	betaglucan	3H:475967335	3H:475860787	475860787	FALSE	0.2521	0.02676	1.5726
betaglucan_L03	betaglucan	3H:475967335	3H:475860826	475860826	FALSE	0.2469	0.02481	1.6054
betaglucan_L03	betaglucan	3H:475967335	3H:475861334	475861334	FALSE	0.2055	0.1716	0.7654
betaglucan_L03	betaglucan	3H:475967335	3H:475863773	475863773	FALSE	0.2445	0.03822	1.4177
betaglucan_L03	betaglucan	3H:475967335	3H:475865263	475865263	FALSE	0.2863	0.0005117	3.291
betaglucan_L03	betaglucan	3H:475967335	3H:475865270	475865270	FALSE	0.2749	0.005151	2.2881
betaglucan_L03	betaglucan	3H:475967335	3H:475865273	475865273	FALSE	0.1673	0.01828	1.738
betaglucan_L03	betaglucan	3H:475967335	3H:475865523	475865523	FALSE	0.2863	0.03545	1.4504
betaglucan_L03	betaglucan	3H:475967335	3H:475866359	475866359	FALSE	0.2286	0.3178	0.4979
betaglucan_L03	betaglucan	3H:475967335	3H:475866922	475866922	FALSE	0.2	0.05158	1.2875
betaglucan_L03	betaglucan	3H:475967335	3H:475867375	475867375	FALSE	0.3128	0.519	0.2848
betaglucan_L03	betaglucan	3H:475967335	3H:475867448	475867448	FALSE	0.2305	0.02172	1.6631
betaglucan_L03	betaglucan	3H:475967335	3H:475867481	475867481	FALSE	0.3537	0.07237	1.1404
betaglucan_L03	betaglucan	3H:475967335	3H:475867536	475867536	FALSE	0.2971	0.006726	2.1723
betaglucan_L03	betaglucan	3H:475967335	3H:475867688	475867688	FALSE	0.2929	0.01923	1.7159
betaglucan_L03	betaglucan	3H:475967335	3H:475868000	475868000	FALSE	0.2152	0.0003411	3.4671
betaglucan_L03	betaglucan	3H:475967335	3H:475868042	475868042	FALSE	0.308	0.0372	1.4294
betaglucan_L03	betaglucan	3H:475967335	3H:475868053	475868053	FALSE	0.2154	0.0002792	3.5541
betaglucan_L03	betaglucan	3H:475967335	3H:475868104	475868104	FALSE	0.2241	0.0006008	3.2213
betaglucan_L03	betaglucan	3H:475967335	3H:475868312	475868312	FALSE	0.2033	0.05834	1.234
betaglucan_L03	betaglucan	3H:475967335	3H:475868322	475868322	FALSE	0.209	0.03508	1.455
betaglucan_L03	betaglucan	3H:475967335	3H:475868463	475868463	FALSE	0.243	0.002069	2.6843
betaglucan_L03	betaglucan	3H:475967335	3H:475868590	475868590	FALSE	0.2971	0.03399	1.4687
betaglucan_L03	betaglucan	3H:475967335	3H:475869037	475869037	FALSE	0.2078	0.03741	1.4271
betaglucan_L03	betaglucan	3H:475967335	3H:475869039	475869039	FALSE	0.2043	0.0395	1.4034
betaglucan_L03	betaglucan	3H:475967335	3H:475869635	475869635	FALSE	0.3411	0.06445	1.1908
betaglucan_L03	betaglucan	3H:475967335	3H:475869668	475869668	FALSE	0.2362	0.004393	2.3572
betaglucan_L03	betaglucan	3H:475967335	3H:475869779	475869779	FALSE	0.3426	0.0003522	3.4532
betaglucan_L03	betaglucan	3H:475967335	3H:475869873	475869873	FALSE	0.3229	0.4047	0.3929
betaglucan_L03	betaglucan	3H:475967335	3H:475869885	475869885	FALSE	0.3128	0.3063	0.5138
betaglucan_L03	betaglucan	3H:475967335	3H:475870094	475870094	FALSE	0.1926	0.01066	1.9723
betaglucan_L03	betaglucan	3H:475967335	3H:475870402	475870402	FALSE	0.2408	0.01619	1.7907
betaglucan_L03	betaglucan	3H:475967335	3H:475870506	475870506	FALSE	0.3188	0.02453	1.6103
betaglucan_L03	betaglucan	3H:475967335	3H:475870586	475870586	FALSE	0.3664	0.2632	0.5797
betaglucan_L03	betaglucan	3H:475967335	3H:475870715	475870715	FALSE	0.3052	0.02341	1.6306
betaglucan_L03	betaglucan	3H:475967335	3H:475870927	475870927	FALSE	0.2235	0.001455	2.837
betaglucan_L03	betaglucan	3H:475967335	3H:475871659	475871659	FALSE	0.1872	0.01929	1.7148
betaglucan_L03	betaglucan	3H:475967335	3H:475871665	475871665	FALSE	0.3122	0.06465	1.1894
betaglucan_L03	betaglucan	3H:475967335	3H:475871846	475871846	FALSE	0.3128	0.08171	1.0877
betaglucan_L03	betaglucan	3H:475967335	3H:475871848	475871848	FALSE	0.2267	0.003173	2.4985
betaglucan_L03	betaglucan	3H:475967335	3H:475871878	475871878	FALSE	0.2051	0.006852	2.1642
betaglucan_L03	betaglucan	3H:475967335	3H:475871969	475871969	FALSE	0.3625	0.2136	0.6704
betaglucan_L03	betaglucan	3H:475967335	3H:475871988	475871988	FALSE	0.1992	0.002159	2.6658
betaglucan_L03	betaglucan	3H:475967335	3H:475872044	475872044	FALSE	0.3254	0.5549	0.2558
betaglucan_L03	betaglucan	3H:475967335	3H:475872684	475872684	FALSE	0.318	0.6372	0.1957
betaglucan_L03	betaglucan	3H:475967335	3H:475872747	475872747	FALSE	0.2177	0.01314	1.8814
betaglucan_L03	betaglucan	3H:475967335	3H:475872823	475872823	FALSE	0.2583	0.01942	1.7118
betaglucan_L03	betaglucan	3H:475967335	3H:475872837	475872837	FALSE	0.3527	0.3059	0.5145
betaglucan_L03	betaglucan	3H:475967335	3H:475872929	475872929	FALSE	0.34	0.4983	0.3025
betaglucan_L03	betaglucan	3H:475967335	3H:475872938	475872938	FALSE	0.1789	0.005773	2.2386
betaglucan_L03	betaglucan	3H:475967335	3H:475872971	475872971	FALSE	0.3208	0.01687	1.7728
betaglucan_L03	betaglucan	3H:475967335	3H:475873057	475873057	FALSE	0.2429	0.007585	2.12
betaglucan_L03	betaglucan	3H:475967335	3H:475873069	475873069	FALSE	0.3089	0.077	1.1135
betaglucan_L03	betaglucan	3H:475967335	3H:475873081	475873081	FALSE	0.3093	0.005969	2.2241
betaglucan_L03	betaglucan	3H:475967335	3H:475873446	475873446	FALSE	0.2137	0.0132	1.8796
betaglucan_L03	betaglucan	3H:475967335	3H:475873455	475873455	FALSE	0.2131	0.00689	2.1618
betaglucan_L03	betaglucan	3H:475967335	3H:475873518	475873518	FALSE	0.2918	0.3636	0.4393
betaglucan_L03	betaglucan	3H:475967335	3H:475873694	475873694	FALSE	0.2987	0.3362	0.4734
betaglucan_L03	betaglucan	3H:475967335	3H:475874019	475874019	FALSE	0.3235	0.3815	0.4186
betaglucan_L03	betaglucan	3H:475967335	3H:475874104	475874104	FALSE	0.3025	0.1962	0.7074
betaglucan_L03	betaglucan	3H:475967335	3H:475874136	475874136	FALSE	0.2083	0.04098	1.3874
betaglucan_L03	betaglucan	3H:475967335	3H:475874157	475874157	FALSE	0.1975	0.004511	2.3457
betaglucan_L03	betaglucan	3H:475967335	3H:475874186	475874186	FALSE	0.3145	0.08622	1.0644
betaglucan_L03	betaglucan	3H:475967335	3H:475874202	475874202	FALSE	0.2302	0.02052	1.6877
betaglucan_L03	betaglucan	3H:475967335	3H:475874494	475874494	FALSE	0.2263	0.9618	0.0169
betaglucan_L03	betaglucan	3H:475967335	3H:475874529	475874529	FALSE	0.3156	0.5232	0.2814
betaglucan_L03	betaglucan	3H:475967335	3H:475874548	475874548	FALSE	0.18	0.00103	2.9871
betaglucan_L03	betaglucan	3H:475967335	3H:475874629	475874629	FALSE	0.2365	0.1448	0.8394
betaglucan_L03	betaglucan	3H:475967335	3H:475874648	475874648	FALSE	0.3099	0.7114	0.1479
betaglucan_L03	betaglucan	3H:475967335	3H:475874914	475874914	FALSE	0.2389	0.1373	0.8622
betaglucan_L03	betaglucan	3H:475967335	3H:475875056	475875056	FALSE	0.3249	0.1806	0.7433
betaglucan_L03	betaglucan	3H:475967335	3H:475875080	475875080	FALSE	0.2419	0.01678	1.7751
betaglucan_L03	betaglucan	3H:475967335	3H:475875141	475875141	FALSE	0.2905	0.4682	0.3295
betaglucan_L03	betaglucan	3H:475967335	3H:475875274	475875274	FALSE	0.1826	0.02056	1.687
betaglucan_L03	betaglucan	3H:475967335	3H:475875331	475875331	FALSE	0.3193	0.02171	1.6634
betaglucan_L03	betaglucan	3H:475967335	3H:475875334	475875334	FALSE	0.3151	0.0204	1.6903
betaglucan_L03	betaglucan	3H:475967335	3H:475875412	475875412	FALSE	0.2511	0.2682	0.5715
betaglucan_L03	betaglucan	3H:475967335	3H:475875424	475875424	FALSE	0.3333	0.517	0.2865
betaglucan_L03	betaglucan	3H:475967335	3H:475875426	475875426	FALSE	0.3319	0.4502	0.3466
betaglucan_L03	betaglucan	3H:475967335	3H:475876847	475876847	FALSE	0.2565	0.07884	1.1032
betaglucan_L03	betaglucan	3H:475967335	3H:475876857	475876857	FALSE	0.2456	0.0599	1.2226
betaglucan_L03	betaglucan	3H:475967335	3H:475876998	475876998	FALSE	0.1957	0.004898	2.31
betaglucan_L03	betaglucan	3H:475967335	3H:475877013	475877013	FALSE	0.2009	0.001786	2.7482
betaglucan_L03	betaglucan	3H:475967335	3H:475877076	475877076	FALSE	0.336	0.3362	0.4734
betaglucan_L03	betaglucan	3H:475967335	3H:475877585	475877585	FALSE	0.3275	0.5405	0.2672
betaglucan_L03	betaglucan	3H:475967335	3H:475878006	475878006	FALSE	0.3406	0.4041	0.3935
betaglucan_L03	betaglucan	3H:475967335	3H:475878025	475878025	FALSE	0.2208	0.3493	0.4568
betaglucan_L03	betaglucan	3H:475967335	3H:475879438	475879438	FALSE	0.2047	0.003337	2.4766
betaglucan_L03	betaglucan	3H:475967335	3H:475879440	475879440	FALSE	0.3398	0.2112	0.6752
betaglucan_L03	betaglucan	3H:475967335	3H:475879692	475879692	FALSE	0.374	0.0503	1.2985
betaglucan_L03	betaglucan	3H:475967335	3H:475879857	475879857	FALSE	0.194	0.0005666	3.2467
betaglucan_L03	betaglucan	3H:475967335	3H:475879868	475879868	FALSE	0.3401	0.02336	1.6315
betaglucan_L03	betaglucan	3H:475967335	3H:475879908	475879908	FALSE	0.3144	0.03691	1.4328
betaglucan_L03	betaglucan	3H:475967335	3H:475879974	475879974	FALSE	0.2939	0.06977	1.1563
betaglucan_L03	betaglucan	3H:475967335	3H:475880111	475880111	FALSE	0.2974	0.02751	1.5605
betaglucan_L03	betaglucan	3H:475967335	3H:475882194	475882194	FALSE	0.3276	0.06874	1.1628
betaglucan_L03	betaglucan	3H:475967335	3H:475882254	475882254	FALSE	0.4268	0.07969	1.0986
betaglucan_L03	betaglucan	3H:475967335	3H:475890483	475890483	FALSE	0.3043	0.06255	1.2038
betaglucan_L03	betaglucan	3H:475967335	3H:475890526	475890526	FALSE	0.2078	0.03678	1.4344
betaglucan_L03	betaglucan	3H:475967335	3H:475890547	475890547	FALSE	0.1888	0.01041	1.9826
betaglucan_L03	betaglucan	3H:475967335	3H:475890725	475890725	FALSE	0.3259	0.3616	0.4418
betaglucan_L03	betaglucan	3H:475967335	3H:475891235	475891235	FALSE	0.3487	0.6017	0.2206
betaglucan_L03	betaglucan	3H:475967335	3H:475891239	475891239	FALSE	0.2447	0.02144	1.6689
betaglucan_L03	betaglucan	3H:475967335	3H:475891376	475891376	FALSE	0.2723	0.05686	1.2452
betaglucan_L03	betaglucan	3H:475967335	3H:475891422	475891422	FALSE	0.2521	0.06312	1.1999
betaglucan_L03	betaglucan	3H:475967335	3H:475891591	475891591	FALSE	0.2456	0.009228	2.0349
betaglucan_L03	betaglucan	3H:475967335	3H:475891633	475891633	FALSE	0.2933	0.02406	1.6187
betaglucan_L03	betaglucan	3H:475967335	3H:475891670	475891670	FALSE	0.3038	0.3769	0.4238
betaglucan_L03	betaglucan	3H:475967335	3H:475891684	475891684	FALSE	0.2294	0.1447	0.8396
betaglucan_L03	betaglucan	3H:475967335	3H:475892443	475892443	FALSE	0.3636	0.4172	0.3796
betaglucan_L03	betaglucan	3H:475967335	3H:475892903	475892903	FALSE	0.2664	0.00364	2.4389
betaglucan_L03	betaglucan	3H:475967335	3H:475917799	475917799	FALSE	0.1652	0.1344	0.8716
betaglucan_L03	betaglucan	3H:475967335	3H:475917937	475917937	FALSE	0.2785	0.09741	1.0114
betaglucan_L03	betaglucan	3H:475967335	3H:475917938	475917938	FALSE	0.1674	0.02553	1.5929
betaglucan_L03	betaglucan	3H:475967335	3H:475918168	475918168	FALSE	0.1983	0.1149	0.9398
betaglucan_L03	betaglucan	3H:475967335	3H:475918240	475918240	FALSE	0.2383	0.01012	1.9947
betaglucan_L03	betaglucan	3H:475967335	3H:475918374	475918374	FALSE	0.2103	0.0002509	3.6004
betaglucan_L03	betaglucan	3H:475967335	3H:475918430	475918430	FALSE	0.3045	0.0205	1.6882
betaglucan_L03	betaglucan	3H:475967335	3H:475918544	475918544	FALSE	0.2009	0.004726	2.3255
betaglucan_L03	betaglucan	3H:475967335	3H:475918576	475918576	FALSE	0.3026	0.1618	0.7909
betaglucan_L03	betaglucan	3H:475967335	3H:475918643	475918643	FALSE	0.1992	0.000253	3.5968
betaglucan_L03	betaglucan	3H:475967335	3H:475918714	475918714	FALSE	0.2992	0.01479	1.8301
betaglucan_L03	betaglucan	3H:475967335	3H:475920063	475920063	FALSE	0.2217	0.1297	0.8872
betaglucan_L03	betaglucan	3H:475967335	3H:475920302	475920302	FALSE	0.2426	0.004459	2.3508
betaglucan_L03	betaglucan	3H:475967335	3H:475920324	475920324	FALSE	0.3207	0.2505	0.6012
betaglucan_L03	betaglucan	3H:475967335	3H:475920339	475920339	FALSE	0.3362	0.4406	0.3559
betaglucan_L03	betaglucan	3H:475967335	3H:475920407	475920407	FALSE	0.3004	0.3366	0.4729
betaglucan_L03	betaglucan	3H:475967335	3H:475920466	475920466	FALSE	0.3202	0.5503	0.2594
betaglucan_L03	betaglucan	3H:475967335	3H:475928691	475928691	FALSE	0.2679	0.02697	1.569
betaglucan_L03	betaglucan	3H:475967335	3H:475928870	475928870	FALSE	0.2773	0.8977	0.0469
betaglucan_L03	betaglucan	3H:475967335	3H:475928879	475928879	FALSE	0.3165	0.8767	0.0571
betaglucan_L03	betaglucan	3H:475967335	3H:475928915	475928915	FALSE	0.318	0.9808	0.0084
betaglucan_L03	betaglucan	3H:475967335	3H:475928997	475928997	FALSE	0.3402	0.2479	0.6057
betaglucan_L03	betaglucan	3H:475967335	3H:475929054	475929054	FALSE	0.3295	0.05282	1.2772
betaglucan_L03	betaglucan	3H:475967335	3H:475929073	475929073	FALSE	0.3463	0.07805	1.1076
betaglucan_L03	betaglucan	3H:475967335	3H:475929093	475929093	FALSE	0.3436	0.05986	1.2228
betaglucan_L03	betaglucan	3H:475967335	3H:475929127	475929127	FALSE	0.3466	0.08191	1.0867
betaglucan_L03	betaglucan	3H:475967335	3H:475929186	475929186	FALSE	0.2185	0.004102	2.3871
betaglucan_L03	betaglucan	3H:475967335	3H:475929251	475929251	FALSE	0.3333	0.291	0.5361
betaglucan_L03	betaglucan	3H:475967335	3H:475929407	475929407	FALSE	0.3485	0.2428	0.6148
betaglucan_L03	betaglucan	3H:475967335	3H:475929429	475929429	FALSE	0.4115	0.006643	2.1776
betaglucan_L03	betaglucan	3H:475967335	3H:475929435	475929435	FALSE	0.2583	0.001679	2.775
betaglucan_L03	betaglucan	3H:475967335	3H:475929610	475929610	FALSE	0.3265	0.07631	1.1174
betaglucan_L03	betaglucan	3H:475967335	3H:475929650	475929650	FALSE	0.3264	0.4222	0.3745
betaglucan_L03	betaglucan	3H:475967335	3H:475929745	475929745	FALSE	0.1799	0.009821	2.0078
betaglucan_L03	betaglucan	3H:475967335	3H:475929789	475929789	FALSE	0.3506	0.6451	0.1904
betaglucan_L03	betaglucan	3H:475967335	3H:475929797	475929797	FALSE	0.3553	0.7843	0.1055
betaglucan_L03	betaglucan	3H:475967335	3H:475932315	475932315	FALSE	0.2881	0.8245	0.0838
betaglucan_L03	betaglucan	3H:475967335	3H:475932344	475932344	FALSE	0.1949	0.01626	1.7889
betaglucan_L03	betaglucan	3H:475967335	3H:475932411	475932411	FALSE	0.1639	0.001223	2.9127
betaglucan_L03	betaglucan	3H:475967335	3H:475932871	475932871	FALSE	0.3617	0.3291	0.4827
betaglucan_L03	betaglucan	3H:475967335	3H:475935493	475935493	FALSE	0.332	0.4627	0.3347
betaglucan_L03	betaglucan	3H:475967335	3H:475935597	475935597	FALSE	0.2395	0.5565	0.2545
betaglucan_L03	betaglucan	3H:475967335	3H:475935644	475935644	FALSE	0.2692	0.3747	0.4263
betaglucan_L03	betaglucan	3H:475967335	3H:475935694	475935694	FALSE	0.196	0.8172	0.0877
betaglucan_L03	betaglucan	3H:475967335	3H:475936050	475936050	FALSE	0.2809	0.9129	0.0396
betaglucan_L03	betaglucan	3H:475967335	3H:475936082	475936082	FALSE	0.195	0.4077	0.3896
betaglucan_L03	betaglucan	3H:475967335	3H:475936162	475936162	FALSE	0.3333	0.9081	0.0419
betaglucan_L03	betaglucan	3H:475967335	3H:475938651	475938651	FALSE	0.2257	0.2466	0.6079
betaglucan_L03	betaglucan	3H:475967335	3H:475938691	475938691	FALSE	0.3348	0.01179	1.9285
betaglucan_L03	betaglucan	3H:475967335	3H:475938897	475938897	FALSE	0.2913	0.4957	0.3048
betaglucan_L03	betaglucan	3H:475967335	3H:475938906	475938906	FALSE	0.3036	0.5581	0.2533
betaglucan_L03	betaglucan	3H:475967335	3H:475938916	475938916	FALSE	0.2189	0.04329	1.3636
betaglucan_L03	betaglucan	3H:475967335	3H:475939525	475939525	FALSE	0.1667	0.009885	2.005
betaglucan_L03	betaglucan	3H:475967335	3H:475939536	475939536	FALSE	0.1694	0.04305	1.366
betaglucan_L03	betaglucan	3H:475967335	3H:475939537	475939537	FALSE	0.3602	0.09637	1.0161
betaglucan_L03	betaglucan	3H:475967335	3H:475939557	475939557	FALSE	0.181	0.07711	1.1129
betaglucan_L03	betaglucan	3H:475967335	3H:475939571	475939571	FALSE	0.2255	0.2169	0.6637
betaglucan_L03	betaglucan	3H:475967335	3H:475939574	475939574	FALSE	0.3333	0.01889	1.7238
betaglucan_L03	betaglucan	3H:475967335	3H:475939667	475939667	FALSE	0.2311	0.01575	1.8028
betaglucan_L03	betaglucan	3H:475967335	3H:475939691	475939691	FALSE	0.2331	0.01202	1.9201
betaglucan_L03	betaglucan	3H:475967335	3H:475939752	475939752	FALSE	0.342	0.1674	0.7762
betaglucan_L03	betaglucan	3H:475967335	3H:475939753	475939753	FALSE	0.342	0.1674	0.7762
betaglucan_L03	betaglucan	3H:475967335	3H:475940924	475940924	FALSE	0.1861	0.009023	2.0447
betaglucan_L03	betaglucan	3H:475967335	3H:475941021	475941021	FALSE	0.3941	0.02344	1.63
betaglucan_L03	betaglucan	3H:475967335	3H:475941564	475941564	FALSE	0.1783	0.04385	1.358
betaglucan_L03	betaglucan	3H:475967335	3H:475941883	475941883	FALSE	0.3203	0.1372	0.8627
betaglucan_L03	betaglucan	3H:475967335	3H:475941892	475941892	FALSE	0.3233	0.176	0.7544
betaglucan_L03	betaglucan	3H:475967335	3H:475942062	475942062	FALSE	0.1905	0.007842	2.1056
betaglucan_L03	betaglucan	3H:475967335	3H:475942086	475942086	FALSE	0.3087	0.1951	0.7098
betaglucan_L03	betaglucan	3H:475967335	3H:475942099	475942099	FALSE	0.3043	0.1629	0.7881
betaglucan_L03	betaglucan	3H:475967335	3H:475942112	475942112	FALSE	0.2833	0.2623	0.5811
betaglucan_L03	betaglucan	3H:475967335	3H:475942135	475942135	FALSE	0.2009	0.01639	1.7855
betaglucan_L03	betaglucan	3H:475967335	3H:475942152	475942152	FALSE	0.2009	0.007563	2.1213
betaglucan_L03	betaglucan	3H:475967335	3H:475942214	475942214	FALSE	0.2193	0.02554	1.5929
betaglucan_L03	betaglucan	3H:475967335	3H:475942217	475942217	FALSE	0.262	0.1421	0.8474
betaglucan_L03	betaglucan	3H:475967335	3H:475942274	475942274	FALSE	0.2387	0.03683	1.4339
betaglucan_L03	betaglucan	3H:475967335	3H:475942275	475942275	FALSE	0.187	0.002745	2.5615
betaglucan_L03	betaglucan	3H:475967335	3H:475942292	475942292	FALSE	0.2379	0.00432	2.3645
betaglucan_L03	betaglucan	3H:475967335	3H:475943613	475943613	FALSE	0.2251	0.1273	0.895
betaglucan_L03	betaglucan	3H:475967335	3H:475943919	475943919	FALSE	0.3333	0.4416	0.3549
betaglucan_L03	betaglucan	3H:475967335	3H:475943988	475943988	FALSE	0.2267	0.00257	2.5901
betaglucan_L03	betaglucan	3H:475967335	3H:475944043	475944043	FALSE	0.3441	0.6818	0.1663
betaglucan_L03	betaglucan	3H:475967335	3H:475944134	475944134	FALSE	0.2351	0.001437	2.8426
betaglucan_L03	betaglucan	3H:475967335	3H:475944207	475944207	FALSE	0.3004	0.009924	2.0033
betaglucan_L03	betaglucan	3H:475967335	3H:475944461	475944461	FALSE	0.3167	0.05444	1.2641
betaglucan_L03	betaglucan	3H:475967335	3H:475944526	475944526	FALSE	0.1717	0.01431	1.8443
betaglucan_L03	betaglucan	3H:475967335	3H:475944545	475944545	FALSE	0.343	0.554	0.2565
betaglucan_L03	betaglucan	3H:475967335	3H:475944595	475944595	FALSE	0.2955	0.4367	0.3598
betaglucan_L03	betaglucan	3H:475967335	3H:475944795	475944795	FALSE	0.3447	0.3396	0.469
betaglucan_L03	betaglucan	3H:475967335	3H:475945576	475945576	FALSE	0.3162	0.1082	0.9657
betaglucan_L03	betaglucan	3H:475967335	3H:475945579	475945579	FALSE	0.3162	0.1082	0.9657
betaglucan_L03	betaglucan	3H:475967335	3H:475945863	475945863	FALSE	0.1974	0.01173	1.9306
betaglucan_L03	betaglucan	3H:475967335	3H:475946450	475946450	FALSE	0.2	0.0002357	3.6276
betaglucan_L03	betaglucan	3H:475967335	3H:475946555	475946555	FALSE	0.2645	0.002363	2.6266
betaglucan_L03	betaglucan	3H:475967335	3H:475946593	475946593	FALSE	0.3333	0.007096	2.149
betaglucan_L03	betaglucan	3H:475967335	3H:475948704	475948704	FALSE	0.2043	0.3189	0.4964
betaglucan_L03	betaglucan	3H:475967335	3H:475948784	475948784	FALSE	0.1983	0.1263	0.8986
betaglucan_L03	betaglucan	3H:475967335	3H:475948893	475948893	FALSE	0.3115	0.1749	0.7571
betaglucan_L03	betaglucan	3H:475967335	3H:475949007	475949007	FALSE	0.2471	0.01092	1.9616
betaglucan_L03	betaglucan	3H:475967335	3H:475949025	475949025	FALSE	0.1925	0.0005857	3.2323
betaglucan_L03	betaglucan	3H:475967335	3H:475949063	475949063	FALSE	0.2792	0.1454	0.8376
betaglucan_L03	betaglucan	3H:475967335	3H:475949072	475949072	FALSE	0.3133	0.05831	1.2343
betaglucan_L03	betaglucan	3H:475967335	3H:475949241	475949241	FALSE	0.31	0.001146	2.9409
betaglucan_L03	betaglucan	3H:475967335	3H:475950923	475950923	FALSE	0.2204	0.0006167	3.2099
betaglucan_L03	betaglucan	3H:475967335	3H:475950931	475950931	FALSE	0.3099	0.01454	1.8375
betaglucan_L03	betaglucan	3H:475967335	3H:475950944	475950944	FALSE	0.2165	0.05533	1.257
betaglucan_L03	betaglucan	3H:475967335	3H:475960836	475960836	FALSE	0.3248	0.3425	0.4654
betaglucan_L03	betaglucan	3H:475967335	3H:475960837	475960837	FALSE	0.3248	0.3425	0.4654
betaglucan_L03	betaglucan	3H:475967335	3H:475960945	475960945	FALSE	0.3237	0.5274	0.2779
betaglucan_L03	betaglucan	3H:475967335	3H:475960954	475960954	FALSE	0.3319	0.3942	0.4043
betaglucan_L03	betaglucan	3H:475967335	3H:475961409	475961409	FALSE	0.2609	0.03312	1.4799
betaglucan_L03	betaglucan	3H:475967335	3H:475961465	475961465	FALSE	0.3248	0.05466	1.2624
betaglucan_L03	betaglucan	3H:475967335	3H:475963288	475963288	FALSE	0.2355	0.05513	1.2586
betaglucan_L03	betaglucan	3H:475967335	3H:475963337	475963337	FALSE	0.3504	0.2246	0.6486
betaglucan_L03	betaglucan	3H:475967335	3H:475963452	475963452	FALSE	0.3004	0.4781	0.3204
betaglucan_L03	betaglucan	3H:475967335	3H:475966349	475966349	FALSE	0.2578	0.06312	1.1998
betaglucan_L03	betaglucan	3H:475967335	3H:475966676	475966676	FALSE	0.2373	0.01121	1.9504
betaglucan_L03	betaglucan	3H:475967335	3H:475966989	475966989	FALSE	0.292	0.08894	1.0509
betaglucan_L03	betaglucan	3H:475967335	3H:475967053	475967053	FALSE	0.2766	0.09587	1.0183
betaglucan_L03	betaglucan	3H:475967335	3H:475967107	475967107	FALSE	0.278	0.0111	1.9548
betaglucan_L03	betaglucan	3H:475967335	3H:475967261	475967261	FALSE	0.2251	0.0008868	3.0522
betaglucan_L03	betaglucan	3H:475967335	3H:475967293	475967293	FALSE	0.2321	0.0008879	3.0516
betaglucan_L03	betaglucan	3H:475967335	3H:475967326	475967326	FALSE	0.3025	4.951e-05	4.3053
betaglucan_L03	betaglucan	3H:475967335	3H:475967335	475967335	TRUE	0.2625	8.758e-07	6.0576
betaglucan_L03	betaglucan	3H:475967335	3H:475967468	475967468	FALSE	0.2747	0.1268	0.8968
betaglucan_L03	betaglucan	3H:475967335	3H:475967490	475967490	FALSE	0.2814	0.1065	0.9728
betaglucan_L03	betaglucan	3H:475967335	3H:475968029	475968029	FALSE	0.2362	0.02569	1.5902
betaglucan_L03	betaglucan	3H:475967335	3H:475968127	475968127	FALSE	0.3156	0.1565	0.8054
betaglucan_L03	betaglucan	3H:475967335	3H:475968204	475968204	FALSE	0.2362	0.0006104	3.2144
betaglucan_L03	betaglucan	3H:475967335	3H:475968207	475968207	FALSE	0.3307	0.07292	1.1371
betaglucan_L03	betaglucan	3H:475967335	3H:475968295	475968295	FALSE	0.3307	0.07355	1.1334
betaglucan_L03	betaglucan	3H:475967335	3H:475968588	475968588	FALSE	0.3178	0.05265	1.2786
betaglucan_L03	betaglucan	3H:475967335	3H:475968616	475968616	FALSE	0.249	0.0766	1.1158
betaglucan_L03	betaglucan	3H:475967335	3H:475969248	475969248	FALSE	0.3207	0.3809	0.4191
betaglucan_L03	betaglucan	3H:475967335	3H:475969832	475969832	FALSE	0.3617	0.02936	1.5322
betaglucan_L03	betaglucan	3H:475967335	3H:475969942	475969942	FALSE	0.4206	0.1292	0.8889
betaglucan_L03	betaglucan	3H:475967335	3H:475970503	475970503	FALSE	0.1745	0.7647	0.1165
betaglucan_L03	betaglucan	3H:475967335	3H:475970517	475970517	FALSE	0.2468	0.9232	0.0347
betaglucan_L03	betaglucan	3H:475967335	3H:475970519	475970519	FALSE	0.2652	0.7414	0.1299
betaglucan_L03	betaglucan	3H:475967335	3H:475970769	475970769	FALSE	0.3333	0.263	0.5801
betaglucan_L03	betaglucan	3H:475967335	3H:475970795	475970795	FALSE	0.1893	0.02491	1.6037
betaglucan_L03	betaglucan	3H:475967335	3H:475970943	475970943	FALSE	0.2052	0.003035	2.5178
betaglucan_L03	betaglucan	3H:475967335	3H:475971109	475971109	FALSE	0.2323	0.02585	1.5876
betaglucan_L03	betaglucan	3H:475967335	3H:475971130	475971130	FALSE	0.3135	0.3888	0.4102
betaglucan_L03	betaglucan	3H:475967335	3H:475971435	475971435	FALSE	0.1845	0.05058	1.296
betaglucan_L03	betaglucan	3H:475967335	3H:475971438	475971438	FALSE	0.2103	0.1171	0.9313
betaglucan_L03	betaglucan	3H:475967335	3H:475971719	475971719	FALSE	0.2163	0.01053	1.9777
betaglucan_L03	betaglucan	3H:475967335	3H:475971805	475971805	FALSE	0.1865	0.02336	1.6316
betaglucan_L03	betaglucan	3H:475967335	3H:475971807	475971807	FALSE	0.3058	0.8038	0.0948
betaglucan_L03	betaglucan	3H:475967335	3H:475971872	475971872	FALSE	0.3054	0.7744	0.111
betaglucan_L03	betaglucan	3H:475967335	3H:475971935	475971935	FALSE	0.3123	0.6855	0.164
betaglucan_L03	betaglucan	3H:475967335	3H:475971996	475971996	FALSE	0.3457	0.1489	0.8272
betaglucan_L03	betaglucan	3H:475967335	3H:475972010	475972010	FALSE	0.3512	0.1157	0.9366
betaglucan_L03	betaglucan	3H:475967335	3H:475972434	475972434	FALSE	0.124	0.01979	1.7035
betaglucan_L03	betaglucan	3H:475967335	3H:475972447	475972447	FALSE	0.2059	0.005056	2.2962
betaglucan_L03	betaglucan	3H:475967335	3H:475972783	475972783	FALSE	0.3103	0.03558	1.4488
betaglucan_L03	betaglucan	3H:475967335	3H:475972806	475972806	FALSE	0.332	0.03697	1.4322
betaglucan_L03	betaglucan	3H:475967335	3H:475974262	475974262	FALSE	0.2913	0.1561	0.8066
betaglucan_L03	betaglucan	3H:475967335	3H:475974490	475974490	FALSE	0.2284	0.2776	0.5566
betaglucan_L03	betaglucan	3H:475967335	3H:475974525	475974525	FALSE	0.3	0.8774	0.0568
betaglucan_L03	betaglucan	3H:475967335	3H:475974527	475974527	FALSE	0.209	0.1908	0.7195
betaglucan_L03	betaglucan	3H:475967335	3H:475974602	475974602	FALSE	0.2427	0.3463	0.4605
betaglucan_L03	betaglucan	3H:475967335	3H:475974878	475974878	FALSE	0.2368	0.02481	1.6055
betaglucan_L03	betaglucan	3H:475967335	3H:475976531	475976531	FALSE	0.2898	0.2439	0.6128
betaglucan_L03	betaglucan	3H:475967335	3H:475976535	475976535	FALSE	0.2886	0.2376	0.6242
betaglucan_L03	betaglucan	3H:475967335	3H:475976619	475976619	FALSE	0.2851	0.3091	0.5099
betaglucan_L03	betaglucan	3H:475967335	3H:475977815	475977815	FALSE	0.2489	0.2024	0.6938
betaglucan_L03	betaglucan	3H:475967335	3H:475977887	475977887	FALSE	0.2875	0.2069	0.6843
betaglucan_L03	betaglucan	3H:475967335	3H:475978026	475978026	FALSE	0.3123	0.1121	0.9505
betaglucan_L03	betaglucan	3H:475967335	3H:475978281	475978281	FALSE	0.2917	0.117	0.9319
betaglucan_L03	betaglucan	3H:475967335	3H:475978767	475978767	FALSE	0.3333	0.1626	0.789
betaglucan_L03	betaglucan	3H:475967335	3H:475978798	475978798	FALSE	0.3282	0.5096	0.2927
betaglucan_L03	betaglucan	3H:475967335	3H:475978861	475978861	FALSE	0.298	0.182	0.74
betaglucan_L03	betaglucan	3H:475967335	3H:475978956	475978956	FALSE	0.291	0.03769	1.4238
betaglucan_L03	betaglucan	3H:475967335	3H:475979523	475979523	FALSE	0.3913	0.7383	0.1318
betaglucan_L03	betaglucan	3H:475967335	3H:475980616	475980616	FALSE	0.1512	0.0004072	3.3902
betaglucan_L03	betaglucan	3H:475967335	3H:475980670	475980670	FALSE	0.2815	0.004431	2.3535
betaglucan_L03	betaglucan	3H:475967335	3H:475980858	475980858	FALSE	0.3174	0.8655	0.0627
betaglucan_L03	betaglucan	3H:475967335	3H:475981002	475981002	FALSE	0.2716	0.1062	0.9737
betaglucan_L03	betaglucan	3H:475967335	3H:475981038	475981038	FALSE	0.3013	0.2609	0.5836
betaglucan_L03	betaglucan	3H:475967335	3H:475981125	475981125	FALSE	0.2893	0.006783	2.1686
betaglucan_L03	betaglucan	3H:475967335	3H:475981140	475981140	FALSE	0.3061	0.06599	1.1805
betaglucan_L03	betaglucan	3H:475967335	3H:475981301	475981301	FALSE	0.1489	0.001787	2.7478
betaglucan_L03	betaglucan	3H:475967335	3H:475981592	475981592	FALSE	0.2797	0.2681	0.5718
betaglucan_L03	betaglucan	3H:475967335	3H:475981614	475981614	FALSE	0.2731	0.2871	0.542
betaglucan_L03	betaglucan	3H:475967335	3H:475981663	475981663	FALSE	0.2348	0.3684	0.4337
betaglucan_L03	betaglucan	3H:475967335	3H:475981807	475981807	FALSE	0.2672	0.585	0.2328
betaglucan_L03	betaglucan	3H:475967335	3H:475982483	475982483	FALSE	0.2987	0.03903	1.4086
betaglucan_L03	betaglucan	3H:475967335	3H:475982518	475982518	FALSE	0.2705	0.02992	1.5241
betaglucan_L03	betaglucan	3H:475967335	3H:475982542	475982542	FALSE	0.3061	0.1654	0.7814
betaglucan_L03	betaglucan	3H:475967335	3H:475982714	475982714	FALSE	0.2905	0.1265	0.8981
betaglucan_L03	betaglucan	3H:475967335	3H:475982957	475982957	FALSE	0.314	0.0738	1.132
betaglucan_L03	betaglucan	3H:475967335	3H:475983009	475983009	FALSE	0.2792	0.07687	1.1142
betaglucan_L03	betaglucan	3H:475967335	3H:475985143	475985143	FALSE	0.2684	0.1484	0.8286
betaglucan_L03	betaglucan	3H:475967335	3H:475985296	475985296	FALSE	0.3265	0.1427	0.8455
betaglucan_L03	betaglucan	3H:475967335	3H:475985466	475985466	FALSE	0.3469	0.207	0.684
betaglucan_L03	betaglucan	3H:475967335	3H:475985554	475985554	FALSE	0.3021	0.9129	0.0396
betaglucan_L03	betaglucan	3H:475967335	3H:475985589	475985589	FALSE	0.3087	0.82	0.0862
betaglucan_L03	betaglucan	3H:475967335	3H:475990803	475990803	FALSE	0.2961	0.07021	1.1536
betaglucan_L03	betaglucan	3H:475967335	3H:475993585	475993585	FALSE	0.319	0.5012	0.3
betaglucan_L03	betaglucan	3H:475967335	3H:475993885	475993885	FALSE	0.2893	0.3801	0.4201
betaglucan_L03	betaglucan	3H:475967335	3H:475993924	475993924	FALSE	0.2992	0.1892	0.723
betaglucan_L03	betaglucan	3H:475967335	3H:475993991	475993991	FALSE	0.1681	0.006411	2.193
betaglucan_L03	betaglucan	3H:475967335	3H:475997474	475997474	FALSE	0.3405	0.3918	0.4069
betaglucan_L03	betaglucan	3H:475967335	3H:475997511	475997511	FALSE	0.1385	0.007341	2.1342
betaglucan_L03	betaglucan	3H:475967335	3H:475997611	475997611	FALSE	0.339	0.3029	0.5187
betaglucan_L03	betaglucan	3H:475967335	3H:475997976	475997976	FALSE	0.3319	0.956	0.0195
betaglucan_L03	betaglucan	3H:475967335	3H:475997984	475997984	FALSE	0.3553	0.2503	0.6016
betaglucan_L03	betaglucan	3H:475967335	3H:476007944	476007944	FALSE	0.2723	0.01772	1.7516
betaglucan_L03	betaglucan	3H:475967335	3H:476007972	476007972	FALSE	0.2922	0.2846	0.5458
betaglucan_L03	betaglucan	3H:475967335	3H:476008029	476008029	FALSE	0.3021	0.4689	0.3289
betaglucan_L03	betaglucan	3H:475967335	3H:476008719	476008719	FALSE	0.2827	0.9625	0.0166
betaglucan_L03	betaglucan	3H:475967335	3H:476008898	476008898	FALSE	0.3333	0.9326	0.0303
betaglucan_L03	betaglucan	3H:475967335	3H:476009107	476009107	FALSE	0.281	0.8393	0.0761
betaglucan_L03	betaglucan	3H:475967335	3H:476009442	476009442	FALSE	0.1545	0.0007233	3.1407
betaglucan_L03	betaglucan	3H:475967335	3H:476009451	476009451	FALSE	0.3239	0.3365	0.473
betaglucan_L03	betaglucan	3H:475967335	3H:476009675	476009675	FALSE	0.3165	0.02903	1.5372
betaglucan_L03	betaglucan	3H:475967335	3H:476010068	476010068	FALSE	0.313	0.4363	0.3603
betaglucan_L03	betaglucan	3H:475967335	3H:476010155	476010155	FALSE	0.3084	0.07127	1.1471
betaglucan_L03	betaglucan	3H:475967335	3H:476010907	476010907	FALSE	0.2564	0.46	0.3372
betaglucan_L03	betaglucan	3H:475967335	3H:476010975	476010975	FALSE	0.2961	0.847	0.0721
betaglucan_L03	betaglucan	3H:475967335	3H:476011143	476011143	FALSE	0.3065	0.1336	0.8743
betaglucan_L03	betaglucan	3H:475967335	3H:476011198	476011198	FALSE	0.3184	0.08027	1.0954
betaglucan_L03	betaglucan	3H:475967335	3H:476011212	476011212	FALSE	0.2869	0.1266	0.8977
betaglucan_L03	betaglucan	3H:475967335	3H:476011388	476011388	FALSE	0.3028	0.3013	0.521
betaglucan_L03	betaglucan	3H:475967335	3H:476011562	476011562	FALSE	0.3087	0.06645	1.1775
betaglucan_L03	betaglucan	3H:475967335	3H:476013388	476013388	FALSE	0.3213	0.3248	0.4883
betaglucan_L03	betaglucan	3H:475967335	3H:476013480	476013480	FALSE	0.2996	0.2534	0.5962
betaglucan_L03	betaglucan	3H:475967335	3H:476013514	476013514	FALSE	0.2815	0.1465	0.8341
betaglucan_L03	betaglucan	3H:475967335	3H:476013828	476013828	FALSE	0.2961	0.4563	0.3408
betaglucan_L03	betaglucan	3H:475967335	3H:476014064	476014064	FALSE	0.3017	0.5334	0.273
betaglucan_L03	betaglucan	3H:475967335	3H:476015139	476015139	FALSE	0.1638	0.0003767	3.424
betaglucan_L03	betaglucan	3H:475967335	3H:476015368	476015368	FALSE	0.3333	0.0709	1.1494
betaglucan_L03	betaglucan	3H:475967335	3H:476015758	476015758	FALSE	0.3154	0.7821	0.1067
betaglucan_L03	betaglucan	3H:475967335	3H:476015760	476015760	FALSE	0.3154	0.7821	0.1067
betaglucan_L03	betaglucan	3H:475967335	3H:476015892	476015892	FALSE	0.314	0.2283	0.6416
betaglucan_L03	betaglucan	3H:475967335	3H:476016283	476016283	FALSE	0.3008	0.3789	0.4214
betaglucan_L03	betaglucan	3H:475967335	3H:476016434	476016434	FALSE	0.3071	0.01056	1.9763
betaglucan_L03	betaglucan	3H:475967335	3H:476016689	476016689	FALSE	0.1721	0.003282	2.4838
betaglucan_L03	betaglucan	3H:475967335	3H:476017692	476017692	FALSE	0.3193	0.4314	0.3652
betaglucan_L03	betaglucan	3H:475967335	3H:476017818	476017818	FALSE	0.3432	0.7327	0.1351
betaglucan_L03	betaglucan	3H:475967335	3H:476017990	476017990	FALSE	0.2888	0.1291	0.8892
betaglucan_L03	betaglucan	3H:475967335	3H:476018119	476018119	FALSE	0.2723	0.757	0.1209
betaglucan_L03	betaglucan	3H:475967335	3H:476018124	476018124	FALSE	0.3017	0.4212	0.3755
betaglucan_L03	betaglucan	3H:475967335	3H:476018639	476018639	FALSE	0.2511	0.02158	1.6659
betaglucan_L03	betaglucan	3H:475967335	3H:476018676	476018676	FALSE	0.2521	0.04734	1.3248
betaglucan_L03	betaglucan	3H:475967335	3H:476018857	476018857	FALSE	0.2782	0.3766	0.4241
betaglucan_L03	betaglucan	3H:475967335	3H:476018902	476018902	FALSE	0.3042	0.7165	0.1448
betaglucan_L03	betaglucan	3H:475967335	3H:476019031	476019031	FALSE	0.3264	0.2246	0.6486
betaglucan_L03	betaglucan	3H:475967335	3H:476019106	476019106	FALSE	0.1525	0.001767	2.7528
betaglucan_L03	betaglucan	3H:475967335	3H:476019166	476019166	FALSE	0.3517	0.1156	0.9369
betaglucan_L03	betaglucan	3H:475967335	3H:476019174	476019174	FALSE	0.3149	0.1424	0.8465
betaglucan_L03	betaglucan	3H:475967335	3H:476019639	476019639	FALSE	0.2931	0.06625	1.1788
betaglucan_L03	betaglucan	3H:475967335	3H:476019640	476019640	FALSE	0.2931	0.06625	1.1788
betaglucan_L03	betaglucan	3H:475967335	3H:476019796	476019796	FALSE	0.306	0.1855	0.7317
betaglucan_L03	betaglucan	3H:475967335	3H:476019834	476019834	FALSE	0.2839	0.05911	1.2284
betaglucan_L03	betaglucan	3H:475967335	3H:476019888	476019888	FALSE	0.308	0.1552	0.8091
betaglucan_L03	betaglucan	3H:475967335	3H:476020119	476020119	FALSE	0.2826	0.06893	1.1616
betaglucan_L03	betaglucan	3H:475967335	3H:476020389	476020389	FALSE	0.2743	0.2292	0.6399
betaglucan_L03	betaglucan	3H:475967335	3H:476020422	476020422	FALSE	0.2974	0.266	0.5751
betaglucan_L03	betaglucan	3H:475967335	3H:476020592	476020592	FALSE	0.2792	0.5183	0.2854
betaglucan_L03	betaglucan	3H:475967335	3H:476020877	476020877	FALSE	0.2739	0.9901	0.0043
betaglucan_L03	betaglucan	3H:475967335	3H:476021444	476021444	FALSE	0.2739	0.3236	0.4899
betaglucan_L03	betaglucan	3H:475967335	3H:476022341	476022341	FALSE	0.3077	0.5305	0.2753
betaglucan_L03	betaglucan	3H:475967335	3H:476022710	476022710	FALSE	0.2402	0.5312	0.2747
betaglucan_L03	betaglucan	3H:475967335	3H:476022914	476022914	FALSE	0.234	0.08092	1.092
betaglucan_L03	betaglucan	3H:475967335	3H:476023449	476023449	FALSE	0.3067	0.6844	0.1647
betaglucan_L03	betaglucan	3H:475967335	3H:476023457	476023457	FALSE	0.2647	0.2115	0.6747
betaglucan_L03	betaglucan	3H:475967335	3H:476023469	476023469	FALSE	0.2627	0.5551	0.2556
betaglucan_L03	betaglucan	3H:475967335	3H:476023845	476023845	FALSE	0.2623	0.8907	0.0502
betaglucan_L03	betaglucan	3H:475967335	3H:476024243	476024243	FALSE	0.1942	0.4525	0.3443
betaglucan_L03	betaglucan	3H:475967335	3H:476027167	476027167	FALSE	0.3333	0.05724	1.2423
betaglucan_L03	betaglucan	3H:475967335	3H:476027396	476027396	FALSE	0.3022	0.2414	0.6173
betaglucan_L03	betaglucan	3H:475967335	3H:476027976	476027976	FALSE	0.3226	0.4931	0.307
betaglucan_L03	betaglucan	3H:475967335	3H:476027978	476027978	FALSE	0.3226	0.4246	0.372
betaglucan_L03	betaglucan	3H:475967335	3H:476030855	476030855	FALSE	0.2743	0.0192	1.7167
betaglucan_L03	betaglucan	3H:475967335	3H:476035175	476035175	FALSE	0.2819	0.7444	0.1282
betaglucan_L03	betaglucan	3H:475967335	3H:476035273	476035273	FALSE	0.2383	0.0543	1.2652
betaglucan_L03	betaglucan	3H:475967335	3H:476035283	476035283	FALSE	0.2412	0.06498	1.1872
betaglucan_L03	betaglucan	3H:475967335	3H:476035340	476035340	FALSE	0.2751	0.0947	1.0236
betaglucan_L03	betaglucan	3H:475967335	3H:476035639	476035639	FALSE	0.3109	0.2823	0.5493
betaglucan_L03	betaglucan	3H:475967335	3H:476035683	476035683	FALSE	0.2826	0.6187	0.2085
betaglucan_L03	betaglucan	3H:475967335	3H:476039532	476039532	FALSE	0.2423	0.7112	0.148
betaglucan_L03	betaglucan	3H:475967335	3H:476041262	476041262	FALSE	0.2712	0.1295	0.8876
betaglucan_L03	betaglucan	3H:475967335	3H:476041743	476041743	FALSE	0.2803	0.2515	0.5995
betaglucan_L03	betaglucan	3H:475967335	3H:476042642	476042642	FALSE	0.2683	0.008083	2.0924
betaglucan_L03	betaglucan	3H:475967335	3H:476042838	476042838	FALSE	0.2881	0.3967	0.4015
betaglucan_L03	betaglucan	3H:475967335	3H:476042900	476042900	FALSE	0.2811	0.1659	0.78
betaglucan_L03	betaglucan	3H:475967335	3H:476055630	476055630	FALSE	0.3125	0.0443	1.3536
betaglucan_L03	betaglucan	3H:475967335	3H:476055973	476055973	FALSE	0.3174	0.1488	0.8273
betaglucan_L03	betaglucan	3H:475967335	3H:476055984	476055984	FALSE	0.3051	0.5764	0.2393
betaglucan_L03	betaglucan	3H:475967335	3H:476056284	476056284	FALSE	0.3143	0.2284	0.6413
betaglucan_L03	betaglucan	3H:475967335	3H:476056381	476056381	FALSE	0.371	0.1324	0.8781
betaglucan_L03	betaglucan	3H:475967335	3H:476056400	476056400	FALSE	0.3402	0.01632	1.7873
betaglucan_L03	betaglucan	3H:475967335	3H:476056479	476056479	FALSE	0.336	0.1694	0.7711
betaglucan_L03	betaglucan	3H:475967335	3H:476056792	476056792	FALSE	0.3853	0.1118	0.9515
betaglucan_L03	betaglucan	3H:475967335	3H:476056900	476056900	FALSE	0.3198	0.1538	0.813
betaglucan_L03	betaglucan	3H:475967335	3H:476057262	476057262	FALSE	0.1398	0.02316	1.6353
betaglucan_L03	betaglucan	3H:475967335	3H:476057283	476057283	FALSE	0.2739	0.628	0.202
betaglucan_L03	betaglucan	3H:475967335	3H:476057412	476057412	FALSE	0.2966	0.04448	1.3518
betaglucan_L03	betaglucan	3H:475967335	3H:476057659	476057659	FALSE	0.2607	0.4348	0.3617
betaglucan_L03	betaglucan	3H:475967335	3H:476057986	476057986	FALSE	0.2931	0.9988	5e-04
betaglucan_L03	betaglucan	3H:475967335	3H:476058031	476058031	FALSE	0.272	0.8323	0.0797
betaglucan_L03	betaglucan	3H:475967335	3H:476058148	476058148	FALSE	0.3047	0.8643	0.0633
betaglucan_L03	betaglucan	3H:475967335	3H:476058517	476058517	FALSE	0.2681	0.8594	0.0658
betaglucan_L03	betaglucan	3H:475967335	3H:476058636	476058636	FALSE	0.2952	0.3693	0.4326
betaglucan_L03	betaglucan	3H:475967335	3H:476058642	476058642	FALSE	0.2533	0.3275	0.4848
betaglucan_L03	betaglucan	3H:475967335	3H:476058900	476058900	FALSE	0.2456	0.6236	0.2051
betaglucan_L03	betaglucan	3H:475967335	3H:476059168	476059168	FALSE	0.2522	0.1333	0.8752
betaglucan_L03	betaglucan	3H:475967335	3H:476059171	476059171	FALSE	0.2554	0.2272	0.6435
betaglucan_L03	betaglucan	3H:475967335	3H:476059248	476059248	FALSE	0.2839	0.09381	1.0277
betaglucan_L03	betaglucan	3H:475967335	3H:476059322	476059322	FALSE	0.2625	0.7902	0.1022
betaglucan_L03	betaglucan	3H:475967335	3H:476059330	476059330	FALSE	0.2727	0.8056	0.0939
betaglucan_L03	betaglucan	3H:475967335	3H:476059396	476059396	FALSE	0.2652	0.8818	0.0546
betaglucan_L03	betaglucan	3H:475967335	3H:476060093	476060093	FALSE	0.2218	0.1383	0.8592
betaglucan_L03	betaglucan	3H:475967335	3H:476060367	476060367	FALSE	0.2739	0.6069	0.2169
betaglucan_L03	betaglucan	3H:475967335	3H:476060446	476060446	FALSE	0.2634	0.9797	0.0089
betaglucan_L03	betaglucan	3H:475967335	3H:476060453	476060453	FALSE	0.2417	0.8241	0.084
betaglucan_L03	betaglucan	3H:475967335	3H:476060464	476060464	FALSE	0.1311	0.09144	1.0389
betaglucan_L03	betaglucan	3H:475967335	3H:476060533	476060533	FALSE	0.1525	0.03123	1.5055
betaglucan_L03	betaglucan	3H:475967335	3H:476060741	476060741	FALSE	0.1391	0.196	0.7078
betaglucan_L03	betaglucan	3H:475967335	3H:476060747	476060747	FALSE	0.2743	0.6298	0.2008
betaglucan_L03	betaglucan	3H:475967335	3H:476060793	476060793	FALSE	0.2563	0.8348	0.0784
betaglucan_L03	betaglucan	3H:475967335	3H:476060974	476060974	FALSE	0.278	0.7857	0.1048
betaglucan_L03	betaglucan	3H:475967335	3H:476060993	476060993	FALSE	0.2803	0.7082	0.1499
betaglucan_L03	betaglucan	3H:475967335	3H:476061025	476061025	FALSE	0.2845	0.7374	0.1323
betaglucan_L03	betaglucan	3H:475967335	3H:476061034	476061034	FALSE	0.2667	0.8277	0.0821
betaglucan_L03	betaglucan	3H:475967335	3H:476061212	476061212	FALSE	0.214	0.8898	0.0507
betaglucan_L03	betaglucan	3H:475967335	3H:476061584	476061584	FALSE	0.2521	0.7202	0.1426
betaglucan_L03	betaglucan	3H:475967335	3H:476061764	476061764	FALSE	0.2929	0.3037	0.5175
betaglucan_L03	betaglucan	3H:475967335	3H:476061916	476061916	FALSE	0.27	0.08973	1.0471
betaglucan_L03	betaglucan	3H:475967335	3H:476062280	476062280	FALSE	0.2828	0.3606	0.443
betaglucan_L03	betaglucan	3H:475967335	3H:476062304	476062304	FALSE	0.2705	0.874	0.0585
betaglucan_L03	betaglucan	3H:475967335	3H:476062311	476062311	FALSE	0.2939	0.8856	0.0528
betaglucan_L03	betaglucan	3H:475967335	3H:476062744	476062744	FALSE	0.3208	0.3366	0.4729
betaglucan_L03	betaglucan	3H:475967335	3H:476062852	476062852	FALSE	0.1653	0.00627	2.2027
betaglucan_L03	betaglucan	3H:475967335	3H:476062887	476062887	FALSE	0.321	0.1788	0.7477
betaglucan_L03	betaglucan	3H:475967335	3H:476062893	476062893	FALSE	0.3197	0.179	0.747
betaglucan_L03	betaglucan	3H:475967335	3H:476062899	476062899	FALSE	0.2939	0.1132	0.9463
betaglucan_L03	betaglucan	3H:475967335	3H:476063115	476063115	FALSE	0.2809	0.01684	1.7736
betaglucan_L03	betaglucan	3H:475967335	3H:476063359	476063359	FALSE	0.1523	0.003134	2.504
betaglucan_L03	betaglucan	3H:475967335	3H:476063362	476063362	FALSE	0.3208	0.5862	0.232
betaglucan_L03	betaglucan	3H:475967335	3H:476063388	476063388	FALSE	0.3156	0.7374	0.1323
betaglucan_L03	betaglucan	3H:475967335	3H:476063395	476063395	FALSE	0.35	0.9008	0.0454
betaglucan_L03	betaglucan	3H:475967335	3H:476063610	476063610	FALSE	0.3147	0.05499	1.2597
betaglucan_L03	betaglucan	3H:475967335	3H:476065372	476065372	FALSE	0.3405	0.3436	0.4639
betaglucan_L03	betaglucan	3H:475967335	3H:476066535	476066535	FALSE	0.2946	0.3213	0.4931
betaglucan_L03	betaglucan	3H:475967335	3H:476066841	476066841	FALSE	0.2521	0.1091	0.9622
betaglucan_L03	betaglucan	3H:475967335	3H:476066851	476066851	FALSE	0.1609	0.00631	2.2
betaglucan_L03	betaglucan	3H:475967335	3H:476066902	476066902	FALSE	0.1864	0.02456	1.6098
betaglucan_L03	betaglucan	3H:475967335	3H:476068064	476068064	FALSE	0.3348	0.08386	1.0764
betaglucan_L03	betaglucan	3H:475967335	3H:476069175	476069175	FALSE	0.2954	0.5923	0.2275
betaglucan_L03	betaglucan	3H:475967335	3H:476069819	476069819	FALSE	0.3167	0.1258	0.9004
betaglucan_L03	betaglucan	3H:475967335	3H:476069851	476069851	FALSE	0.3086	0.8146	0.0891
betaglucan_L03	betaglucan	3H:475967335	3H:476069939	476069939	FALSE	0.2769	0.2455	0.61
betaglucan_L03	betaglucan	3H:475967335	3H:476070080	476070080	FALSE	0.1638	0.0227	1.6439
betaglucan_L03	betaglucan	3H:475967335	3H:476070091	476070091	FALSE	0.287	0.1046	0.9804
betaglucan_L03	betaglucan	3H:475967335	3H:476071589	476071589	FALSE	0.2929	0.1186	0.9259
betaglucan_L03	betaglucan	3H:475967335	3H:476071629	476071629	FALSE	0.284	0.5621	0.2502
betaglucan_L03	betaglucan	3H:475967335	3H:476072084	476072084	FALSE	0.3475	0.2989	0.5244
betaglucan_L03	betaglucan	3H:475967335	3H:476072152	476072152	FALSE	0.318	0.4431	0.3535
betaglucan_L03	betaglucan	3H:475967335	3H:476072169	476072169	FALSE	0.3191	0.8794	0.0558
betaglucan_L03	betaglucan	3H:475967335	3H:476072458	476072458	FALSE	0.3	0.2658	0.5754
betaglucan_L03	betaglucan	3H:475967335	3H:476072478	476072478	FALSE	0.1617	0.1399	0.8542
betaglucan_L03	betaglucan	3H:475967335	3H:476072517	476072517	FALSE	0.2983	0.4185	0.3783
betaglucan_L03	betaglucan	3H:475967335	3H:476079643	476079643	FALSE	0.1516	0.02619	1.5818
betaglucan_L03	betaglucan	3H:475967335	3H:476080147	476080147	FALSE	0.3319	0.02065	1.6852
betaglucan_L03	betaglucan	3H:475967335	3H:476080390	476080390	FALSE	0.3176	0.0137	1.8632
betaglucan_L03	betaglucan	3H:475967335	3H:476080621	476080621	FALSE	0.2874	0.6008	0.2213
betaglucan_L03	betaglucan	3H:475967335	3H:476080662	476080662	FALSE	0.3613	0.7198	0.1428
betaglucan_L03	betaglucan	3H:475967335	3H:476080789	476080789	FALSE	0.2838	0.1046	0.9804
betaglucan_L03	betaglucan	3H:475967335	3H:476080835	476080835	FALSE	0.2857	0.05118	1.2909
betaglucan_L03	betaglucan	3H:475967335	3H:476080871	476080871	FALSE	0.2747	0.1282	0.8922
betaglucan_L03	betaglucan	3H:475967335	3H:476080888	476080888	FALSE	0.2696	0.1599	0.7962
betaglucan_L03	betaglucan	3H:475967335	3H:476081054	476081054	FALSE	0.3224	0.9286	0.0322
betaglucan_L03	betaglucan	3H:475967335	3H:476081343	476081343	FALSE	0.2565	0.526	0.279
betaglucan_L03	betaglucan	3H:475967335	3H:476081568	476081568	FALSE	0.1568	0.001228	2.9107
betaglucan_L03	betaglucan	3H:475967335	3H:476082024	476082024	FALSE	0.2672	0.3381	0.471
betaglucan_L03	betaglucan	3H:475967335	3H:476082345	476082345	FALSE	0.3388	0.09282	1.0324
betaglucan_L03	betaglucan	3H:475967335	3H:476082665	476082665	FALSE	0.2992	0.8751	0.058
betaglucan_L03	betaglucan	3H:475967335	3H:476082675	476082675	FALSE	0.3017	0.8638	0.0636
betaglucan_L03	betaglucan	3H:475967335	3H:476083344	476083344	FALSE	0.2839	0.5312	0.2747
betaglucan_L03	betaglucan	3H:475967335	3H:476083435	476083435	FALSE	0.1423	0.006655	2.1768
betaglucan_L03	betaglucan	3H:475967335	3H:476083552	476083552	FALSE	0.298	0.3676	0.4347
betaglucan_L03	betaglucan	3H:475967335	3H:476083592	476083592	FALSE	0.2937	0.3028	0.5188
betaglucan_L03	betaglucan	3H:475967335	3H:476083642	476083642	FALSE	0.2976	0.6487	0.1879
betaglucan_L03	betaglucan	3H:475967335	3H:476083947	476083947	FALSE	0.2656	0.6427	0.192
betaglucan_L03	betaglucan	3H:475967335	3H:476084046	476084046	FALSE	0.3042	0.8894	0.0509
betaglucan_L03	betaglucan	3H:475967335	3H:476084281	476084281	FALSE	0.249	0.2612	0.5829
betaglucan_L03	betaglucan	3H:475967335	3H:476084531	476084531	FALSE	0.3281	0.6126	0.2129
betaglucan_L03	betaglucan	3H:475967335	3H:476084712	476084712	FALSE	0.2951	0.1197	0.9218
betaglucan_L03	betaglucan	3H:475967335	3H:476084867	476084867	FALSE	0.1618	0.002816	2.5504
betaglucan_L03	betaglucan	3H:475967335	3H:476085118	476085118	FALSE	0.15	0.006665	2.1762
betaglucan_L03	betaglucan	3H:475967335	3H:476085301	476085301	FALSE	0.2996	0.9331	0.0301
betaglucan_L03	betaglucan	3H:475967335	3H:476085860	476085860	FALSE	0.2876	0.03106	1.5078
betaglucan_L03	betaglucan	3H:475967335	3H:476085887	476085887	FALSE	0.2652	0.0873	1.059
betaglucan_L03	betaglucan	3H:475967335	3H:476086335	476086335	FALSE	0.3319	0.5669	0.2465
betaglucan_L03	betaglucan	3H:475967335	3H:476086425	476086425	FALSE	0.3034	0.3311	0.4801
betaglucan_L03	betaglucan	3H:475967335	3H:476086457	476086457	FALSE	0.1491	0.08423	1.0745
betaglucan_L03	betaglucan	3H:475967335	3H:476086559	476086559	FALSE	0.2754	0.9177	0.0373
betaglucan_L03	betaglucan	3H:475967335	3H:476092278	476092278	FALSE	0.2903	0.2887	0.5395
betaglucan_L03	betaglucan	3H:475967335	3H:476092279	476092279	FALSE	0.2903	0.2887	0.5395
betaglucan_L03	betaglucan	3H:475967335	3H:476092739	476092739	FALSE	0.2905	0.04049	1.3927
betaglucan_L03	betaglucan	3H:475967335	3H:476093023	476093023	FALSE	0.3234	0.4433	0.3533
betaglucan_L03	betaglucan	3H:475967335	3H:476093779	476093779	FALSE	0.2775	0.5764	0.2393
betaglucan_L03	betaglucan	3H:475967335	3H:476093881	476093881	FALSE	0.2727	0.0412	1.3851
betaglucan_L03	betaglucan	3H:475967335	3H:476094295	476094295	FALSE	0.249	0.001521	2.8178
betaglucan_L03	betaglucan	3H:475967335	3H:476094552	476094552	FALSE	0.2766	0.9421	0.0259
betaglucan_L03	betaglucan	3H:475967335	3H:476094567	476094567	FALSE	0.2971	0.9257	0.0335
betaglucan_L03	betaglucan	3H:475967335	3H:476094672	476094672	FALSE	0.2963	0.03073	1.5125
betaglucan_L03	betaglucan	3H:475967335	3H:476094837	476094837	FALSE	0.3105	0.2029	0.6927
betaglucan_L03	betaglucan	3H:475967335	3H:476094844	476094844	FALSE	0.284	0.08851	1.053
betaglucan_L03	betaglucan	3H:475967335	3H:476095528	476095528	FALSE	0.3306	0.006312	2.1998
betaglucan_L03	betaglucan	3H:475967335	3H:476095613	476095613	FALSE	0.1466	0.01192	1.9237
betaglucan_L03	betaglucan	3H:475967335	3H:476095676	476095676	FALSE	0.313	0.2007	0.6974
betaglucan_L03	betaglucan	3H:475967335	3H:476095702	476095702	FALSE	0.313	0.1372	0.8626
betaglucan_L03	betaglucan	3H:475967335	3H:476095716	476095716	FALSE	0.2982	0.2237	0.6504
betaglucan_L03	betaglucan	3H:475967335	3H:476096838	476096838	FALSE	0.248	0.002689	2.5704
betaglucan_L04	betaglucan	3H:537247620	3H:537170537	537170537	FALSE	0.0567	0.00647	2.1891
betaglucan_L04	betaglucan	3H:537247620	3H:537170697	537170697	FALSE	0.0539	0.1114	0.9532
betaglucan_L04	betaglucan	3H:537247620	3H:537170716	537170716	FALSE	0.1186	0.0002781	3.5558
betaglucan_L04	betaglucan	3H:537247620	3H:537174535	537174535	FALSE	0.1189	0.01082	1.966
betaglucan_L04	betaglucan	3H:537247620	3H:537176310	537176310	FALSE	0.0649	0.007117	2.1477
betaglucan_L04	betaglucan	3H:537247620	3H:537182538	537182538	FALSE	0.0598	0.0003088	3.5104
betaglucan_L04	betaglucan	3H:537247620	3H:537202169	537202169	FALSE	0.0677	0.005888	2.23
betaglucan_L04	betaglucan	3H:537247620	3H:537202334	537202334	FALSE	0.1159	0.01017	1.9926
betaglucan_L04	betaglucan	3H:537247620	3H:537203375	537203375	FALSE	0.1092	0.1952	0.7096
betaglucan_L04	betaglucan	3H:537247620	3H:537205374	537205374	FALSE	0.0553	0.02084	1.6811
betaglucan_L04	betaglucan	3H:537247620	3H:537206871	537206871	FALSE	0.1148	0.01539	1.8128
betaglucan_L04	betaglucan	3H:537247620	3H:537216419	537216419	FALSE	0.0894	0.003415	2.4666
betaglucan_L04	betaglucan	3H:537247620	3H:537219089	537219089	FALSE	0.0664	0.3178	0.4979
betaglucan_L04	betaglucan	3H:537247620	3H:537221884	537221884	FALSE	0.1004	0.2617	0.5821
betaglucan_L04	betaglucan	3H:537247620	3H:537224037	537224037	FALSE	0.1042	0.004279	2.3687
betaglucan_L04	betaglucan	3H:537247620	3H:537225719	537225719	FALSE	0.0578	0.01195	1.9225
betaglucan_L04	betaglucan	3H:537247620	3H:537225735	537225735	FALSE	0.06	0.006327	2.1988
betaglucan_L04	betaglucan	3H:537247620	3H:537247620	537247620	TRUE	0.0779	6.492e-08	7.1876
betaglucan_L04	betaglucan	3H:537247620	3H:537271851	537271851	FALSE	0.1195	4.796e-05	4.3191
betaglucan_L04	betaglucan	3H:537247620	3H:537271930	537271930	FALSE	0.1121	4.941e-05	4.3062
betaglucan_L04	betaglucan	3H:537247620	3H:537272789	537272789	FALSE	0.0747	3.467e-06	5.4601
betaglucan_L04	betaglucan	3H:537247620	3H:537273620	537273620	FALSE	0.133	0.0004082	3.3892
betaglucan_L04	betaglucan	3H:537247620	3H:537274148	537274148	FALSE	0.0602	0.01193	1.9233
betaglucan_L04	betaglucan	3H:537247620	3H:537276613	537276613	FALSE	0.0537	0.08285	1.0817
betaglucan_L04	betaglucan	3H:537247620	3H:537277159	537277159	FALSE	0.1205	7.369e-05	4.1326
betaglucan_L04	betaglucan	3H:537247620	3H:537277957	537277957	FALSE	0.1159	0.2502	0.6018
betaglucan_L04	betaglucan	3H:537247620	3H:537299380	537299380	FALSE	0.07	2.881e-05	4.5405
betaglucan_L04	betaglucan	3H:537247620	3H:537299958	537299958	FALSE	0.112	0.02195	1.6585
betaglucan_L04	betaglucan	3H:537247620	3H:537301368	537301368	FALSE	0.0726	5.055e-07	6.2963
betaglucan_L04	betaglucan	3H:537247620	3H:537301558	537301558	FALSE	0.0537	0.4473	0.3494
betaglucan_L04	betaglucan	3H:537247620	3H:537302503	537302503	FALSE	0.0693	0.002703	2.5682
betaglucan_L04	betaglucan	3H:537247620	3H:537302771	537302771	FALSE	0.112	0.0401	1.3968
betaglucan_L04	betaglucan	3H:537247620	3H:537305387	537305387	FALSE	0.1265	0.09562	1.0195
betaglucan_L04	betaglucan	3H:537247620	3H:537307386	537307386	FALSE	0.0596	0.04455	1.3512
betaglucan_L04	betaglucan	3H:537247620	3H:537341175	537341175	FALSE	0.0733	0.0001539	3.8128
betaglucan_L04	betaglucan	3H:537247620	3H:537342456	537342456	FALSE	0.1205	0.0001103	3.9575
betaglucan_L04	betaglucan	3H:537247620	3H:537343238	537343238	FALSE	0.0628	0.0008642	3.0634
betaglucan_L04	betaglucan	3H:537247620	3H:537346769	537346769	FALSE	0.1134	0.01266	1.8974
betaglucan_L04	betaglucan	3H:537247620	3H:537347026	537347026	FALSE	0.1282	0.01191	1.9242
betaglucan_L04	betaglucan	3H:537247620	3H:537349967	537349967	FALSE	0.0862	0.05634	1.2492
betaglucan_L04	betaglucan	3H:537247620	3H:537353164	537353164	FALSE	0.1164	0.01944	1.7114
betaglucan_L04	betaglucan	3H:537247620	3H:537356112	537356112	FALSE	0.1459	0.00909	2.0414
betaglucan_L04	betaglucan	3H:537247620	3H:537356198	537356198	FALSE	0.0726	3.761e-05	4.4247
betaglucan_L04	betaglucan	3H:537247620	3H:537356673	537356673	FALSE	0.112	0.01567	1.8048
betaglucan_L04	betaglucan	3H:537247620	3H:537356787	537356787	FALSE	0.056	0.01595	1.7973
betaglucan_L04	betaglucan	3H:537247620	3H:537367749	537367749	FALSE	0.0583	0.008108	2.0911
betaglucan_L04	betaglucan	3H:537247620	3H:537367775	537367775	FALSE	0.0638	0.01586	1.7997
betaglucan_L04	betaglucan	3H:537247620	3H:537368262	537368262	FALSE	0.0733	0.0001958	3.7083
betaglucan_L04	betaglucan	3H:537247620	3H:537369459	537369459	FALSE	0.112	0.007202	2.1425
betaglucan_L04	betaglucan	3H:537247620	3H:537372006	537372006	FALSE	0.0972	0.2638	0.5787
betaglucan_L04	betaglucan	3H:537247620	3H:537391406	537391406	FALSE	0.054	0.08279	1.082
betaglucan_L04	betaglucan	3H:537247620	3H:537425745	537425745	FALSE	0.0617	0.01243	1.9056
betaglucan_L04	betaglucan	3H:537247620	3H:537427867	537427867	FALSE	0.0522	0.3519	0.4536
betaglucan_L04	betaglucan	3H:537247620	3H:537427971	537427971	FALSE	0.0578	0.6001	0.2218
betaglucan_L04	betaglucan	3H:537247620	3H:537428049	537428049	FALSE	0.0606	0.01078	1.9674
betaglucan_L04	betaglucan	3H:537247620	3H:537428195	537428195	FALSE	0.0553	0.1189	0.9248
betaglucan_L04	betaglucan	3H:537247620	3H:537428289	537428289	FALSE	0.0553	0.3361	0.4736
betaglucan_L04	betaglucan	3H:537247620	3H:537430596	537430596	FALSE	0.0588	0.06525	1.1854
betaglucan_L04	betaglucan	3H:537247620	3H:537450835	537450835	FALSE	0.0909	4.814e-05	4.3175
betaglucan_L05	betaglucan	4H:34858354	4H:34821945	34821945	FALSE	0.0944	1.561e-05	4.8066
betaglucan_L05	betaglucan	4H:34858354	4H:34825152	34825152	FALSE	0.0576	1.675e-07	6.7759
betaglucan_L05	betaglucan	4H:34858354	4H:34849987	34849987	FALSE	0.056	2.795e-06	5.5537
betaglucan_L05	betaglucan	4H:34858354	4H:34850102	34850102	FALSE	0.0551	1.939e-05	4.7124
betaglucan_L05	betaglucan	4H:34858354	4H:34852480	34852480	FALSE	0.0539	4.44e-07	6.3527
betaglucan_L05	betaglucan	4H:34858354	4H:34856353	34856353	FALSE	0.0571	4.981e-07	6.3027
betaglucan_L05	betaglucan	4H:34858354	4H:34858354	34858354	TRUE	0.0531	4.625e-08	7.3349
betaglucan_L05	betaglucan	4H:34858354	4H:34860548	34860548	FALSE	0.056	2.395e-06	5.6207
betaglucan_L05	betaglucan	4H:34858354	4H:34861011	34861011	FALSE	0.0567	6.027e-07	6.2199
betaglucan_L05	betaglucan	4H:34858354	4H:34861116	34861116	FALSE	0.0563	8.864e-07	6.0524
betaglucan_L05	betaglucan	4H:34858354	4H:34861436	34861436	FALSE	0.0578	5.084e-07	6.2938
betaglucan_L05	betaglucan	4H:34858354	4H:34861659	34861659	FALSE	0.0602	1.253e-07	6.902
betaglucan_L06	betaglucan	4H:34971609	4H:34922173	34922173	FALSE	0.052	1.733e-06	5.7613
betaglucan_L06	betaglucan	4H:34971609	4H:34923245	34923245	FALSE	0.0569	9.598e-06	5.0178
betaglucan_L06	betaglucan	4H:34971609	4H:34952641	34952641	FALSE	0.0753	0.004163	2.3806
betaglucan_L06	betaglucan	4H:34971609	4H:34968445	34968445	FALSE	0.0568	2.337e-06	5.6313
betaglucan_L06	betaglucan	4H:34971609	4H:34971190	34971190	FALSE	0.0533	1.319e-06	5.8798
betaglucan_L06	betaglucan	4H:34971609	4H:34971609	34971609	TRUE	0.0591	8.197e-08	7.0864
betaglucan_L06	betaglucan	4H:34971609	4H:35020559	35020559	FALSE	0.0615	2.038e-05	4.6907
betaglucan_L06	betaglucan	4H:34971609	4H:35040355	35040355	FALSE	0.0573	2.029e-06	5.6928
betaglucan_L06	betaglucan	4H:34971609	4H:35040389	35040389	FALSE	0.0565	3.145e-06	5.5024
betaglucan_L06	betaglucan	4H:34971609	4H:35043899	35043899	FALSE	0.0586	0.002623	2.5812
betaglucan_L06	betaglucan	4H:34971609	4H:35062236	35062236	FALSE	0.0544	6.655e-07	6.1768
betaglucan_L07	betaglucan	4H:528254769	4H:528218463	528218463	FALSE	0.0586	0.0008196	3.0864
betaglucan_L07	betaglucan	4H:528254769	4H:528219351	528219351	FALSE	0.0678	0.009713	2.0126
betaglucan_L07	betaglucan	4H:528254769	4H:528219424	528219424	FALSE	0.0617	0.6379	0.1953
betaglucan_L07	betaglucan	4H:528254769	4H:528219448	528219448	FALSE	0.0696	0.07869	1.1041
betaglucan_L07	betaglucan	4H:528254769	4H:528222635	528222635	FALSE	0.0776	0.01662	1.7794
betaglucan_L07	betaglucan	4H:528254769	4H:528222775	528222775	FALSE	0.0648	0.01112	1.9539
betaglucan_L07	betaglucan	4H:528254769	4H:528222794	528222794	FALSE	0.0677	0.03665	1.436
betaglucan_L07	betaglucan	4H:528254769	4H:528229743	528229743	FALSE	0.0601	0.5142	0.2888
betaglucan_L07	betaglucan	4H:528254769	4H:528232993	528232993	FALSE	0.0526	0.6979	0.1562
betaglucan_L07	betaglucan	4H:528254769	4H:528241152	528241152	FALSE	0.0667	0.02177	1.6622
betaglucan_L07	betaglucan	4H:528254769	4H:528251699	528251699	FALSE	0.0711	0.04256	1.371
betaglucan_L07	betaglucan	4H:528254769	4H:528254512	528254512	FALSE	0.0661	0.628	0.2021
betaglucan_L07	betaglucan	4H:528254769	4H:528254726	528254726	FALSE	0.0677	7.228e-05	4.141
betaglucan_L07	betaglucan	4H:528254769	4H:528254732	528254732	FALSE	0.0964	0.004261	2.3705
betaglucan_L07	betaglucan	4H:528254769	4H:528254769	528254769	TRUE	0.0588	2.946e-07	6.5307
betaglucan_L07	betaglucan	4H:528254769	4H:528254866	528254866	FALSE	0.0569	0.001045	2.9809
betaglucan_L07	betaglucan	4H:528254769	4H:528287884	528287884	FALSE	0.0609	0.005692	2.2447
betaglucan_L07	betaglucan	4H:528254769	4H:528291001	528291001	FALSE	0.0603	0.003221	2.492
betaglucan_L07	betaglucan	4H:528254769	4H:528296310	528296310	FALSE	0.0681	0.0001904	3.7204
betaglucan_L07	betaglucan	4H:528254769	4H:528300653	528300653	FALSE	0.0755	0.008073	2.093
betaglucan_L07	betaglucan	4H:528254769	4H:528304629	528304629	FALSE	0.0547	0.6361	0.1965
betaglucan_L07	betaglucan	4H:528254769	4H:528304730	528304730	FALSE	0.0886	0.03973	1.4009
betaglucan_L07	betaglucan	4H:528254769	4H:528304750	528304750	FALSE	0.0638	0.01243	1.9054
betaglucan_L07	betaglucan	4H:528254769	4H:528305864	528305864	FALSE	0.0711	0.3143	0.5027
betaglucan_L07	betaglucan	4H:528254769	4H:528344950	528344950	FALSE	0.0645	0.1651	0.7823
betaglucan_L07	betaglucan	4H:528254769	4H:528356410	528356410	FALSE	0.0581	0.0712	1.1475
betaglucan_L07	betaglucan	4H:528254769	4H:528357931	528357931	FALSE	0.0581	0.01026	1.9887
betaglucan_L07	betaglucan	4H:528254769	4H:528358406	528358406	FALSE	0.0684	0.003616	2.4418
betaglucan_L07	betaglucan	4H:528254769	4H:528358876	528358876	FALSE	0.063	0.03282	1.4839
betaglucan_L07	betaglucan	4H:528254769	4H:528365868	528365868	FALSE	0.0736	0.1836	0.736
betaglucan_L07	betaglucan	4H:528254769	4H:528374271	528374271	FALSE	0.063	0.009692	2.0136
betaglucan_L07	betaglucan	4H:528254769	4H:528385833	528385833	FALSE	0.054	0.1772	0.7515
betaglucan_L07	betaglucan	4H:528254769	4H:528414506	528414506	FALSE	0.1039	0.001513	2.8202
betaglucan_L08	betaglucan	5H:224439424	5H:224439424	224439424	TRUE	0.0625	4.412e-07	6.3553
betaglucan_L09	betaglucan	6H:475144663	6H:475086216	475086216	FALSE	0.0522	0.0005535	3.2569
betaglucan_L09	betaglucan	6H:475144663	6H:475091549	475091549	FALSE	0.1021	0.02416	1.6169
betaglucan_L09	betaglucan	6H:475144663	6H:475093528	475093528	FALSE	0.104	0.006649	2.1772
betaglucan_L09	betaglucan	6H:475144663	6H:475099203	475099203	FALSE	0.097	0.002212	2.6551
betaglucan_L09	betaglucan	6H:475144663	6H:475104424	475104424	FALSE	0.0983	0.004046	2.3929
betaglucan_L09	betaglucan	6H:475144663	6H:475104616	475104616	FALSE	0.0901	0.001092	2.9617
betaglucan_L09	betaglucan	6H:475144663	6H:475117568	475117568	FALSE	0.0946	0.07221	1.1414
betaglucan_L09	betaglucan	6H:475144663	6H:475118376	475118376	FALSE	0.0928	0.006614	2.1795
betaglucan_L09	betaglucan	6H:475144663	6H:475118877	475118877	FALSE	0.0817	0.1476	0.8309
betaglucan_L09	betaglucan	6H:475144663	6H:475119239	475119239	FALSE	0.1021	0.002338	2.6312
betaglucan_L09	betaglucan	6H:475144663	6H:475119584	475119584	FALSE	0.095	0.00155	2.8095
betaglucan_L09	betaglucan	6H:475144663	6H:475129307	475129307	FALSE	0.1097	0.02033	1.6919
betaglucan_L09	betaglucan	6H:475144663	6H:475129881	475129881	FALSE	0.0909	9.981e-05	4.0008
betaglucan_L09	betaglucan	6H:475144663	6H:475144663	475144663	TRUE	0.0675	5.361e-07	6.2708
betaglucan_L09	betaglucan	6H:475144663	6H:475146089	475146089	FALSE	0.0864	0.000504	3.2976
betaglucan_L09	betaglucan	6H:475144663	6H:475159265	475159265	FALSE	0.0583	0.0006415	3.1928
betaglucan_L09	betaglucan	6H:475144663	6H:475159952	475159952	FALSE	0.1048	0.05743	1.2409
betaglucan_L09	betaglucan	6H:475144663	6H:475160772	475160772	FALSE	0.0815	0.0001805	3.7435
betaglucan_L09	betaglucan	6H:475144663	6H:475160992	475160992	FALSE	0.0684	0.2562	0.5913
betaglucan_L09	betaglucan	6H:475144663	6H:475163047	475163047	FALSE	0.063	0.0007598	3.1193
betaglucan_L09	betaglucan	6H:475144663	6H:475167134	475167134	FALSE	0.0705	0.0564	1.2487
betaglucan_L09	betaglucan	6H:475144663	6H:475167135	475167135	FALSE	0.07	0.05214	1.2828
betaglucan_L09	betaglucan	6H:475144663	6H:475167944	475167944	FALSE	0.0815	0.0002311	3.6363
betaglucan_L09	betaglucan	6H:475144663	6H:475169766	475169766	FALSE	0.0862	0.0002994	3.5237
betaglucan_L10	betaglucan	6H:477651616	6H:477624949	477624949	FALSE	0.0983	0.0003958	3.4025
betaglucan_L10	betaglucan	6H:477651616	6H:477633929	477633929	FALSE	0.1013	0.001027	2.9885
betaglucan_L10	betaglucan	6H:477651616	6H:477636648	477636648	FALSE	0.0553	0.0002549	3.5937
betaglucan_L10	betaglucan	6H:477651616	6H:477636840	477636840	FALSE	0.1121	0.001049	2.9793
betaglucan_L10	betaglucan	6H:477651616	6H:477649417	477649417	FALSE	0.1169	0.001304	2.8848
betaglucan_L10	betaglucan	6H:477651616	6H:477651228	477651228	FALSE	0.1068	0.0008491	3.0711
betaglucan_L10	betaglucan	6H:477651616	6H:477651358	477651358	FALSE	0.0917	0.002163	2.665
betaglucan_L10	betaglucan	6H:477651616	6H:477651616	477651616	TRUE	0.1174	6.428e-07	6.1919
betaglucan_L10	betaglucan	6H:477651616	6H:477652345	477652345	FALSE	0.1013	0.002231	2.6515
betaglucan_L11	betaglucan	6H:545947347	6H:545947347	545947347	TRUE	0.0672	7.681e-07	6.1146
fiber_L01	fiber	1H:329707484	1H:329707484	329707484	TRUE	0.0551	6.583e-07	6.1816
fiber_L02	fiber	1H:330239605	1H:330239605	330239605	TRUE	0.0591	3.278e-07	6.4843
fiber_L02	fiber	1H:330239605	1H:330241897	330241897	FALSE	0.0574	2.32e-06	5.6345
fiber_L03	fiber	1H:330625182	1H:330621329	330621329	FALSE	0.097	0.1248	0.9039
fiber_L03	fiber	1H:330625182	1H:330621739	330621739	FALSE	0.1008	0.007631	2.1174
fiber_L03	fiber	1H:330625182	1H:330621824	330621824	FALSE	0.0927	0.06788	1.1683
fiber_L03	fiber	1H:330625182	1H:330623641	330623641	FALSE	0.1046	0.001894	2.7225
fiber_L03	fiber	1H:330625182	1H:330623665	330623665	FALSE	0.0928	0.07852	1.105
fiber_L03	fiber	1H:330625182	1H:330625182	330625182	TRUE	0.0636	4.931e-07	6.3071
fiber_L03	fiber	1H:330625182	1H:330625476	330625476	FALSE	0.1082	0.00259	2.5867
fiber_L03	fiber	1H:330625182	1H:330625490	330625490	FALSE	0.0601	6.284e-06	5.2018
fiber_L03	fiber	1H:330625182	1H:330636212	330636212	FALSE	0.0858	0.001885	2.7247
fiber_L03	fiber	1H:330625182	1H:330641130	330641130	FALSE	0.1043	0.02365	1.6262
fiber_L03	fiber	1H:330625182	1H:330671815	330671815	FALSE	0.0776	0.005754	2.24
fiber_L03	fiber	1H:330625182	1H:330671914	330671914	FALSE	0.0848	0.0004197	3.377
fiber_L03	fiber	1H:330625182	1H:330675571	330675571	FALSE	0.1026	0.002658	2.5754
fiber_L03	fiber	1H:330625182	1H:330680723	330680723	FALSE	0.1043	0.01701	1.7693
fiber_L03	fiber	1H:330625182	1H:330681440	330681440	FALSE	0.1121	0.01367	1.8642
fiber_L03	fiber	1H:330625182	1H:330687840	330687840	FALSE	0.1008	0.0009822	3.0078
fiber_L03	fiber	1H:330625182	1H:330689171	330689171	FALSE	0.0987	0.007676	2.1149
fiber_L03	fiber	1H:330625182	1H:330689766	330689766	FALSE	0.1057	0.01588	1.799
fiber_L03	fiber	1H:330625182	1H:330690629	330690629	FALSE	0.0984	0.007826	2.1065
fiber_L03	fiber	1H:330625182	1H:330691152	330691152	FALSE	0.0983	0.01275	1.8945
fiber_L03	fiber	1H:330625182	1H:330691190	330691190	FALSE	0.1169	0.1745	0.7581
fiber_L03	fiber	1H:330625182	1H:330692119	330692119	FALSE	0.1111	0.01315	1.881
fiber_L03	fiber	1H:330625182	1H:330695995	330695995	FALSE	0.0956	0.01342	1.8721
fiber_L03	fiber	1H:330625182	1H:330713270	330713270	FALSE	0.0819	0.005655	2.2475
fiber_L03	fiber	1H:330625182	1H:330718405	330718405	FALSE	0.0992	0.0584	1.2336
fiber_L03	fiber	1H:330625182	1H:330721436	330721436	FALSE	0.0662	0.006205	2.2073
fiber_L03	fiber	1H:330625182	1H:330721445	330721445	FALSE	0.1029	0.004523	2.3446
fiber_L03	fiber	1H:330625182	1H:330723143	330723143	FALSE	0.0894	0.0171	1.7671
fiber_L03	fiber	1H:330625182	1H:330726559	330726559	FALSE	0.0812	0.001817	2.7407
fiber_L04	fiber	1H:344520079	1H:344504256	344504256	FALSE	0.0522	0.0009553	3.0198
fiber_L04	fiber	1H:344520079	1H:344520079	344520079	TRUE	0.0529	1.406e-07	6.8521
fiber_L04	fiber	1H:344520079	1H:344548982	344548982	FALSE	0.0546	0.0002288	3.6405
fiber_L05	fiber	1H:440022799	1H:439922568	439922568	FALSE	0.063	0.0001565	3.8054
fiber_L05	fiber	1H:440022799	1H:439943025	439943025	FALSE	0.0658	9.404e-06	5.0267
fiber_L05	fiber	1H:440022799	1H:439943482	439943482	FALSE	0.0667	2.448e-05	4.6111
fiber_L05	fiber	1H:440022799	1H:439943574	439943574	FALSE	0.0544	8.354e-05	4.0781
fiber_L05	fiber	1H:440022799	1H:439945785	439945785	FALSE	0.0672	0.0005391	3.2683
fiber_L05	fiber	1H:440022799	1H:439947633	439947633	FALSE	0.0649	0.0005227	3.2818
fiber_L05	fiber	1H:440022799	1H:439950834	439950834	FALSE	0.0693	2.912e-06	5.5358
fiber_L05	fiber	1H:440022799	1H:439959224	439959224	FALSE	0.0733	2.185e-06	5.6605
fiber_L05	fiber	1H:440022799	1H:439961364	439961364	FALSE	0.0601	0.0001142	3.9423
fiber_L05	fiber	1H:440022799	1H:439969143	439969143	FALSE	0.0684	0.009649	2.0155
fiber_L05	fiber	1H:440022799	1H:439991247	439991247	FALSE	0.0703	8.424e-06	5.0745
fiber_L05	fiber	1H:440022799	1H:439991937	439991937	FALSE	0.0647	2.877e-05	4.541
fiber_L05	fiber	1H:440022799	1H:440001396	440001396	FALSE	0.069	5.661e-05	4.2471
fiber_L05	fiber	1H:440022799	1H:440002186	440002186	FALSE	0.0664	2.581e-06	5.5882
fiber_L05	fiber	1H:440022799	1H:440022799	440022799	TRUE	0.0717	6.944e-07	6.1584
fiber_L05	fiber	1H:440022799	1H:440029725	440029725	FALSE	0.1101	8.294e-06	5.0813
fiber_L05	fiber	1H:440022799	1H:440032977	440032977	FALSE	0.0556	0.00021	3.6778
fiber_L06	fiber	1H:440573355	1H:440470102	440470102	FALSE	0.0819	0.0004992	3.3018
fiber_L06	fiber	1H:440573355	1H:440493375	440493375	FALSE	0.0756	0.07775	1.1093
fiber_L06	fiber	1H:440573355	1H:440502569	440502569	FALSE	0.0568	0.002402	2.6195
fiber_L06	fiber	1H:440573355	1H:440504452	440504452	FALSE	0.0553	5.856e-05	4.2324
fiber_L06	fiber	1H:440573355	1H:440506802	440506802	FALSE	0.0563	0.006518	2.1859
fiber_L06	fiber	1H:440573355	1H:440507054	440507054	FALSE	0.0553	0.00338	2.4711
fiber_L06	fiber	1H:440573355	1H:440512889	440512889	FALSE	0.0678	0.0002956	3.5293
fiber_L06	fiber	1H:440573355	1H:440533559	440533559	FALSE	0.0569	0.007636	2.1171
fiber_L06	fiber	1H:440573355	1H:440572258	440572258	FALSE	0.0563	0.002581	2.5882
fiber_L06	fiber	1H:440573355	1H:440573344	440573344	FALSE	0.0607	1.721e-05	4.7642
fiber_L06	fiber	1H:440573355	1H:440573355	440573355	TRUE	0.0688	6.041e-07	6.2189
fiber_L06	fiber	1H:440573355	1H:440573586	440573586	FALSE	0.0772	0.005836	2.2338
fiber_L07	fiber	3H:543690146	3H:543452211	543452211	FALSE	0.1525	0.06744	1.1711
fiber_L07	fiber	3H:543690146	3H:543457452	543457452	FALSE	0.1525	0.2151	0.6674
fiber_L07	fiber	3H:543690146	3H:543459155	543459155	FALSE	0.1555	0.002932	2.5328
fiber_L07	fiber	3H:543690146	3H:543462612	543462612	FALSE	0.1266	0.2961	0.5286
fiber_L07	fiber	3H:543690146	3H:543498690	543498690	FALSE	0.1695	0.2163	0.6649
fiber_L07	fiber	3H:543690146	3H:543527668	543527668	FALSE	0.1509	0.02228	1.6522
fiber_L07	fiber	3H:543690146	3H:543541050	543541050	FALSE	0.1492	0.03088	1.5104
fiber_L07	fiber	3H:543690146	3H:543549377	543549377	FALSE	0.1471	0.805	0.0942
fiber_L07	fiber	3H:543690146	3H:543556772	543556772	FALSE	0.1633	0.001714	2.7661
fiber_L07	fiber	3H:543690146	3H:543556805	543556805	FALSE	0.1489	0.004898	2.31
fiber_L07	fiber	3H:543690146	3H:543557253	543557253	FALSE	0.1638	0.01016	1.993
fiber_L07	fiber	3H:543690146	3H:543565086	543565086	FALSE	0.1753	0.05012	1.3
fiber_L07	fiber	3H:543690146	3H:543565642	543565642	FALSE	0.1532	0.2288	0.6405
fiber_L07	fiber	3H:543690146	3H:543567105	543567105	FALSE	0.1538	0.01602	1.7953
fiber_L07	fiber	3H:543690146	3H:543567175	543567175	FALSE	0.1188	0.01435	1.8432
fiber_L07	fiber	3H:543690146	3H:543567221	543567221	FALSE	0.1245	0.02019	1.6949
fiber_L07	fiber	3H:543690146	3H:543567237	543567237	FALSE	0.1457	0.006138	2.212
fiber_L07	fiber	3H:543690146	3H:543567262	543567262	FALSE	0.1203	0.3186	0.4968
fiber_L07	fiber	3H:543690146	3H:543567305	543567305	FALSE	0.131	0.1502	0.8234
fiber_L07	fiber	3H:543690146	3H:543567564	543567564	FALSE	0.1218	0.2362	0.6267
fiber_L07	fiber	3H:543690146	3H:543579837	543579837	FALSE	0.1087	0.04368	1.3597
fiber_L07	fiber	3H:543690146	3H:543580805	543580805	FALSE	0.1102	2.873e-05	4.5416
fiber_L07	fiber	3H:543690146	3H:543581081	543581081	FALSE	0.1008	0.005468	2.2621
fiber_L07	fiber	3H:543690146	3H:543581109	543581109	FALSE	0.1146	0.003016	2.5205
fiber_L07	fiber	3H:543690146	3H:543581154	543581154	FALSE	0.1526	0.0005288	3.2767
fiber_L07	fiber	3H:543690146	3H:543588062	543588062	FALSE	0.0965	0.09013	1.0451
fiber_L07	fiber	3H:543690146	3H:543598369	543598369	FALSE	0.116	0.01662	1.7793
fiber_L07	fiber	3H:543690146	3H:543598428	543598428	FALSE	0.1125	6.594e-06	5.1809
fiber_L07	fiber	3H:543690146	3H:543624646	543624646	FALSE	0.1159	0.005004	2.3007
fiber_L07	fiber	3H:543690146	3H:543624672	543624672	FALSE	0.1513	0.08418	1.0748
fiber_L07	fiber	3H:543690146	3H:543628468	543628468	FALSE	0.1341	0.005109	2.2917
fiber_L07	fiber	3H:543690146	3H:543630396	543630396	FALSE	0.1486	0.04445	1.3521
fiber_L07	fiber	3H:543690146	3H:543631884	543631884	FALSE	0.102	0.1523	0.8172
fiber_L07	fiber	3H:543690146	3H:543632061	543632061	FALSE	0.1012	0.06941	1.1586
fiber_L07	fiber	3H:543690146	3H:543635338	543635338	FALSE	0.0984	0.03754	1.4256
fiber_L07	fiber	3H:543690146	3H:543635563	543635563	FALSE	0.1165	0.0244	1.6126
fiber_L07	fiber	3H:543690146	3H:543636429	543636429	FALSE	0.0984	0.1308	0.8834
fiber_L07	fiber	3H:543690146	3H:543638849	543638849	FALSE	0.1102	0.03973	1.4009
fiber_L07	fiber	3H:543690146	3H:543638879	543638879	FALSE	0.1057	0.0602	1.2204
fiber_L07	fiber	3H:543690146	3H:543638965	543638965	FALSE	0.1073	0.0005026	3.2988
fiber_L07	fiber	3H:543690146	3H:543638970	543638970	FALSE	0.183	0.01949	1.7101
fiber_L07	fiber	3H:543690146	3H:543639033	543639033	FALSE	0.1542	0.009056	2.0431
fiber_L07	fiber	3H:543690146	3H:543688511	543688511	FALSE	0.1379	0.0002426	3.6151
fiber_L07	fiber	3H:543690146	3H:543689118	543689118	FALSE	0.1162	0.02458	1.6095
fiber_L07	fiber	3H:543690146	3H:543690121	543690121	FALSE	0.1293	4.355e-07	6.361
fiber_L07	fiber	3H:543690146	3H:543690122	543690122	FALSE	0.1288	6.576e-07	6.182
fiber_L07	fiber	3H:543690146	3H:543690146	543690146	TRUE	0.1239	4.302e-07	6.3664
fiber_L07	fiber	3H:543690146	3H:543690759	543690759	FALSE	0.1154	0.005372	2.2699
fiber_L07	fiber	3H:543690146	3H:543690780	543690780	FALSE	0.1039	0.1994	0.7003
fiber_L07	fiber	3H:543690146	3H:543691655	543691655	FALSE	0.1299	4.72e-06	5.326
fiber_L07	fiber	3H:543690146	3H:543691932	543691932	FALSE	0.0987	0.04161	1.3808
fiber_L07	fiber	3H:543690146	3H:543692495	543692495	FALSE	0.1087	0.04669	1.3308
fiber_L07	fiber	3H:543690146	3H:543702690	543702690	FALSE	0.1285	9.958e-05	4.0018
fiber_L07	fiber	3H:543690146	3H:543705208	543705208	FALSE	0.0696	0.01133	1.9457
fiber_L07	fiber	3H:543690146	3H:543706977	543706977	FALSE	0.1092	0.03686	1.4334
fiber_L07	fiber	3H:543690146	3H:543713500	543713500	FALSE	0.1271	7.896e-07	6.1026
fiber_L07	fiber	3H:543690146	3H:543713554	543713554	FALSE	0.1837	0.0238	1.6233
fiber_L07	fiber	3H:543690146	3H:543714647	543714647	FALSE	0.2034	0.4042	0.3934
fiber_L07	fiber	3H:543690146	3H:543738223	543738223	FALSE	0.1532	0.000533	3.2733
fiber_L07	fiber	3H:543690146	3H:543738263	543738263	FALSE	0.2227	0.03201	1.4947
fiber_L07	fiber	3H:543690146	3H:543739449	543739449	FALSE	0.1193	0.1011	0.9952
fiber_L07	fiber	3H:543690146	3H:543739778	543739778	FALSE	0.1803	0.07212	1.1419
fiber_L07	fiber	3H:543690146	3H:543739960	543739960	FALSE	0.2042	0.004353	2.3612
fiber_L07	fiber	3H:543690146	3H:543740489	543740489	FALSE	0.1991	0.004238	2.3728
fiber_L07	fiber	3H:543690146	3H:543740914	543740914	FALSE	0.1841	0.05597	1.252
fiber_L07	fiber	3H:543690146	3H:543742525	543742525	FALSE	0.1907	0.001708	2.7674
fiber_L07	fiber	3H:543690146	3H:543742543	543742543	FALSE	0.2265	0.004787	2.3199
fiber_L07	fiber	3H:543690146	3H:543760319	543760319	FALSE	0.1653	0.01523	1.8174
fiber_L07	fiber	3H:543690146	3H:543761267	543761267	FALSE	0.1814	0.05918	1.2278
fiber_L07	fiber	3H:543690146	3H:543761997	543761997	FALSE	0.1167	0.0001702	3.7691
fiber_L07	fiber	3H:543690146	3H:543762840	543762840	FALSE	0.2017	0.00591	2.2284
fiber_L07	fiber	3H:543690146	3H:543762844	543762844	FALSE	0.1886	0.003276	2.4847
fiber_L07	fiber	3H:543690146	3H:543762931	543762931	FALSE	0.2026	6.352e-05	4.1971
fiber_L07	fiber	3H:543690146	3H:543763355	543763355	FALSE	0.1055	0.003268	2.4857
fiber_L07	fiber	3H:543690146	3H:543763493	543763493	FALSE	0.1702	0.05072	1.2948
fiber_L07	fiber	3H:543690146	3H:543763765	543763765	FALSE	0.205	0.000572	3.2426
fiber_L07	fiber	3H:543690146	3H:543763827	543763827	FALSE	0.1157	0.002379	2.6237
fiber_L07	fiber	3H:543690146	3H:543777124	543777124	FALSE	0.1709	0.01523	1.8172
fiber_L07	fiber	3H:543690146	3H:543778555	543778555	FALSE	0.1286	1.051e-05	4.9786
fiber_L07	fiber	3H:543690146	3H:543778616	543778616	FALSE	0.1727	0.0005434	3.2649
fiber_L07	fiber	3H:543690146	3H:543778749	543778749	FALSE	0.1148	6.555e-06	5.1834
fiber_L07	fiber	3H:543690146	3H:543778827	543778827	FALSE	0.1893	0.005776	2.2384
fiber_L07	fiber	3H:543690146	3H:543778832	543778832	FALSE	0.1152	0.0008005	3.0966
fiber_L07	fiber	3H:543690146	3H:543809047	543809047	FALSE	0.206	0.0001259	3.8998
fiber_L07	fiber	3H:543690146	3H:543809167	543809167	FALSE	0.1923	0.0001357	3.8673
fiber_L07	fiber	3H:543690146	3H:543809280	543809280	FALSE	0.1814	0.0002239	3.65
fiber_L07	fiber	3H:543690146	3H:543809332	543809332	FALSE	0.1667	0.02057	1.6868
fiber_L07	fiber	3H:543690146	3H:543809472	543809472	FALSE	0.179	0.0003221	3.4921
fiber_L07	fiber	3H:543690146	3H:543810073	543810073	FALSE	0.1674	0.05847	1.2331
fiber_L07	fiber	3H:543690146	3H:543810079	543810079	FALSE	0.113	0.09402	1.0268
fiber_L07	fiber	3H:543690146	3H:543811155	543811155	FALSE	0.123	0.0001085	3.9647
fiber_L07	fiber	3H:543690146	3H:543811890	543811890	FALSE	0.1925	0.1424	0.8464
fiber_L07	fiber	3H:543690146	3H:543811896	543811896	FALSE	0.1074	0.6319	0.1993
fiber_L07	fiber	3H:543690146	3H:543812361	543812361	FALSE	0.1033	0.0004005	3.3973
fiber_L07	fiber	3H:543690146	3H:543823458	543823458	FALSE	0.1721	1.584e-05	4.8002
fiber_L07	fiber	3H:543690146	3H:543823677	543823677	FALSE	0.1967	0.002263	2.6454
fiber_L07	fiber	3H:543690146	3H:543825113	543825113	FALSE	0.183	0.0001877	3.7266
fiber_L07	fiber	3H:543690146	3H:543825471	543825471	FALSE	0.1845	0.003087	2.5105
fiber_L07	fiber	3H:543690146	3H:543825522	543825522	FALSE	0.1911	0.02893	1.5386
fiber_L07	fiber	3H:543690146	3H:543825806	543825806	FALSE	0.1111	0.03328	1.4778
fiber_L07	fiber	3H:543690146	3H:543828107	543828107	FALSE	0.1542	0.001833	2.7369
fiber_L07	fiber	3H:543690146	3H:543828620	543828620	FALSE	0.2107	0.01427	1.8455
fiber_L07	fiber	3H:543690146	3H:543828628	543828628	FALSE	0.1852	0.02918	1.5349
fiber_L07	fiber	3H:543690146	3H:543828641	543828641	FALSE	0.1822	0.0476	1.3224
fiber_L07	fiber	3H:543690146	3H:543843631	543843631	FALSE	0.1799	0.004723	2.3258
fiber_L07	fiber	3H:543690146	3H:543843809	543843809	FALSE	0.1694	0.006646	2.1774
fiber_L07	fiber	3H:543690146	3H:543845124	543845124	FALSE	0.2052	0.004512	2.3457
fiber_L07	fiber	3H:543690146	3H:543845150	543845150	FALSE	0.1176	0.00383	2.4168
fiber_L07	fiber	3H:543690146	3H:543857322	543857322	FALSE	0.1745	0.0007312	3.136
fiber_L07	fiber	3H:543690146	3H:543857836	543857836	FALSE	0.1126	0.0009311	3.031
fiber_L07	fiber	3H:543690146	3H:543857923	543857923	FALSE	0.1139	1.963e-05	4.7071
fiber_L07	fiber	3H:543690146	3H:543857928	543857928	FALSE	0.113	1.515e-05	4.8195
fiber_L07	fiber	3H:543690146	3H:543858602	543858602	FALSE	0.1814	0.01388	1.8575
fiber_L07	fiber	3H:543690146	3H:543858958	543858958	FALSE	0.1564	0.04654	1.3321
fiber_L07	fiber	3H:543690146	3H:543859279	543859279	FALSE	0.178	0.07775	1.1093
fiber_L07	fiber	3H:543690146	3H:543859282	543859282	FALSE	0.1121	0.113	0.9467
fiber_L07	fiber	3H:543690146	3H:543859329	543859329	FALSE	0.1925	0.007845	2.1054
fiber_L07	fiber	3H:543690146	3H:543862378	543862378	FALSE	0.195	0.0004914	3.3086
fiber_L07	fiber	3H:543690146	3H:543862438	543862438	FALSE	0.1208	1.496e-06	5.8251
fiber_L07	fiber	3H:543690146	3H:543862440	543862440	FALSE	0.1772	0.0003101	3.5085
fiber_L07	fiber	3H:543690146	3H:543862461	543862461	FALSE	0.1958	0.0004822	3.3168
fiber_L07	fiber	3H:543690146	3H:543862466	543862466	FALSE	0.1975	0.0002222	3.6533
fiber_L07	fiber	3H:543690146	3H:543862511	543862511	FALSE	0.1235	1.681e-05	4.7745
fiber_L07	fiber	3H:543690146	3H:543862551	543862551	FALSE	0.2025	0.0001729	3.7621
fiber_L07	fiber	3H:543690146	3H:543862590	543862590	FALSE	0.1502	0.004621	2.3353
fiber_L07	fiber	3H:543690146	3H:543862591	543862591	FALSE	0.1116	0.0008458	3.0727
fiber_L07	fiber	3H:543690146	3H:543862662	543862662	FALSE	0.1583	0.07146	1.146
fiber_L07	fiber	3H:543690146	3H:543864435	543864435	FALSE	0.1144	0.001313	2.8819
fiber_L07	fiber	3H:543690146	3H:543864437	543864437	FALSE	0.1139	0.001398	2.8544
fiber_L07	fiber	3H:543690146	3H:543864477	543864477	FALSE	0.107	0.0001066	3.9721
fiber_L07	fiber	3H:543690146	3H:543864744	543864744	FALSE	0.1191	0.005107	2.2918
fiber_L07	fiber	3H:543690146	3H:543865414	543865414	FALSE	0.193	0.007144	2.146
fiber_L07	fiber	3H:543690146	3H:543865479	543865479	FALSE	0.1912	0.04682	1.3295
fiber_L07	fiber	3H:543690146	3H:543865487	543865487	FALSE	0.2049	0.007374	2.1323
fiber_L07	fiber	3H:543690146	3H:543865513	543865513	FALSE	0.1799	0.002368	2.6256
fiber_L07	fiber	3H:543690146	3H:543866094	543866094	FALSE	0.1496	0.0004059	3.3916
fiber_L07	fiber	3H:543690146	3H:543866108	543866108	FALSE	0.0882	1.912e-05	4.7186
fiber_L07	fiber	3H:543690146	3H:543866199	543866199	FALSE	0.1903	0.0003993	3.3987
fiber_L07	fiber	3H:543690146	3H:543868033	543868033	FALSE	0.1948	0.002002	2.6986
fiber_L07	fiber	3H:543690146	3H:543868169	543868169	FALSE	0.1555	0.0006879	3.1625
fiber_L07	fiber	3H:543690146	3H:543868549	543868549	FALSE	0.1811	0.003812	2.4188
fiber_L07	fiber	3H:543690146	3H:543868562	543868562	FALSE	0.1777	0.002104	2.6769
fiber_L07	fiber	3H:543690146	3H:543869146	543869146	FALSE	0.1992	0.005434	2.2649
fiber_L07	fiber	3H:543690146	3H:543869329	543869329	FALSE	0.112	0.009137	2.0392
fiber_L07	fiber	3H:543690146	3H:543869460	543869460	FALSE	0.1974	0.0001719	3.7647
fiber_L07	fiber	3H:543690146	3H:543869858	543869858	FALSE	0.1202	1.052e-05	4.9781
fiber_L07	fiber	3H:543690146	3H:543870269	543870269	FALSE	0.1967	0.01199	1.921
fiber_L07	fiber	3H:543690146	3H:543871024	543871024	FALSE	0.1525	0.0008272	3.0824
fiber_L07	fiber	3H:543690146	3H:543871067	543871067	FALSE	0.1893	5.295e-05	4.2762
fiber_L07	fiber	3H:543690146	3H:543871093	543871093	FALSE	0.1967	0.002925	2.5338
fiber_L07	fiber	3H:543690146	3H:543871124	543871124	FALSE	0.1758	0.005494	2.2601
fiber_L07	fiber	3H:543690146	3H:543872044	543872044	FALSE	0.1852	0.001936	2.7132
fiber_L07	fiber	3H:543690146	3H:543872534	543872534	FALSE	0.1888	0.02089	1.68
fiber_L07	fiber	3H:543690146	3H:543872574	543872574	FALSE	0.1921	0.004936	2.3066
fiber_L07	fiber	3H:543690146	3H:543873708	543873708	FALSE	0.2112	0.00548	2.2612
fiber_L07	fiber	3H:543690146	3H:543890271	543890271	FALSE	0.1581	0.005522	2.2579
fiber_L07	fiber	3H:543690146	3H:543891921	543891921	FALSE	0.1921	0.002129	2.6719
fiber_L07	fiber	3H:543690146	3H:543892182	543892182	FALSE	0.1184	0.005099	2.2925
fiber_L07	fiber	3H:543690146	3H:543901471	543901471	FALSE	0.0979	0.2662	0.5748
fiber_L07	fiber	3H:543690146	3H:543902128	543902128	FALSE	0.2075	0.001007	2.997
fiber_L07	fiber	3H:543690146	3H:543902157	543902157	FALSE	0.1713	0.009256	2.0336
fiber_L07	fiber	3H:543690146	3H:543902362	543902362	FALSE	0.2085	0.004837	2.3155
fiber_L07	fiber	3H:543690146	3H:543902591	543902591	FALSE	0.1198	0.1218	0.9144
fiber_L07	fiber	3H:543690146	3H:543902630	543902630	FALSE	0.0909	0.007616	2.1183
fiber_L07	fiber	3H:543690146	3H:543902820	543902820	FALSE	0.1293	0.08392	1.0761
fiber_L07	fiber	3H:543690146	3H:543902994	543902994	FALSE	0.1186	0.01733	1.7613
fiber_L07	fiber	3H:543690146	3H:543903113	543903113	FALSE	0.1974	0.03067	1.5132
fiber_L07	fiber	3H:543690146	3H:543903529	543903529	FALSE	0.1883	0.02353	1.6284
fiber_L07	fiber	3H:543690146	3H:543904171	543904171	FALSE	0.1838	0.00166	2.7799
fiber_L07	fiber	3H:543690146	3H:543905968	543905968	FALSE	0.1907	0.00143	2.8446
fiber_L07	fiber	3H:543690146	3H:543906565	543906565	FALSE	0.1149	0.0006935	3.159
fiber_L07	fiber	3H:543690146	3H:543906862	543906862	FALSE	0.1841	0.04496	1.3472
fiber_L07	fiber	3H:543690146	3H:543907420	543907420	FALSE	0.1837	0.003897	2.4092
fiber_L07	fiber	3H:543690146	3H:543907830	543907830	FALSE	0.1143	6.723e-05	4.1725
fiber_L07	fiber	3H:543690146	3H:543907854	543907854	FALSE	0.1687	0.006818	2.1664
fiber_L07	fiber	3H:543690146	3H:543907946	543907946	FALSE	0.1592	0.06911	1.1605
fiber_L07	fiber	3H:543690146	3H:543908629	543908629	FALSE	0.1215	0.0005304	3.2754
fiber_L07	fiber	3H:543690146	3H:543908644	543908644	FALSE	0.1701	0.0008068	3.0932
fiber_L07	fiber	3H:543690146	3H:543909289	543909289	FALSE	0.1073	0.004588	2.3384
fiber_L07	fiber	3H:543690146	3H:543909594	543909594	FALSE	0.1557	0.003192	2.4959
fiber_L07	fiber	3H:543690146	3H:543909598	543909598	FALSE	0.1555	0.0007463	3.1271
fiber_L07	fiber	3H:543690146	3H:543909635	543909635	FALSE	0.1701	0.01666	1.7783
fiber_L07	fiber	3H:543690146	3H:543910130	543910130	FALSE	0.1478	0.06082	1.216
fiber_L07	fiber	3H:543690146	3H:543910653	543910653	FALSE	0.1803	0.004006	2.3972
fiber_L07	fiber	3H:543690146	3H:543911168	543911168	FALSE	0.0909	0.002109	2.6759
fiber_L07	fiber	3H:543690146	3H:543913982	543913982	FALSE	0.1875	0.005572	2.254
fiber_L07	fiber	3H:543690146	3H:543917273	543917273	FALSE	0.1012	0.2182	0.6611
fiber_L07	fiber	3H:543690146	3H:543917604	543917604	FALSE	0.1293	0.009027	2.0444
fiber_L07	fiber	3H:543690146	3H:543917607	543917607	FALSE	0.1304	0.008421	2.0746
fiber_L07	fiber	3H:543690146	3H:543917610	543917610	FALSE	0.1181	0.001396	2.855
fiber_L07	fiber	3H:543690146	3H:543917611	543917611	FALSE	0.119	0.001184	2.9265
fiber_L07	fiber	3H:543690146	3H:543924634	543924634	FALSE	0.1498	0.3281	0.484
fiber_L07	fiber	3H:543690146	3H:543927522	543927522	FALSE	0.1229	0.0004267	3.3699
fiber_L07	fiber	3H:543690146	3H:543927735	543927735	FALSE	0.1645	0.01319	1.8798
fiber_L07	fiber	3H:543690146	3H:543927894	543927894	FALSE	0.1707	0.05603	1.2516
fiber_L07	fiber	3H:543690146	3H:543928504	543928504	FALSE	0.1377	0.1378	0.8607
fiber_L07	fiber	3H:543690146	3H:543928557	543928557	FALSE	0.14	0.01231	1.9097
fiber_L07	fiber	3H:543690146	3H:543928756	543928756	FALSE	0.1255	0.7963	0.0989
fiber_L07	fiber	3H:543690146	3H:543928863	543928863	FALSE	0.1217	0.0508	1.2942
fiber_L07	fiber	3H:543690146	3H:543931257	543931257	FALSE	0.1299	0.009631	2.0163
fiber_L08	fiber	3H:544084309	3H:543987340	543987340	FALSE	0.1532	0.228	0.642
fiber_L08	fiber	3H:544084309	3H:544026396	544026396	FALSE	0.1711	0.1033	0.9861
fiber_L08	fiber	3H:544084309	3H:544029021	544029021	FALSE	0.1529	0.00259	2.5867
fiber_L08	fiber	3H:544084309	3H:544030637	544030637	FALSE	0.1572	0.07847	1.1053
fiber_L08	fiber	3H:544084309	3H:544030776	544030776	FALSE	0.1506	0.004413	2.3553
fiber_L08	fiber	3H:544084309	3H:544030873	544030873	FALSE	0.1441	0.02365	1.6261
fiber_L08	fiber	3H:544084309	3H:544031496	544031496	FALSE	0.1721	0.04569	1.3401
fiber_L08	fiber	3H:544084309	3H:544032393	544032393	FALSE	0.1681	0.533	0.2733
fiber_L08	fiber	3H:544084309	3H:544032639	544032639	FALSE	0.125	0.4213	0.3754
fiber_L08	fiber	3H:544084309	3H:544033344	544033344	FALSE	0.1397	0.04215	1.3752
fiber_L08	fiber	3H:544084309	3H:544033802	544033802	FALSE	0.1967	0.04908	1.3091
fiber_L08	fiber	3H:544084309	3H:544033814	544033814	FALSE	0.1581	0.0182	1.74
fiber_L08	fiber	3H:544084309	3H:544033945	544033945	FALSE	0.1149	0.0002336	3.6314
fiber_L08	fiber	3H:544084309	3H:544034304	544034304	FALSE	0.1398	0.009214	2.0355
fiber_L08	fiber	3H:544084309	3H:544034563	544034563	FALSE	0.1336	0.1291	0.8892
fiber_L08	fiber	3H:544084309	3H:544034763	544034763	FALSE	0.1681	0.08758	1.0576
fiber_L08	fiber	3H:544084309	3H:544035592	544035592	FALSE	0.1673	0.02457	1.6096
fiber_L08	fiber	3H:544084309	3H:544035935	544035935	FALSE	0.1687	0.06429	1.1918
fiber_L08	fiber	3H:544084309	3H:544037446	544037446	FALSE	0.1491	0.2286	0.641
fiber_L08	fiber	3H:544084309	3H:544037589	544037589	FALSE	0.123	0.1415	0.8492
fiber_L08	fiber	3H:544084309	3H:544040990	544040990	FALSE	0.1712	0.001028	2.9882
fiber_L08	fiber	3H:544084309	3H:544041238	544041238	FALSE	0.1423	0.006098	2.2148
fiber_L08	fiber	3H:544084309	3H:544041517	544041517	FALSE	0.15	0.335	0.4749
fiber_L08	fiber	3H:544084309	3H:544041558	544041558	FALSE	0.1822	0.1009	0.9963
fiber_L08	fiber	3H:544084309	3H:544041838	544041838	FALSE	0.1734	0.0137	1.8633
fiber_L08	fiber	3H:544084309	3H:544042408	544042408	FALSE	0.1087	0.002249	2.648
fiber_L08	fiber	3H:544084309	3H:544042713	544042713	FALSE	0.2511	0.005692	2.2447
fiber_L08	fiber	3H:544084309	3H:544043095	544043095	FALSE	0.112	0.001173	2.9307
fiber_L08	fiber	3H:544084309	3H:544043420	544043420	FALSE	0.1453	0.5237	0.2809
fiber_L08	fiber	3H:544084309	3H:544049024	544049024	FALSE	0.1399	0.003308	2.4804
fiber_L08	fiber	3H:544084309	3H:544049204	544049204	FALSE	0.1422	0.01614	1.7922
fiber_L08	fiber	3H:544084309	3H:544050084	544050084	FALSE	0.1042	0.00288	2.5405
fiber_L08	fiber	3H:544084309	3H:544050350	544050350	FALSE	0.1239	0.1534	0.8141
fiber_L08	fiber	3H:544084309	3H:544050972	544050972	FALSE	0.1618	0.8182	0.0871
fiber_L08	fiber	3H:544084309	3H:544051124	544051124	FALSE	0.1398	0.02206	1.6565
fiber_L08	fiber	3H:544084309	3H:544065877	544065877	FALSE	0.1688	0.00586	2.2321
fiber_L08	fiber	3H:544084309	3H:544065898	544065898	FALSE	0.1463	0.006313	2.1998
fiber_L08	fiber	3H:544084309	3H:544066584	544066584	FALSE	0.1777	0.01466	1.8339
fiber_L08	fiber	3H:544084309	3H:544078122	544078122	FALSE	0.0614	0.513	0.2899
fiber_L08	fiber	3H:544084309	3H:544079515	544079515	FALSE	0.1349	0.01811	1.7421
fiber_L08	fiber	3H:544084309	3H:544079584	544079584	FALSE	0.1383	0.01022	1.9905
fiber_L08	fiber	3H:544084309	3H:544084309	544084309	TRUE	0.1602	5.726e-07	6.2422
fiber_L08	fiber	3H:544084309	3H:544085177	544085177	FALSE	0.1735	0.2865	0.5428
fiber_L08	fiber	3H:544084309	3H:544087609	544087609	FALSE	0.1478	0.01596	1.797
fiber_L08	fiber	3H:544084309	3H:544101173	544101173	FALSE	0.1674	0.264	0.5784
fiber_L08	fiber	3H:544084309	3H:544103194	544103194	FALSE	0.1572	0.9298	0.0316
fiber_L08	fiber	3H:544084309	3H:544106082	544106082	FALSE	0.1447	0.05344	1.2721
fiber_L08	fiber	3H:544084309	3H:544109738	544109738	FALSE	0.1453	0.1101	0.958
fiber_L08	fiber	3H:544084309	3H:544157696	544157696	FALSE	0.1106	0.004131	2.384
fiber_L08	fiber	3H:544084309	3H:544172519	544172519	FALSE	0.1485	0.05273	1.278
fiber_L08	fiber	3H:544084309	3H:544199195	544199195	FALSE	0.1429	0.0004343	3.3622
fiber_L08	fiber	3H:544084309	3H:544201836	544201836	FALSE	0.1299	0.0006471	3.189
fiber_L08	fiber	3H:544084309	3H:544204863	544204863	FALSE	0.1494	0.02329	1.6329
fiber_L08	fiber	3H:544084309	3H:544209394	544209394	FALSE	0.1703	0.1584	0.8003
fiber_L08	fiber	3H:544084309	3H:544213899	544213899	FALSE	0.1261	0.03206	1.494
fiber_L08	fiber	3H:544084309	3H:544214211	544214211	FALSE	0.1595	0.01472	1.8322
fiber_L08	fiber	3H:544084309	3H:544214515	544214515	FALSE	0.1348	0.00279	2.5544
fiber_L08	fiber	3H:544084309	3H:544214875	544214875	FALSE	0.1638	0.000603	3.2197
fiber_L08	fiber	3H:544084309	3H:544215879	544215879	FALSE	0.1331	0.00131	2.8828
fiber_L08	fiber	3H:544084309	3H:544216085	544216085	FALSE	0.1157	0.003469	2.4598
fiber_L08	fiber	3H:544084309	3H:544216102	544216102	FALSE	0.1261	0.004395	2.3571
fiber_L08	fiber	3H:544084309	3H:544216715	544216715	FALSE	0.1447	0.002338	2.6312
fiber_L08	fiber	3H:544084309	3H:544217062	544217062	FALSE	0.1373	0.0001438	3.8422
fiber_L08	fiber	3H:544084309	3H:544217229	544217229	FALSE	0.0921	0.7737	0.1115
fiber_L08	fiber	3H:544084309	3H:544218548	544218548	FALSE	0.0667	0.152	0.818
fiber_L08	fiber	3H:544084309	3H:544218841	544218841	FALSE	0.0533	0.2632	0.5797
fiber_L08	fiber	3H:544084309	3H:544220180	544220180	FALSE	0.0558	0.1493	0.8259
fiber_L08	fiber	3H:544084309	3H:544220283	544220283	FALSE	0.061	0.3263	0.4864
fiber_L08	fiber	3H:544084309	3H:544222668	544222668	FALSE	0.1048	0.001286	2.8909
fiber_L08	fiber	3H:544084309	3H:544223985	544223985	FALSE	0.094	0.2255	0.6468
fiber_L08	fiber	3H:544084309	3H:544226685	544226685	FALSE	0.1317	0.1445	0.84
fiber_L08	fiber	3H:544084309	3H:544226846	544226846	FALSE	0.1645	0.01345	1.8714
fiber_L08	fiber	3H:544084309	3H:544226980	544226980	FALSE	0.1538	0.001124	2.9493
fiber_L08	fiber	3H:544084309	3H:544227551	544227551	FALSE	0.1528	0.005944	2.2259
fiber_L08	fiber	3H:544084309	3H:544227915	544227915	FALSE	0.1181	0.01052	1.9778
fiber_L08	fiber	3H:544084309	3H:544228035	544228035	FALSE	0.1255	1.09e-05	4.9624
fiber_L08	fiber	3H:544084309	3H:544229805	544229805	FALSE	0.1435	0.001213	2.9161
fiber_L08	fiber	3H:544084309	3H:544229942	544229942	FALSE	0.1398	0.003743	2.4268
fiber_L08	fiber	3H:544084309	3H:544230249	544230249	FALSE	0.1197	0.05241	1.2806
fiber_L08	fiber	3H:544084309	3H:544230747	544230747	FALSE	0.1464	0.007099	2.1488
fiber_L08	fiber	3H:544084309	3H:544230819	544230819	FALSE	0.121	2.357e-05	4.6276
fiber_L08	fiber	3H:544084309	3H:544231196	544231196	FALSE	0.1311	0.006687	2.1748
fiber_L08	fiber	3H:544084309	3H:544232122	544232122	FALSE	0.1411	0.007281	2.1378
fiber_L08	fiber	3H:544084309	3H:544232125	544232125	FALSE	0.1417	0.004328	2.3638
fiber_L08	fiber	3H:544084309	3H:544232220	544232220	FALSE	0.1579	0.01397	1.8547
fiber_L08	fiber	3H:544084309	3H:544232497	544232497	FALSE	0.1429	0.0009132	3.0394
fiber_L08	fiber	3H:544084309	3H:544232530	544232530	FALSE	0.178	0.1928	0.7149
fiber_L08	fiber	3H:544084309	3H:544232693	544232693	FALSE	0.0766	0.3507	0.4551
fiber_L08	fiber	3H:544084309	3H:544233078	544233078	FALSE	0.1229	0.0005651	3.2479
fiber_L08	fiber	3H:544084309	3H:544233079	544233079	FALSE	0.1471	0.003456	2.4615
fiber_L08	fiber	3H:544084309	3H:544233088	544233088	FALSE	0.1496	0.001399	2.8541
fiber_L08	fiber	3H:544084309	3H:544233158	544233158	FALSE	0.1416	0.01408	1.8515
fiber_L08	fiber	3H:544084309	3H:544233235	544233235	FALSE	0.1282	0.000404	3.3936
fiber_L08	fiber	3H:544084309	3H:544233479	544233479	FALSE	0.1399	0.42	0.3767
fiber_L08	fiber	3H:544084309	3H:544234333	544234333	FALSE	0.1602	0.0001228	3.9107
fiber_L08	fiber	3H:544084309	3H:544235127	544235127	FALSE	0.1266	0.0007629	3.1176
fiber_L08	fiber	3H:544084309	3H:544235131	544235131	FALSE	0.1271	0.0007932	3.1006
fiber_L08	fiber	3H:544084309	3H:544239712	544239712	FALSE	0.1055	0.8898	0.0507
fiber_L08	fiber	3H:544084309	3H:544239719	544239719	FALSE	0.1134	0.3333	0.4772
fiber_L08	fiber	3H:544084309	3H:544239817	544239817	FALSE	0.1239	0.8692	0.0609
fiber_L08	fiber	3H:544084309	3H:544239822	544239822	FALSE	0.1229	0.8626	0.0642
fiber_L08	fiber	3H:544084309	3H:544240582	544240582	FALSE	0.1355	0.02263	1.6453
fiber_L08	fiber	3H:544084309	3H:544240691	544240691	FALSE	0.1179	0.0003102	3.5084
fiber_L08	fiber	3H:544084309	3H:544240692	544240692	FALSE	0.1174	0.0003214	3.4929
fiber_L08	fiber	3H:544084309	3H:544240719	544240719	FALSE	0.1162	0.000239	3.6216
fiber_L08	fiber	3H:544084309	3H:544240783	544240783	FALSE	0.1162	0.007117	2.1477
fiber_L08	fiber	3H:544084309	3H:544259239	544259239	FALSE	0.1522	0.006469	2.1892
fiber_L08	fiber	3H:544084309	3H:544259414	544259414	FALSE	0.1356	0.001257	2.9007
fiber_L08	fiber	3H:544084309	3H:544260035	544260035	FALSE	0.1356	0.1398	0.8545
fiber_L08	fiber	3H:544084309	3H:544260094	544260094	FALSE	0.1368	0.07487	1.1257
fiber_L08	fiber	3H:544084309	3H:544260111	544260111	FALSE	0.1336	0.1112	0.9539
fiber_L08	fiber	3H:544084309	3H:544260162	544260162	FALSE	0.1255	0.06431	1.1917
fiber_L08	fiber	3H:544084309	3H:544260334	544260334	FALSE	0.1416	0.03479	1.4586
fiber_L08	fiber	3H:544084309	3H:544260457	544260457	FALSE	0.136	0.0005273	3.2779
fiber_L08	fiber	3H:544084309	3H:544260460	544260460	FALSE	0.1349	0.0008308	3.0805
fiber_L08	fiber	3H:544084309	3H:544260472	544260472	FALSE	0.1452	0.003087	2.5105
fiber_L08	fiber	3H:544084309	3H:544260481	544260481	FALSE	0.1328	0.002072	2.6837
fiber_L08	fiber	3H:544084309	3H:544260720	544260720	FALSE	0.1082	0.0114	1.943
fiber_L08	fiber	3H:544084309	3H:544261747	544261747	FALSE	0.1477	0.002415	2.617
fiber_L08	fiber	3H:544084309	3H:544261950	544261950	FALSE	0.1399	0.002258	2.6462
fiber_L08	fiber	3H:544084309	3H:544262448	544262448	FALSE	0.1213	3.188e-06	5.4965
fiber_L08	fiber	3H:544084309	3H:544262561	544262561	FALSE	0.1392	0.0001042	3.9822
fiber_L08	fiber	3H:544084309	3H:544262650	544262650	FALSE	0.1245	6.841e-05	4.1649
fiber_L08	fiber	3H:544084309	3H:544263037	544263037	FALSE	0.1317	0.0005855	3.2325
fiber_L08	fiber	3H:544084309	3H:544263185	544263185	FALSE	0.1368	0.02712	1.5668
fiber_L08	fiber	3H:544084309	3H:544263286	544263286	FALSE	0.1239	0.01809	1.7424
fiber_L08	fiber	3H:544084309	3H:544263518	544263518	FALSE	0.1387	0.004087	2.3886
fiber_L08	fiber	3H:544084309	3H:544264635	544264635	FALSE	0.1696	0.1088	0.9635
fiber_L08	fiber	3H:544084309	3H:544264879	544264879	FALSE	0.1266	0.0001429	3.845
fiber_L08	fiber	3H:544084309	3H:544266251	544266251	FALSE	0.1393	0.0008302	3.0808
fiber_L08	fiber	3H:544084309	3H:544266377	544266377	FALSE	0.1391	0.0003704	3.4313
fiber_L08	fiber	3H:544084309	3H:544266628	544266628	FALSE	0.1166	0.004528	2.3441
fiber_L08	fiber	3H:544084309	3H:544266771	544266771	FALSE	0.0958	0.1803	0.7439
fiber_L08	fiber	3H:544084309	3H:544266984	544266984	FALSE	0.1387	0.007408	2.1303
fiber_L08	fiber	3H:544084309	3H:544266994	544266994	FALSE	0.1224	0.0009942	3.0025
fiber_L08	fiber	3H:544084309	3H:544267770	544267770	FALSE	0.1377	0.003082	2.5112
fiber_L08	fiber	3H:544084309	3H:544267822	544267822	FALSE	0.1405	0.006883	2.1622
fiber_L08	fiber	3H:544084309	3H:544268984	544268984	FALSE	0.1545	0.001042	2.9822
fiber_L08	fiber	3H:544084309	3H:544269332	544269332	FALSE	0.1564	0.0002414	3.6173
fiber_L08	fiber	3H:544084309	3H:544269443	544269443	FALSE	0.1328	0.001668	2.7777
fiber_L08	fiber	3H:544084309	3H:544269493	544269493	FALSE	0.1149	0.001694	2.7712
fiber_L08	fiber	3H:544084309	3H:544269518	544269518	FALSE	0.1218	0.003717	2.4298
fiber_L08	fiber	3H:544084309	3H:544269526	544269526	FALSE	0.1542	0.01865	1.7293
fiber_L08	fiber	3H:544084309	3H:544271698	544271698	FALSE	0.1193	0.01221	1.9134
fiber_L08	fiber	3H:544084309	3H:544271777	544271777	FALSE	0.1234	4.462e-05	4.3505
fiber_L08	fiber	3H:544084309	3H:544272205	544272205	FALSE	0.1397	0.05602	1.2517
fiber_L08	fiber	3H:544084309	3H:544272395	544272395	FALSE	0.1297	0.02795	1.5536
fiber_L08	fiber	3H:544084309	3H:544272585	544272585	FALSE	0.1478	0.0003973	3.4008
fiber_L08	fiber	3H:544084309	3H:544272664	544272664	FALSE	0.094	0.06438	1.1912
fiber_L08	fiber	3H:544084309	3H:544272993	544272993	FALSE	0.1355	0.1532	0.8148
fiber_L08	fiber	3H:544084309	3H:544284297	544284297	FALSE	0.1203	0.001025	2.9894
fiber_L08	fiber	3H:544084309	3H:544284326	544284326	FALSE	0.1405	0.004227	2.3739
fiber_L08	fiber	3H:544084309	3H:544303629	544303629	FALSE	0.1308	0.002427	2.6149
fiber_L08	fiber	3H:544084309	3H:544303729	544303729	FALSE	0.1923	0.007477	2.1263
fiber_L08	fiber	3H:544084309	3H:544303817	544303817	FALSE	0.1509	0.0007498	3.1251
fiber_L08	fiber	3H:544084309	3H:544303941	544303941	FALSE	0.1435	0.005503	2.2594
fiber_L08	fiber	3H:544084309	3H:544304061	544304061	FALSE	0.1548	0.02184	1.6608
fiber_L08	fiber	3H:544084309	3H:544304657	544304657	FALSE	0.1308	0.03437	1.4639
fiber_L08	fiber	3H:544084309	3H:544304665	544304665	FALSE	0.1314	0.02826	1.5488
fiber_L08	fiber	3H:544084309	3H:544305802	544305802	FALSE	0.1392	0.01058	1.9754
fiber_L08	fiber	3H:544084309	3H:544306308	544306308	FALSE	0.1174	0.04078	1.3895
fiber_L08	fiber	3H:544084309	3H:544306639	544306639	FALSE	0.125	0.001829	2.7377
fiber_L08	fiber	3H:544084309	3H:544306735	544306735	FALSE	0.1197	0.0007064	3.1509
fiber_L08	fiber	3H:544084309	3H:544307126	544307126	FALSE	0.1477	0.001471	2.8324
fiber_L08	fiber	3H:544084309	3H:544307427	544307427	FALSE	0.1652	0.07044	1.1522
fiber_L08	fiber	3H:544084309	3H:544308854	544308854	FALSE	0.1397	0.08821	1.0545
fiber_L08	fiber	3H:544084309	3H:544308894	544308894	FALSE	0.1373	0.01369	1.8637
fiber_L08	fiber	3H:544084309	3H:544309097	544309097	FALSE	0.1381	0.02094	1.679
fiber_L08	fiber	3H:544084309	3H:544309371	544309371	FALSE	0.133	0.121	0.9171
fiber_L08	fiber	3H:544084309	3H:544310086	544310086	FALSE	0.1169	0.0006009	3.2212
fiber_L08	fiber	3H:544084309	3H:544310097	544310097	FALSE	0.1948	0.02096	1.6786
fiber_L08	fiber	3H:544084309	3H:544310183	544310183	FALSE	0.1475	0.0002759	3.5592
fiber_L08	fiber	3H:544084309	3H:544310221	544310221	FALSE	0.1399	5.362e-05	4.2707
fiber_L08	fiber	3H:544084309	3H:544310471	544310471	FALSE	0.1276	0.0003339	3.4764
fiber_L08	fiber	3H:544084309	3H:544310545	544310545	FALSE	0.1266	3.738e-05	4.4273
fiber_L08	fiber	3H:544084309	3H:544312431	544312431	FALSE	0.1645	0.003557	2.4489
fiber_L08	fiber	3H:544084309	3H:544312438	544312438	FALSE	0.1513	0.001858	2.7311
fiber_L08	fiber	3H:544084309	3H:544312449	544312449	FALSE	0.1218	0.007864	2.1043
fiber_L08	fiber	3H:544084309	3H:544312743	544312743	FALSE	0.1416	0.0007585	3.12
fiber_L08	fiber	3H:544084309	3H:544312811	544312811	FALSE	0.1228	0.003838	2.4159
fiber_L08	fiber	3H:544084309	3H:544312891	544312891	FALSE	0.1212	0.001373	2.8623
fiber_L08	fiber	3H:544084309	3H:544313016	544313016	FALSE	0.1464	0.02049	1.6885
fiber_L08	fiber	3H:544084309	3H:544313054	544313054	FALSE	0.1459	0.01013	1.9946
fiber_L08	fiber	3H:544084309	3H:544313099	544313099	FALSE	0.1339	0.004396	2.3569
fiber_L08	fiber	3H:544084309	3H:544313622	544313622	FALSE	0.1319	0.01973	1.705
fiber_L08	fiber	3H:544084309	3H:544314057	544314057	FALSE	0.1435	0.001389	2.8572
fiber_L08	fiber	3H:544084309	3H:544314201	544314201	FALSE	0.1429	0.000563	3.2495
fiber_L08	fiber	3H:544084309	3H:544314226	544314226	FALSE	0.1293	0.005447	2.2639
fiber_L08	fiber	3H:544084309	3H:544314471	544314471	FALSE	0.1325	0.0001259	3.8998
fiber_L08	fiber	3H:544084309	3H:544329119	544329119	FALSE	0.1296	0.005232	2.2814
fiber_L08	fiber	3H:544084309	3H:544329254	544329254	FALSE	0.1452	0.0009178	3.0372
fiber_L08	fiber	3H:544084309	3H:544329265	544329265	FALSE	0.1388	0.006654	2.1769
fiber_L08	fiber	3H:544084309	3H:544329310	544329310	FALSE	0.1399	0.006985	2.1558
fiber_L08	fiber	3H:544084309	3H:544329347	544329347	FALSE	0.1417	0.0006979	3.1562
fiber_L08	fiber	3H:544084309	3H:544329614	544329614	FALSE	0.1502	0.02076	1.6829
fiber_L08	fiber	3H:544084309	3H:544330315	544330315	FALSE	0.1255	0.0003931	3.4055
fiber_L08	fiber	3H:544084309	3H:544330510	544330510	FALSE	0.1398	0.005003	2.3008
fiber_L08	fiber	3H:544084309	3H:544330777	544330777	FALSE	0.1333	0.02493	1.6032
fiber_L08	fiber	3H:544084309	3H:544331829	544331829	FALSE	0.1314	0.0001584	3.8002
fiber_L08	fiber	3H:544084309	3H:544333551	544333551	FALSE	0.125	0.003497	2.4563
fiber_L08	fiber	3H:544084309	3H:544333644	544333644	FALSE	0.1472	0.01573	1.8033
fiber_L08	fiber	3H:544084309	3H:544333645	544333645	FALSE	0.1387	0.01365	1.8647
fiber_L08	fiber	3H:544084309	3H:544333729	544333729	FALSE	0.1523	0.1268	0.8969
fiber_L08	fiber	3H:544084309	3H:544333752	544333752	FALSE	0.144	0.01199	1.921
fiber_L08	fiber	3H:544084309	3H:544333795	544333795	FALSE	0.1203	0.0008064	3.0934
fiber_L08	fiber	3H:544084309	3H:544333980	544333980	FALSE	0.125	0.02173	1.6628
fiber_L08	fiber	3H:544084309	3H:544333994	544333994	FALSE	0.1265	0.168	0.7748
fiber_L08	fiber	3H:544084309	3H:544334016	544334016	FALSE	0.125	0.1712	0.7666
fiber_L08	fiber	3H:544084309	3H:544334034	544334034	FALSE	0.1255	0.09671	1.0145
fiber_L08	fiber	3H:544084309	3H:544334038	544334038	FALSE	0.1292	0.2149	0.6678
fiber_L08	fiber	3H:544084309	3H:544334830	544334830	FALSE	0.1453	0.02539	1.5954
fiber_L08	fiber	3H:544084309	3H:544335194	544335194	FALSE	0.135	0.01798	1.7451
fiber_L08	fiber	3H:544084309	3H:544335224	544335224	FALSE	0.1429	0.005574	2.2539
fiber_L08	fiber	3H:544084309	3H:544335243	544335243	FALSE	0.1368	0.03122	1.5056
fiber_L08	fiber	3H:544084309	3H:544335283	544335283	FALSE	0.1362	0.278	0.556
fiber_L08	fiber	3H:544084309	3H:544335307	544335307	FALSE	0.1139	0.02202	1.6572
fiber_L08	fiber	3H:544084309	3H:544335566	544335566	FALSE	0.186	0.02702	1.5684
fiber_L08	fiber	3H:544084309	3H:544335947	544335947	FALSE	0.1417	0.0001153	3.9381
fiber_L08	fiber	3H:544084309	3H:544337662	544337662	FALSE	0.1522	0.01423	1.8467
fiber_L08	fiber	3H:544084309	3H:544338627	544338627	FALSE	0.1271	0.005434	2.2649
fiber_L08	fiber	3H:544084309	3H:544368533	544368533	FALSE	0.159	0.7391	0.1313
fiber_L08	fiber	3H:544084309	3H:544368750	544368750	FALSE	0.1639	0.008366	2.0775
fiber_L08	fiber	3H:544084309	3H:544368766	544368766	FALSE	0.1579	0.001581	2.8012
fiber_L08	fiber	3H:544084309	3H:544368939	544368939	FALSE	0.1506	0.01771	1.7519
fiber_L08	fiber	3H:544084309	3H:544369038	544369038	FALSE	0.166	0.007129	2.147
fiber_L08	fiber	3H:544084309	3H:544369681	544369681	FALSE	0.1489	0.00183	2.7375
fiber_L08	fiber	3H:544084309	3H:544370225	544370225	FALSE	0.1339	0.00282	2.5498
fiber_L08	fiber	3H:544084309	3H:544370725	544370725	FALSE	0.1416	0.001066	2.9724
fiber_L08	fiber	3H:544084309	3H:544370735	544370735	FALSE	0.1441	0.0007038	3.1526
fiber_L08	fiber	3H:544084309	3H:544371024	544371024	FALSE	0.1197	0.005555	2.2553
fiber_L08	fiber	3H:544084309	3H:544371057	544371057	FALSE	0.1597	0.02938	1.532
fiber_L08	fiber	3H:544084309	3H:544371072	544371072	FALSE	0.1472	0.001765	2.7532
fiber_L08	fiber	3H:544084309	3H:544371079	544371079	FALSE	0.1485	0.002391	2.6215
fiber_L08	fiber	3H:544084309	3H:544371138	544371138	FALSE	0.1496	0.002183	2.661
fiber_L08	fiber	3H:544084309	3H:544371145	544371145	FALSE	0.1282	2.811e-05	4.5511
fiber_L08	fiber	3H:544084309	3H:544371173	544371173	FALSE	0.1528	0.02255	1.6468
fiber_L08	fiber	3H:544084309	3H:544371191	544371191	FALSE	0.1535	0.001166	2.9332
fiber_L08	fiber	3H:544084309	3H:544371212	544371212	FALSE	0.1159	0.0001665	3.7787
fiber_L08	fiber	3H:544084309	3H:544372020	544372020	FALSE	0.1542	0.0003256	3.4873
fiber_L08	fiber	3H:544084309	3H:544372733	544372733	FALSE	0.1767	0.01886	1.7245
fiber_L08	fiber	3H:544084309	3H:544373186	544373186	FALSE	0.1472	0.02613	1.5829
fiber_L08	fiber	3H:544084309	3H:544373227	544373227	FALSE	0.1195	0.007027	2.1532
fiber_L08	fiber	3H:544084309	3H:544373382	544373382	FALSE	0.1272	0.0025	2.6021
fiber_L08	fiber	3H:544084309	3H:544373581	544373581	FALSE	0.1485	0.06111	1.2139
fiber_L08	fiber	3H:544084309	3H:544373635	544373635	FALSE	0.1459	0.03068	1.5131
fiber_L08	fiber	3H:544084309	3H:544373704	544373704	FALSE	0.1304	0.001654	2.7814
fiber_L08	fiber	3H:544084309	3H:544373812	544373812	FALSE	0.1342	0.09847	1.0067
fiber_L08	fiber	3H:544084309	3H:544373898	544373898	FALSE	0.1489	0.004816	2.3173
fiber_L08	fiber	3H:544084309	3H:544373913	544373913	FALSE	0.1519	0.002936	2.5322
fiber_L08	fiber	3H:544084309	3H:544373916	544373916	FALSE	0.1519	0.002936	2.5322
fiber_L08	fiber	3H:544084309	3H:544374465	544374465	FALSE	0.1239	0.0012	2.921
fiber_L08	fiber	3H:544084309	3H:544374481	544374481	FALSE	0.1186	0.0006357	3.1967
fiber_L08	fiber	3H:544084309	3H:544374608	544374608	FALSE	0.1454	0.00193	2.7145
fiber_L08	fiber	3H:544084309	3H:544374630	544374630	FALSE	0.1239	0.006331	2.1985
fiber_L08	fiber	3H:544084309	3H:544374743	544374743	FALSE	0.1404	0.0003114	3.5067
fiber_L08	fiber	3H:544084309	3H:544375116	544375116	FALSE	0.1062	0.1033	0.986
fiber_L08	fiber	3H:544084309	3H:544375269	544375269	FALSE	0.1384	0.04407	1.3558
fiber_L08	fiber	3H:544084309	3H:544375328	544375328	FALSE	0.1169	0.02155	1.6666
fiber_L08	fiber	3H:544084309	3H:544375362	544375362	FALSE	0.1106	0.03728	1.4286
fiber_L08	fiber	3H:544084309	3H:544375382	544375382	FALSE	0.1087	0.1251	0.9027
fiber_L08	fiber	3H:544084309	3H:544375649	544375649	FALSE	0.1277	0.2589	0.5869
fiber_L08	fiber	3H:544084309	3H:544376741	544376741	FALSE	0.1472	0.01286	1.8908
fiber_L08	fiber	3H:544084309	3H:544377273	544377273	FALSE	0.1518	0.3997	0.3982
fiber_L08	fiber	3H:544084309	3H:544377456	544377456	FALSE	0.146	0.001545	2.811
fiber_L08	fiber	3H:544084309	3H:544377671	544377671	FALSE	0.1348	0.002921	2.5344
fiber_L08	fiber	3H:544084309	3H:544378376	544378376	FALSE	0.136	0.01635	1.7865
fiber_L08	fiber	3H:544084309	3H:544379139	544379139	FALSE	0.1447	0.007307	2.1363
fiber_L08	fiber	3H:544084309	3H:544379415	544379415	FALSE	0.1301	0.000569	3.2449
fiber_L08	fiber	3H:544084309	3H:544379597	544379597	FALSE	0.1404	0.0009983	3.0007
fiber_L08	fiber	3H:544084309	3H:544380437	544380437	FALSE	0.1356	0.009843	2.0069
fiber_L08	fiber	3H:544084309	3H:544380877	544380877	FALSE	0.144	0.007253	2.1395
fiber_L08	fiber	3H:544084309	3H:544380930	544380930	FALSE	0.1387	7.333e-05	4.1347
fiber_L08	fiber	3H:544084309	3H:544381791	544381791	FALSE	0.1434	0.0003727	3.4286
fiber_L08	fiber	3H:544084309	3H:544381847	544381847	FALSE	0.1215	0.0001004	3.9981
fiber_L08	fiber	3H:544084309	3H:544381859	544381859	FALSE	0.1411	0.00693	2.1593
fiber_L08	fiber	3H:544084309	3H:544381864	544381864	FALSE	0.1411	0.001319	2.8797
fiber_L08	fiber	3H:544084309	3H:544381865	544381865	FALSE	0.1532	0.02528	1.5972
fiber_L08	fiber	3H:544084309	3H:544382131	544382131	FALSE	0.1176	0.001368	2.8639
fiber_L08	fiber	3H:544084309	3H:544382470	544382470	FALSE	0.1272	5.805e-05	4.2362
fiber_L08	fiber	3H:544084309	3H:544382487	544382487	FALSE	0.1169	1.163e-05	4.9346
fiber_L08	fiber	3H:544084309	3H:544382488	544382488	FALSE	0.1212	7.212e-05	4.142
fiber_L08	fiber	3H:544084309	3H:544383169	544383169	FALSE	0.1385	0.003004	2.5223
fiber_L08	fiber	3H:544084309	3H:544383626	544383626	FALSE	0.1483	0.00895	2.0482
fiber_L08	fiber	3H:544084309	3H:544383724	544383724	FALSE	0.1362	4.626e-05	4.3348
fiber_L08	fiber	3H:544084309	3H:544384173	544384173	FALSE	0.1356	0.02956	1.5293
fiber_L08	fiber	3H:544084309	3H:544384191	544384191	FALSE	0.1379	0.008004	2.0967
fiber_L08	fiber	3H:544084309	3H:544384528	544384528	FALSE	0.166	0.199	0.7012
fiber_L08	fiber	3H:544084309	3H:544384718	544384718	FALSE	0.1477	0.001605	2.7944
fiber_L08	fiber	3H:544084309	3H:544390773	544390773	FALSE	0.1364	0.0001749	3.7572
fiber_L08	fiber	3H:544084309	3H:544390778	544390778	FALSE	0.1405	2e-04	3.6989
fiber_L08	fiber	3H:544084309	3H:544391129	544391129	FALSE	0.1441	0.02742	1.562
fiber_L08	fiber	3H:544084309	3H:544391739	544391739	FALSE	0.1404	0.006886	2.162
fiber_L08	fiber	3H:544084309	3H:544393233	544393233	FALSE	0.1511	0.04239	1.3727
fiber_L08	fiber	3H:544084309	3H:544393557	544393557	FALSE	0.161	9.064e-06	5.0427
fiber_L08	fiber	3H:544084309	3H:544393661	544393661	FALSE	0.128	0.007841	2.1056
fiber_L08	fiber	3H:544084309	3H:544393974	544393974	FALSE	0.1368	0.07757	1.1103
fiber_L08	fiber	3H:544084309	3H:544394113	544394113	FALSE	0.1631	0.0005469	3.2621
fiber_L08	fiber	3H:544084309	3H:544395317	544395317	FALSE	0.095	0.003963	2.4019
fiber_L08	fiber	3H:544084309	3H:544396043	544396043	FALSE	0.105	0.00187	2.7281
fiber_L08	fiber	3H:544084309	3H:544396127	544396127	FALSE	0.1172	7.134e-05	4.1467
fiber_L08	fiber	3H:544084309	3H:544396177	544396177	FALSE	0.1288	0.0001219	3.9139
fiber_L08	fiber	3H:544084309	3H:544396179	544396179	FALSE	0.1293	0.000121	3.9172
fiber_L08	fiber	3H:544084309	3H:544396322	544396322	FALSE	0.1297	0.03439	1.4636
fiber_L08	fiber	3H:544084309	3H:544396323	544396323	FALSE	0.1297	0.03439	1.4636
fiber_L08	fiber	3H:544084309	3H:544396335	544396335	FALSE	0.1203	0.00203	2.6924
fiber_L08	fiber	3H:544084309	3H:544396735	544396735	FALSE	0.1164	0.002178	2.662
fiber_L08	fiber	3H:544084309	3H:544397153	544397153	FALSE	0.133	0.01033	1.9858
fiber_L08	fiber	3H:544084309	3H:544397511	544397511	FALSE	0.1144	0.1445	0.8403
fiber_L08	fiber	3H:544084309	3H:544398532	544398532	FALSE	0.1478	0.02729	1.564
fiber_L08	fiber	3H:544084309	3H:544398539	544398539	FALSE	0.1217	0.007972	2.0984
fiber_L08	fiber	3H:544084309	3H:544399034	544399034	FALSE	0.175	0.05327	1.2735
fiber_L08	fiber	3H:544084309	3H:544399349	544399349	FALSE	0.1327	0.00013	3.8862
fiber_L08	fiber	3H:544084309	3H:544402153	544402153	FALSE	0.1382	0.002021	2.6945
fiber_L08	fiber	3H:544084309	3H:544402156	544402156	FALSE	0.1423	0.002138	2.6699
fiber_L08	fiber	3H:544084309	3H:544409275	544409275	FALSE	0.1515	0.001812	2.7418
fiber_L08	fiber	3H:544084309	3H:544409298	544409298	FALSE	0.1459	0.003287	2.4832
fiber_L08	fiber	3H:544084309	3H:544410852	544410852	FALSE	0.1659	0.000631	3.2
fiber_L08	fiber	3H:544084309	3H:544423345	544423345	FALSE	0.1083	0.00329	2.4828
fiber_L08	fiber	3H:544084309	3H:544435732	544435732	FALSE	0.1469	0.0001443	3.8407
fiber_L08	fiber	3H:544084309	3H:544435794	544435794	FALSE	0.1325	3.642e-05	4.4386
fiber_L08	fiber	3H:544084309	3H:544435845	544435845	FALSE	0.0763	0.04099	1.3873
fiber_L08	fiber	3H:544084309	3H:544435996	544435996	FALSE	0.1423	0.0003411	3.4671
fiber_L08	fiber	3H:544084309	3H:544436236	544436236	FALSE	0.1368	0.01436	1.8429
fiber_L08	fiber	3H:544084309	3H:544436294	544436294	FALSE	0.1261	0.0005197	3.2843
fiber_L08	fiber	3H:544084309	3H:544436318	544436318	FALSE	0.1288	0.0002273	3.6434
fiber_L08	fiber	3H:544084309	3H:544436339	544436339	FALSE	0.1213	0.002211	2.6553
fiber_L08	fiber	3H:544084309	3H:544437178	544437178	FALSE	0.1422	0.01106	1.9562
fiber_L08	fiber	3H:544084309	3H:544437537	544437537	FALSE	0.1522	2.575e-05	4.5892
fiber_L08	fiber	3H:544084309	3H:544438738	544438738	FALSE	0.1381	0.002055	2.6871
fiber_L08	fiber	3H:544084309	3H:544438867	544438867	FALSE	0.1441	0.005051	2.2966
fiber_L08	fiber	3H:544084309	3H:544440795	544440795	FALSE	0.1447	0.002367	2.6259
fiber_L08	fiber	3H:544084309	3H:544440810	544440810	FALSE	0.1458	0.0002328	3.633
fiber_L08	fiber	3H:544084309	3H:544441208	544441208	FALSE	0.1342	0.1899	0.7214
fiber_L08	fiber	3H:544084309	3H:544441256	544441256	FALSE	0.1522	0.5767	0.239
fiber_L08	fiber	3H:544084309	3H:544441294	544441294	FALSE	0.1435	0.4502	0.3466
fiber_L08	fiber	3H:544084309	3H:544441359	544441359	FALSE	0.1404	0.1162	0.9349
fiber_L08	fiber	3H:544084309	3H:544441424	544441424	FALSE	0.1366	0.01435	1.8431
fiber_L08	fiber	3H:544084309	3H:544441997	544441997	FALSE	0.1404	0.02054	1.6874
fiber_L08	fiber	3H:544084309	3H:544447746	544447746	FALSE	0.1138	0.0003258	3.4871
fiber_L08	fiber	3H:544084309	3H:544450110	544450110	FALSE	0.1471	0.3314	0.4796
fiber_L08	fiber	3H:544084309	3H:544450118	544450118	FALSE	0.1266	0.06668	1.176
fiber_L08	fiber	3H:544084309	3H:544455817	544455817	FALSE	0.1529	0.09721	1.0123
fiber_L08	fiber	3H:544084309	3H:544469047	544469047	FALSE	0.1229	0.104	0.983
fiber_L08	fiber	3H:544084309	3H:544469645	544469645	FALSE	0.133	0.08142	1.0892
fiber_L08	fiber	3H:544084309	3H:544470125	544470125	FALSE	0.1154	0.00327	2.4855
fiber_L08	fiber	3H:544084309	3H:544472718	544472718	FALSE	0.1561	0.002639	2.5785
fiber_L08	fiber	3H:544084309	3H:544474741	544474741	FALSE	0.1457	0.01418	1.8482
fiber_L08	fiber	3H:544084309	3H:544475314	544475314	FALSE	0.1532	0.001291	2.8889
fiber_L08	fiber	3H:544084309	3H:544476468	544476468	FALSE	0.1475	0.4285	0.368
fiber_L08	fiber	3H:544084309	3H:544476469	544476469	FALSE	0.1475	0.4285	0.368
fiber_L08	fiber	3H:544084309	3H:544476612	544476612	FALSE	0.1125	0.4107	0.3865
fiber_L08	fiber	3H:544084309	3H:544476787	544476787	FALSE	0.1734	0.5596	0.2521
fiber_L08	fiber	3H:544084309	3H:544478262	544478262	FALSE	0.1434	0.9817	0.008
fiber_L08	fiber	3H:544084309	3H:544478806	544478806	FALSE	0.105	0.03238	1.4897
fiber_L08	fiber	3H:544084309	3H:544480329	544480329	FALSE	0.1336	0.003977	2.4004
fiber_L08	fiber	3H:544084309	3H:544480384	544480384	FALSE	0.1603	0.1097	0.9599
fiber_L08	fiber	3H:544084309	3H:544480588	544480588	FALSE	0.1574	0.9961	0.0017
fiber_L08	fiber	3H:544084309	3H:544481110	544481110	FALSE	0.1555	0.6316	0.1996
fiber_L08	fiber	3H:544084309	3H:544488005	544488005	FALSE	0.1435	0.3386	0.4704
fiber_L08	fiber	3H:544084309	3H:544488613	544488613	FALSE	0.1695	0.05302	1.2756
fiber_L08	fiber	3H:544084309	3H:544488622	544488622	FALSE	0.2155	0.05812	1.2357
fiber_L08	fiber	3H:544084309	3H:544488885	544488885	FALSE	0.1807	0.005979	2.2234
fiber_L08	fiber	3H:544084309	3H:544489314	544489314	FALSE	0.1689	0.00219	2.6596
fiber_L08	fiber	3H:544084309	3H:544492963	544492963	FALSE	0.1368	0.9776	0.0098
fiber_L08	fiber	3H:544084309	3H:544493016	544493016	FALSE	0.1522	0.1332	0.8756
fiber_L08	fiber	3H:544084309	3H:544493600	544493600	FALSE	0.1159	0.0008406	3.0754
fiber_L08	fiber	3H:544084309	3H:544494099	544494099	FALSE	0.1653	0.06429	1.1919
fiber_L08	fiber	3H:544084309	3H:544494115	544494115	FALSE	0.1674	0.1526	0.8164
fiber_L08	fiber	3H:544084309	3H:544494213	544494213	FALSE	0.1333	0.03334	1.4771
fiber_L08	fiber	3H:544084309	3H:544494289	544494289	FALSE	0.1833	0.03537	1.4514
fiber_L08	fiber	3H:544084309	3H:544494439	544494439	FALSE	0.1416	8.84e-06	5.0536
fiber_L08	fiber	3H:544084309	3H:544494737	544494737	FALSE	0.1397	0.06658	1.1767
fiber_L08	fiber	3H:544084309	3H:544495809	544495809	FALSE	0.141	0.0407	1.3904
fiber_L08	fiber	3H:544084309	3H:544500269	544500269	FALSE	0.1293	0.00154	2.8125
fiber_L08	fiber	3H:544084309	3H:544502553	544502553	FALSE	0.1574	0.009594	2.018
fiber_L08	fiber	3H:544084309	3H:544502639	544502639	FALSE	0.1583	0.1493	0.8261
fiber_L08	fiber	3H:544084309	3H:544523402	544523402	FALSE	0.1538	0.04129	1.3842
fiber_L08	fiber	3H:544084309	3H:544523474	544523474	FALSE	0.1646	0.04044	1.3932
fiber_L08	fiber	3H:544084309	3H:544523822	544523822	FALSE	0.148	0.1489	0.8271
fiber_L08	fiber	3H:544084309	3H:544524600	544524600	FALSE	0.1197	0.3701	0.4317
fiber_L08	fiber	3H:544084309	3H:544524675	544524675	FALSE	0.1489	0.09825	1.0077
fiber_L08	fiber	3H:544084309	3H:544526073	544526073	FALSE	0.1434	0.0001401	3.8536
fiber_L08	fiber	3H:544084309	3H:544526502	544526502	FALSE	0.1458	0.1222	0.9129
fiber_L08	fiber	3H:544084309	3H:544526963	544526963	FALSE	0.146	0.01492	1.8262
fiber_L08	fiber	3H:544084309	3H:544527122	544527122	FALSE	0.1333	0.1645	0.7839
fiber_L08	fiber	3H:544084309	3H:544527146	544527146	FALSE	0.1292	0.2971	0.5271
fiber_L08	fiber	3H:544084309	3H:544527535	544527535	FALSE	0.1538	0.02871	1.542
fiber_L08	fiber	3H:544084309	3H:544527896	544527896	FALSE	0.1217	0.9418	0.026
fiber_L08	fiber	3H:544084309	3H:544528630	544528630	FALSE	0.1208	7.606e-05	4.1188
fiber_L08	fiber	3H:544084309	3H:544530218	544530218	FALSE	0.1393	0.03552	1.4496
fiber_L08	fiber	3H:544084309	3H:544531291	544531291	FALSE	0.1266	4.512e-05	4.3456
fiber_L08	fiber	3H:544084309	3H:544531314	544531314	FALSE	0.149	0.1145	0.9412
fiber_L08	fiber	3H:544084309	3H:544532108	544532108	FALSE	0.2025	0.08138	1.0895
fiber_L08	fiber	3H:544084309	3H:544532329	544532329	FALSE	0.1281	0.006021	2.2204
fiber_L08	fiber	3H:544084309	3H:544532564	544532564	FALSE	0.1276	0.0001226	3.9114
fiber_L08	fiber	3H:544084309	3H:544532593	544532593	FALSE	0.1516	0.03262	1.4865
fiber_L08	fiber	3H:544084309	3H:544533023	544533023	FALSE	0.1561	0.07409	1.1303
fiber_L08	fiber	3H:544084309	3H:544533570	544533570	FALSE	0.1477	0.2909	0.5363
fiber_L08	fiber	3H:544084309	3H:544533754	544533754	FALSE	0.166	0.04882	1.3114
fiber_L08	fiber	3H:544084309	3H:544535014	544535014	FALSE	0.1515	0.02107	1.6764
fiber_L08	fiber	3H:544084309	3H:544535059	544535059	FALSE	0.1513	0.06737	1.1715
fiber_L08	fiber	3H:544084309	3H:544537294	544537294	FALSE	0.1288	0.001119	2.9513
fiber_L08	fiber	3H:544084309	3H:544537368	544537368	FALSE	0.1366	0.002342	2.6304
fiber_L08	fiber	3H:544084309	3H:544537389	544537389	FALSE	0.1498	0.01885	1.7248
fiber_L08	fiber	3H:544084309	3H:544537552	544537552	FALSE	0.139	0.4737	0.3245
fiber_L08	fiber	3H:544084309	3H:544537684	544537684	FALSE	0.1179	0.004261	2.3705
fiber_L08	fiber	3H:544084309	3H:544539589	544539589	FALSE	0.1572	0.1023	0.9899
fiber_L08	fiber	3H:544084309	3H:544539729	544539729	FALSE	0.1458	0.7508	0.1245
fiber_L08	fiber	3H:544084309	3H:544540468	544540468	FALSE	0.1371	0.004496	2.3472
fiber_L08	fiber	3H:544084309	3H:544548484	544548484	FALSE	0.1579	0.003189	2.4964
fiber_L08	fiber	3H:544084309	3H:544550561	544550561	FALSE	0.1277	0.001344	2.8715
fiber_L08	fiber	3H:544084309	3H:544551968	544551968	FALSE	0.1179	0.1267	0.8971
fiber_L08	fiber	3H:544084309	3H:544552297	544552297	FALSE	0.1271	6.611e-05	4.1797
fiber_L08	fiber	3H:544084309	3H:544553006	544553006	FALSE	0.1195	0.9312	0.031
fiber_L08	fiber	3H:544084309	3H:544553084	544553084	FALSE	0.1429	0.879	0.056
fiber_L08	fiber	3H:544084309	3H:544553480	544553480	FALSE	0.1509	0.3166	0.4996
fiber_L08	fiber	3H:544084309	3H:544554652	544554652	FALSE	0.1073	0.1191	0.924
fiber_L08	fiber	3H:544084309	3H:544556467	544556467	FALSE	0.146	0.008876	2.0518
fiber_L08	fiber	3H:544084309	3H:544556977	544556977	FALSE	0.1483	0.004219	2.3748
fiber_L08	fiber	3H:544084309	3H:544557846	544557846	FALSE	0.1244	0.03517	1.4538
fiber_L08	fiber	3H:544084309	3H:544567389	544567389	FALSE	0.1311	0.6014	0.2208
fiber_L08	fiber	3H:544084309	3H:544567472	544567472	FALSE	0.1377	0.5838	0.2338
fiber_L08	fiber	3H:544084309	3H:544567487	544567487	FALSE	0.1349	0.7851	0.1051
fiber_L08	fiber	3H:544084309	3H:544567506	544567506	FALSE	0.1169	0.4183	0.3785
fiber_L08	fiber	3H:544084309	3H:544568489	544568489	FALSE	0.1726	0.04265	1.37
fiber_L08	fiber	3H:544084309	3H:544571143	544571143	FALSE	0.1195	0.2045	0.6894
fiber_L08	fiber	3H:544084309	3H:544571959	544571959	FALSE	0.1174	0.06345	1.1976
fiber_L08	fiber	3H:544084309	3H:544572566	544572566	FALSE	0.1435	0.5865	0.2317
fiber_L08	fiber	3H:544084309	3H:544573804	544573804	FALSE	0.1039	0.01468	1.8332
fiber_L08	fiber	3H:544084309	3H:544573945	544573945	FALSE	0.1322	0.01018	1.9924
fiber_L08	fiber	3H:544084309	3H:544575073	544575073	FALSE	0.2146	0.1473	0.8318
fiber_L08	fiber	3H:544084309	3H:544575258	544575258	FALSE	0.1991	0.2	0.6989
fiber_L08	fiber	3H:544084309	3H:544575260	544575260	FALSE	0.2009	0.215	0.6675
fiber_L08	fiber	3H:544084309	3H:544576613	544576613	FALSE	0.1909	0.2131	0.6715
fiber_L08	fiber	3H:544084309	3H:544577033	544577033	FALSE	0.1266	0.00133	2.8761
fiber_L08	fiber	3H:544084309	3H:544577921	544577921	FALSE	0.1373	0.01644	1.784
fiber_L08	fiber	3H:544084309	3H:544578201	544578201	FALSE	0.1266	0.8679	0.0615
fiber_L08	fiber	3H:544084309	3H:544578293	544578293	FALSE	0.1272	0.5583	0.2532
fiber_L08	fiber	3H:544084309	3H:544578556	544578556	FALSE	0.1623	0.03758	1.425
fiber_L08	fiber	3H:544084309	3H:544585193	544585193	FALSE	0.2391	0.00788	2.1035
fiber_L08	fiber	3H:544084309	3H:544586724	544586724	FALSE	0.2561	0.7118	0.1477
fiber_L08	fiber	3H:544084309	3H:544598103	544598103	FALSE	0.2328	0.8981	0.0467
fiber_L08	fiber	3H:544084309	3H:544632507	544632507	FALSE	0.1197	8.642e-05	4.0634
fiber_L08	fiber	3H:544084309	3H:544635208	544635208	FALSE	0.1079	0.0004557	3.3413
fiber_L08	fiber	3H:544084309	3H:544635825	544635825	FALSE	0.1528	0.4726	0.3255
fiber_L08	fiber	3H:544084309	3H:544635930	544635930	FALSE	0.251	0.249	0.6037
fiber_L08	fiber	3H:544084309	3H:544636023	544636023	FALSE	0.1581	0.4862	0.3132
fiber_L08	fiber	3H:544084309	3H:544636448	544636448	FALSE	0.161	0.003678	2.4343
fiber_L08	fiber	3H:544084309	3H:544636913	544636913	FALSE	0.1179	0.0003917	3.407
fiber_L08	fiber	3H:544084309	3H:544647870	544647870	FALSE	0.1583	0.6703	0.1738
fiber_L08	fiber	3H:544084309	3H:544648438	544648438	FALSE	0.1121	0.07379	1.132
fiber_L08	fiber	3H:544084309	3H:544657890	544657890	FALSE	0.1255	0.09209	1.0358
fiber_L08	fiber	3H:544084309	3H:544658049	544658049	FALSE	0.1429	0.8831	0.054
fiber_L08	fiber	3H:544084309	3H:544659344	544659344	FALSE	0.1574	0.008689	2.061
fiber_L08	fiber	3H:544084309	3H:544660436	544660436	FALSE	0.1515	0.1063	0.9735
fiber_L08	fiber	3H:544084309	3H:544660609	544660609	FALSE	0.1398	0.02425	1.6152
fiber_L08	fiber	3H:544084309	3H:544660652	544660652	FALSE	0.1429	0.2249	0.648
fiber_L08	fiber	3H:544084309	3H:544660762	544660762	FALSE	0.1453	0.0308	1.5115
fiber_L08	fiber	3H:544084309	3H:544678784	544678784	FALSE	0.1278	0.7455	0.1275
fiber_L08	fiber	3H:544084309	3H:544727433	544727433	FALSE	0.1645	0.003769	2.4238
fiber_L08	fiber	3H:544084309	3H:544730486	544730486	FALSE	0.1405	0.05197	1.2843
fiber_L08	fiber	3H:544084309	3H:544732881	544732881	FALSE	0.1481	0.05273	1.278
fiber_L08	fiber	3H:544084309	3H:544734020	544734020	FALSE	0.1929	0.003815	2.4185
fiber_L08	fiber	3H:544084309	3H:544738387	544738387	FALSE	0.1471	0.5038	0.2977
fiber_L08	fiber	3H:544084309	3H:544738438	544738438	FALSE	0.1125	0.002838	2.547
fiber_L08	fiber	3H:544084309	3H:544738504	544738504	FALSE	0.1483	0.01921	1.7165
fiber_L08	fiber	3H:544084309	3H:544738566	544738566	FALSE	0.1557	0.007574	2.1207
fiber_L08	fiber	3H:544084309	3H:544739153	544739153	FALSE	0.1398	0.3651	0.4375
fiber_L08	fiber	3H:544084309	3H:544739933	544739933	FALSE	0.1469	0.05476	1.2615
fiber_L08	fiber	3H:544084309	3H:544739970	544739970	FALSE	0.1502	0.1924	0.7158
fiber_L08	fiber	3H:544084309	3H:544749201	544749201	FALSE	0.1462	0.03307	1.4805
fiber_L08	fiber	3H:544084309	3H:544749524	544749524	FALSE	0.1588	0.08039	1.0948
fiber_L08	fiber	3H:544084309	3H:544764339	544764339	FALSE	0.1375	0.08929	1.0492
fiber_L08	fiber	3H:544084309	3H:544767272	544767272	FALSE	0.1474	0.004122	2.3848
fiber_L08	fiber	3H:544084309	3H:544768151	544768151	FALSE	0.1528	0.01531	1.8152
fiber_L08	fiber	3H:544084309	3H:544770637	544770637	FALSE	0.1411	0.03516	1.4539
fiber_L08	fiber	3H:544084309	3H:544771745	544771745	FALSE	0.124	0.0002205	3.6565
fiber_L08	fiber	3H:544084309	3H:544773058	544773058	FALSE	0.148	0.01393	1.856
fiber_L08	fiber	3H:544084309	3H:544776494	544776494	FALSE	0.1468	0.3359	0.4738
fiber_L08	fiber	3H:544084309	3H:544776578	544776578	FALSE	0.1371	0.2172	0.6631
fiber_L08	fiber	3H:544084309	3H:544777187	544777187	FALSE	0.1229	0.05833	1.2341
fiber_L08	fiber	3H:544084309	3H:544777750	544777750	FALSE	0.1143	0.0006177	3.2092
fiber_L08	fiber	3H:544084309	3H:544778382	544778382	FALSE	0.1224	0.1744	0.7585
fiber_L08	fiber	3H:544084309	3H:544780556	544780556	FALSE	0.1303	0.01509	1.8214
fiber_L08	fiber	3H:544084309	3H:544781232	544781232	FALSE	0.1595	0.3872	0.4121
fiber_L08	fiber	3H:544084309	3H:544781828	544781828	FALSE	0.1417	0.0009487	3.0229
fiber_L08	fiber	3H:544084309	3H:544781862	544781862	FALSE	0.1382	0.00269	2.5703
fiber_L08	fiber	3H:544084309	3H:544782756	544782756	FALSE	0.1579	0.08949	1.0482
fiber_L08	fiber	3H:544084309	3H:544783162	544783162	FALSE	0.1331	0.0001719	3.7646
fiber_L08	fiber	3H:544084309	3H:544783254	544783254	FALSE	0.1565	0.2143	0.6689
fiber_L08	fiber	3H:544084309	3H:544787220	544787220	FALSE	0.14	0.002425	2.6153
fiber_L08	fiber	3H:544084309	3H:544787654	544787654	FALSE	0.126	0.002382	2.623
fiber_L08	fiber	3H:544084309	3H:544787797	544787797	FALSE	0.1538	0.001582	2.8007
fiber_L08	fiber	3H:544084309	3H:544789274	544789274	FALSE	0.1085	0.02859	1.5438
fiber_L08	fiber	3H:544084309	3H:544789279	544789279	FALSE	0.1377	0.09212	1.0356
fiber_L08	fiber	3H:544084309	3H:544798706	544798706	FALSE	0.1339	0.002203	2.6569
fiber_L08	fiber	3H:544084309	3H:544799291	544799291	FALSE	0.1349	0.4053	0.3922
fiber_L08	fiber	3H:544084309	3H:544799618	544799618	FALSE	0.123	0.433	0.3635
fiber_L08	fiber	3H:544084309	3H:544801832	544801832	FALSE	0.1213	0.01502	1.8232
fiber_L08	fiber	3H:544084309	3H:544801837	544801837	FALSE	0.1317	0.08631	1.0639
fiber_L08	fiber	3H:544084309	3H:544801845	544801845	FALSE	0.1477	0.1026	0.9887
fiber_L08	fiber	3H:544084309	3H:544801865	544801865	FALSE	0.1525	0.1585	0.7999
fiber_L08	fiber	3H:544084309	3H:544803163	544803163	FALSE	0.2059	0.08112	1.0909
fiber_L08	fiber	3H:544084309	3H:544805022	544805022	FALSE	0.1101	0.01058	1.9756
fiber_L08	fiber	3H:544084309	3H:544807172	544807172	FALSE	0.2193	0.02004	1.6981
fiber_L08	fiber	3H:544084309	3H:544807832	544807832	FALSE	0.1405	0.0002996	3.5234
fiber_L08	fiber	3H:544084309	3H:544808550	544808550	FALSE	0.1522	0.09582	1.0186
fiber_L08	fiber	3H:544084309	3H:544808634	544808634	FALSE	0.1292	2.906e-05	4.5367
fiber_L08	fiber	3H:544084309	3H:544809936	544809936	FALSE	0.1555	0.00974	2.0114
fiber_L08	fiber	3H:544084309	3H:544809945	544809945	FALSE	0.1555	0.008318	2.08
fiber_L08	fiber	3H:544084309	3H:544810761	544810761	FALSE	0.1179	0.02565	1.591
fiber_L08	fiber	3H:544084309	3H:544810763	544810763	FALSE	0.1457	0.2918	0.5348
fiber_L08	fiber	3H:544084309	3H:544813306	544813306	FALSE	0.1557	0.00205	2.6882
fiber_L08	fiber	3H:544084309	3H:544813928	544813928	FALSE	0.1434	0.006348	2.1974
fiber_L08	fiber	3H:544084309	3H:544816003	544816003	FALSE	0.141	0.03296	1.482
fiber_L08	fiber	3H:544084309	3H:544816144	544816144	FALSE	0.141	0.0002467	3.6078
fiber_L08	fiber	3H:544084309	3H:544816464	544816464	FALSE	0.1224	0.04982	1.3026
fiber_L08	fiber	3H:544084309	3H:544816657	544816657	FALSE	0.1502	0.262	0.5817
fiber_L08	fiber	3H:544084309	3H:544817497	544817497	FALSE	0.1942	0.05251	1.2797
fiber_L08	fiber	3H:544084309	3H:544819017	544819017	FALSE	0.1169	0.0008585	3.0663
fiber_L08	fiber	3H:544084309	3H:544819083	544819083	FALSE	0.1281	1.221e-06	5.9134
fiber_L08	fiber	3H:544084309	3H:544837287	544837287	FALSE	0.1293	0.02816	1.5504
fiber_L08	fiber	3H:544084309	3H:544838376	544838376	FALSE	0.131	0.9944	0.0024
fiber_L08	fiber	3H:544084309	3H:544838626	544838626	FALSE	0.2552	0.04576	1.3395
fiber_L08	fiber	3H:544084309	3H:544839228	544839228	FALSE	0.1387	0.6892	0.1617
fiber_L08	fiber	3H:544084309	3H:544839806	544839806	FALSE	0.155	0.09156	1.0383
fiber_L08	fiber	3H:544084309	3H:544840716	544840716	FALSE	0.1483	0.1032	0.9864
fiber_L08	fiber	3H:544084309	3H:544840833	544840833	FALSE	0.1235	0.001402	2.8533
fiber_L08	fiber	3H:544084309	3H:544842280	544842280	FALSE	0.1398	0.3305	0.4809
fiber_L08	fiber	3H:544084309	3H:544842313	544842313	FALSE	0.1417	0.1521	0.818
fiber_L08	fiber	3H:544084309	3H:544843554	544843554	FALSE	0.1434	0.07335	1.1346
fiber_L08	fiber	3H:544084309	3H:544850610	544850610	FALSE	0.1488	0.007466	2.1269
fiber_L08	fiber	3H:544084309	3H:544850730	544850730	FALSE	0.1429	0.1082	0.9657
fiber_L08	fiber	3H:544084309	3H:544858001	544858001	FALSE	0.1458	0.1808	0.7428
fiber_L08	fiber	3H:544084309	3H:544872354	544872354	FALSE	0.126	0.2535	0.596
fiber_L08	fiber	3H:544084309	3H:544872838	544872838	FALSE	0.1134	0.001351	2.8695
fiber_L08	fiber	3H:544084309	3H:544881486	544881486	FALSE	0.1319	0.04078	1.3895
fiber_L08	fiber	3H:544084309	3H:544881862	544881862	FALSE	0.1356	0.0002437	3.6131
fiber_L08	fiber	3H:544084309	3H:544882259	544882259	FALSE	0.1308	0.01253	1.9022
fiber_L08	fiber	3H:544084309	3H:544883209	544883209	FALSE	0.1102	0.09782	1.0096
fiber_L08	fiber	3H:544084309	3H:544883778	544883778	FALSE	0.1845	0.0008156	3.0885
fiber_L08	fiber	3H:544084309	3H:544884082	544884082	FALSE	0.1223	0.1742	0.7589
fiber_L08	fiber	3H:544084309	3H:544884087	544884087	FALSE	0.1261	0.0859	1.066
fiber_L08	fiber	3H:544084309	3H:544885002	544885002	FALSE	0.1197	0.3411	0.4671
fiber_L08	fiber	3H:544084309	3H:544885385	544885385	FALSE	0.1371	0.0206	1.6862
fiber_L08	fiber	3H:544084309	3H:544885468	544885468	FALSE	0.1306	0.002395	2.6206
fiber_L08	fiber	3H:544084309	3H:544904212	544904212	FALSE	0.1381	0.051	1.2925
fiber_L08	fiber	3H:544084309	3H:544904223	544904223	FALSE	0.2355	0.06114	1.2137
fiber_L08	fiber	3H:544084309	3H:544912161	544912161	FALSE	0.1339	0.3837	0.416
fiber_L08	fiber	3H:544084309	3H:544912647	544912647	FALSE	0.1365	0.0003997	3.3982
fiber_L08	fiber	3H:544084309	3H:544912669	544912669	FALSE	0.1235	2.793e-05	4.554
fiber_L08	fiber	3H:544084309	3H:544915555	544915555	FALSE	0.1186	0.03603	1.4433
fiber_L08	fiber	3H:544084309	3H:544916121	544916121	FALSE	0.1565	0.003272	2.4851
fiber_L08	fiber	3H:544084309	3H:544916229	544916229	FALSE	0.1303	0.0007527	3.1234
fiber_L08	fiber	3H:544084309	3H:544916667	544916667	FALSE	0.135	0.0003186	3.4967
fiber_L08	fiber	3H:544084309	3H:544919954	544919954	FALSE	0.1365	1.483e-05	4.829
fiber_L08	fiber	3H:544084309	3H:544920056	544920056	FALSE	0.1389	0.0003706	3.4311
fiber_L08	fiber	3H:544084309	3H:544920671	544920671	FALSE	0.1502	0.0001449	3.8391
fiber_L08	fiber	3H:544084309	3H:544921858	544921858	FALSE	0.1356	0.04627	1.3347
fiber_L08	fiber	3H:544084309	3H:544922316	544922316	FALSE	0.1463	0.001771	2.7518
fiber_L08	fiber	3H:544084309	3H:544922528	544922528	FALSE	0.1339	0.07225	1.1412
fiber_L08	fiber	3H:544084309	3H:544925242	544925242	FALSE	0.1325	0.002889	2.5393
fiber_L08	fiber	3H:544084309	3H:544925246	544925246	FALSE	0.1356	7.913e-05	4.1017
fiber_L08	fiber	3H:544084309	3H:544925626	544925626	FALSE	0.1261	0.08379	1.0768
fiber_L08	fiber	3H:544084309	3H:544926015	544926015	FALSE	0.1265	0.003374	2.4718
fiber_L08	fiber	3H:544084309	3H:544926426	544926426	FALSE	0.1552	2.916e-06	5.5352
fiber_L08	fiber	3H:544084309	3H:544928725	544928725	FALSE	0.1551	0.116	0.9355
fiber_L08	fiber	3H:544084309	3H:544928730	544928730	FALSE	0.1516	0.1233	0.909
fiber_L08	fiber	3H:544084309	3H:544931487	544931487	FALSE	0.1475	0.002248	2.6481
fiber_L08	fiber	3H:544084309	3H:544935869	544935869	FALSE	0.141	0.0003848	3.4148
fiber_L08	fiber	3H:544084309	3H:544936362	544936362	FALSE	0.1379	0.402	0.3958
fiber_L08	fiber	3H:544084309	3H:544936396	544936396	FALSE	0.1429	0.6111	0.2139
fiber_L08	fiber	3H:544084309	3H:544936401	544936401	FALSE	0.113	0.2712	0.5667
fiber_L08	fiber	3H:544084309	3H:544937083	544937083	FALSE	0.15	0.1678	0.7753
fiber_L08	fiber	3H:544084309	3H:544937500	544937500	FALSE	0.1348	0.1959	0.708
fiber_L08	fiber	3H:544084309	3H:544937637	544937637	FALSE	0.1145	0.2885	0.5399
fiber_L08	fiber	3H:544084309	3H:544938205	544938205	FALSE	0.1452	0.7935	0.1004
fiber_L08	fiber	3H:544084309	3H:544938341	544938341	FALSE	0.1375	0.9343	0.0295
fiber_L08	fiber	3H:544084309	3H:544939166	544939166	FALSE	0.1154	0.0007528	3.1233
fiber_L08	fiber	3H:544084309	3H:544939235	544939235	FALSE	0.1417	0.04078	1.3896
fiber_L08	fiber	3H:544084309	3H:544939523	544939523	FALSE	0.1284	0.002728	2.5642
fiber_L08	fiber	3H:544084309	3H:544940506	544940506	FALSE	0.1525	0.3329	0.4777
fiber_L08	fiber	3H:544084309	3H:544940588	544940588	FALSE	0.1466	0.00454	2.3429
fiber_L08	fiber	3H:544084309	3H:544940929	544940929	FALSE	0.1189	0.002811	2.5512
fiber_L08	fiber	3H:544084309	3H:544941587	544941587	FALSE	0.2254	0.2127	0.6723
fiber_L08	fiber	3H:544084309	3H:544947980	544947980	FALSE	0.1255	0.4203	0.3764
fiber_L08	fiber	3H:544084309	3H:544948032	544948032	FALSE	0.1674	0.009486	2.0229
fiber_L08	fiber	3H:544084309	3H:544952812	544952812	FALSE	0.1395	0.1432	0.8441
fiber_L08	fiber	3H:544084309	3H:544966562	544966562	FALSE	0.146	0.4825	0.3165
fiber_L08	fiber	3H:544084309	3H:544973139	544973139	FALSE	0.1277	4.911e-06	5.3089
fiber_L08	fiber	3H:544084309	3H:544974317	544974317	FALSE	0.1429	0.391	0.4078
fiber_L08	fiber	3H:544084309	3H:545002123	545002123	FALSE	0.1795	0.3113	0.5068
fiber_L08	fiber	3H:544084309	3H:545002139	545002139	FALSE	0.2043	0.2062	0.6857
fiber_L08	fiber	3H:544084309	3H:545002164	545002164	FALSE	0.1387	0.1427	0.8456
fiber_L08	fiber	3H:544084309	3H:545002186	545002186	FALSE	0.2049	0.3807	0.4194
fiber_L08	fiber	3H:544084309	3H:545002229	545002229	FALSE	0.1755	0.1658	0.7805
fiber_L08	fiber	3H:544084309	3H:545002387	545002387	FALSE	0.1472	0.7179	0.1439
fiber_L08	fiber	3H:544084309	3H:545002620	545002620	FALSE	0.1811	0.2843	0.5463
fiber_L08	fiber	3H:544084309	3H:545002856	545002856	FALSE	0.1829	0.7188	0.1434
fiber_L08	fiber	3H:544084309	3H:545002885	545002885	FALSE	0.1568	0.1287	0.8904
fiber_L08	fiber	3H:544084309	3H:545002940	545002940	FALSE	0.2284	0.5122	0.2905
fiber_L08	fiber	3H:544084309	3H:545002972	545002972	FALSE	0.187	0.3526	0.4528
fiber_L08	fiber	3H:544084309	3H:545003366	545003366	FALSE	0.157	0.00407	2.3904
fiber_L08	fiber	3H:544084309	3H:545003442	545003442	FALSE	0.1713	0.6795	0.1678
fiber_L08	fiber	3H:544084309	3H:545004845	545004845	FALSE	0.1453	0.03178	1.4978
fiber_L08	fiber	3H:544084309	3H:545004916	545004916	FALSE	0.2186	0.1027	0.9886
fiber_L08	fiber	3H:544084309	3H:545004990	545004990	FALSE	0.1818	0.07914	1.1016
fiber_L08	fiber	3H:544084309	3H:545005732	545005732	FALSE	0.1276	4.818e-06	5.3171
fiber_L08	fiber	3H:544084309	3H:545006075	545006075	FALSE	0.1681	0.1842	0.7347
fiber_L08	fiber	3H:544084309	3H:545006214	545006214	FALSE	0.1652	0.03173	1.4986
fiber_L08	fiber	3H:544084309	3H:545019358	545019358	FALSE	0.102	0.0017	2.7696
fiber_L08	fiber	3H:544084309	3H:545020263	545020263	FALSE	0.1488	0.148	0.8297
fiber_L08	fiber	3H:544084309	3H:545020264	545020264	FALSE	0.1557	0.05339	1.2725
fiber_L08	fiber	3H:544084309	3H:545020309	545020309	FALSE	0.1525	0.1554	0.8085
fiber_L08	fiber	3H:544084309	3H:545022317	545022317	FALSE	0.1822	0.2177	0.6622
fiber_L08	fiber	3H:544084309	3H:545024699	545024699	FALSE	0.144	0.9991	4e-04
fiber_L08	fiber	3H:544084309	3H:545025437	545025437	FALSE	0.1239	0.05083	1.2938
fiber_L08	fiber	3H:544084309	3H:545026337	545026337	FALSE	0.1362	3.487e-05	4.4576
fiber_L08	fiber	3H:544084309	3H:545026355	545026355	FALSE	0.1208	0.001357	2.8675
fiber_L08	fiber	3H:544084309	3H:545031024	545031024	FALSE	0.1741	0.2742	0.5619
fiber_L08	fiber	3H:544084309	3H:545031337	545031337	FALSE	0.175	0.0868	1.0615
fiber_L08	fiber	3H:544084309	3H:545032912	545032912	FALSE	0.1957	0.983	0.0075
fiber_L08	fiber	3H:544084309	3H:545034041	545034041	FALSE	0.1667	0.6681	0.1752
fiber_L08	fiber	3H:544084309	3H:545034157	545034157	FALSE	0.1522	0.402	0.3958
fiber_L08	fiber	3H:544084309	3H:545034539	545034539	FALSE	0.1878	0.9202	0.0361
fiber_L08	fiber	3H:544084309	3H:545035217	545035217	FALSE	0.1193	0.0008518	3.0696
fiber_L08	fiber	3H:544084309	3H:545035528	545035528	FALSE	0.187	0.5679	0.2457
fiber_L08	fiber	3H:544084309	3H:545037504	545037504	FALSE	0.1483	0.2094	0.6791
fiber_L08	fiber	3H:544084309	3H:545037807	545037807	FALSE	0.1673	0.07814	1.1071
fiber_L08	fiber	3H:544084309	3H:545037942	545037942	FALSE	0.1565	0.07797	1.1081
fiber_L08	fiber	3H:544084309	3H:545038558	545038558	FALSE	0.1577	0.5083	0.2939
fiber_L08	fiber	3H:544084309	3H:545038816	545038816	FALSE	0.1384	0.7048	0.1519
fiber_L08	fiber	3H:544084309	3H:545052833	545052833	FALSE	0.1189	0.02089	1.6801
fiber_L08	fiber	3H:544084309	3H:545054339	545054339	FALSE	0.1429	0.006179	2.2091
fiber_L08	fiber	3H:544084309	3H:545055364	545055364	FALSE	0.0969	0.005924	2.2274
fiber_L08	fiber	3H:544084309	3H:545056768	545056768	FALSE	0.1857	0.4259	0.3707
fiber_L08	fiber	3H:544084309	3H:545058976	545058976	FALSE	0.2134	0.01743	1.7588
fiber_L08	fiber	3H:544084309	3H:545060263	545060263	FALSE	0.2	0.2631	0.5799
fiber_L08	fiber	3H:544084309	3H:545060526	545060526	FALSE	0.1528	0.1726	0.763
fiber_L08	fiber	3H:544084309	3H:545067988	545067988	FALSE	0.0928	0.01535	1.8139
fiber_L08	fiber	3H:544084309	3H:545069070	545069070	FALSE	0.0964	0.04184	1.3785
fiber_L08	fiber	3H:544084309	3H:545069118	545069118	FALSE	0.0949	0.02445	1.6117
fiber_L08	fiber	3H:544084309	3H:545069168	545069168	FALSE	0.1032	0.008555	2.0678
fiber_L08	fiber	3H:544084309	3H:545069569	545069569	FALSE	0.0826	0.8439	0.0737
fiber_L08	fiber	3H:544084309	3H:545070028	545070028	FALSE	0.0935	0.2257	0.6465
fiber_L08	fiber	3H:544084309	3H:545070337	545070337	FALSE	0.0691	0.05657	1.2474
fiber_L08	fiber	3H:544084309	3H:545072300	545072300	FALSE	0.0795	0.05916	1.2279
fiber_L08	fiber	3H:544084309	3H:545073127	545073127	FALSE	0.1179	9.09e-05	4.0414
fiber_L08	fiber	3H:544084309	3H:545073181	545073181	FALSE	0.105	0.00626	2.2034
fiber_L08	fiber	3H:544084309	3H:545073183	545073183	FALSE	0.0987	0.0006253	3.2039
fiber_L08	fiber	3H:544084309	3H:545073549	545073549	FALSE	0.1149	4.263e-06	5.3703
fiber_L08	fiber	3H:544084309	3H:545073802	545073802	FALSE	0.0805	0.05759	1.2397
fiber_L08	fiber	3H:544084309	3H:545073831	545073831	FALSE	0.079	0.2047	0.689
fiber_L08	fiber	3H:544084309	3H:545087582	545087582	FALSE	0.0678	0.002026	2.6933
fiber_L08	fiber	3H:544084309	3H:545087842	545087842	FALSE	0.1089	0.002053	2.6877
fiber_L08	fiber	3H:544084309	3H:545087876	545087876	FALSE	0.1423	0.0008325	3.0796
fiber_L08	fiber	3H:544084309	3H:545089284	545089284	FALSE	0.1036	0.04652	1.3323
fiber_L08	fiber	3H:544084309	3H:545089888	545089888	FALSE	0.0833	0.3771	0.4235
fiber_L08	fiber	3H:544084309	3H:545089986	545089986	FALSE	0.0927	0.1857	0.7312
fiber_L08	fiber	3H:544084309	3H:545090130	545090130	FALSE	0.0992	0.3563	0.4481
fiber_L08	fiber	3H:544084309	3H:545090162	545090162	FALSE	0.1012	0.755	0.1221
fiber_L08	fiber	3H:544084309	3H:545103735	545103735	FALSE	0.1162	0.01492	1.8264
fiber_L08	fiber	3H:544084309	3H:545104324	545104324	FALSE	0.0887	0.013	1.8862
fiber_L08	fiber	3H:544084309	3H:545104369	545104369	FALSE	0.1047	0.4157	0.3813
fiber_L08	fiber	3H:544084309	3H:545104782	545104782	FALSE	0.1167	0.0003118	3.5061
fiber_L08	fiber	3H:544084309	3H:545104828	545104828	FALSE	0.0972	0.04733	1.3248
fiber_L08	fiber	3H:544084309	3H:545106264	545106264	FALSE	0.1024	0.001692	2.7716
fiber_L08	fiber	3H:544084309	3H:545115679	545115679	FALSE	0.0956	0.00773	2.1118
fiber_L08	fiber	3H:544084309	3H:545115944	545115944	FALSE	0.1128	0.005102	2.2923
fiber_L08	fiber	3H:544084309	3H:545116072	545116072	FALSE	0.116	0.001619	2.7907
fiber_L08	fiber	3H:544084309	3H:545116141	545116141	FALSE	0.1029	0.08488	1.0712
fiber_L08	fiber	3H:544084309	3H:545116182	545116182	FALSE	0.102	0.02294	1.6394
fiber_L08	fiber	3H:544084309	3H:545116231	545116231	FALSE	0.1074	0.1328	0.8767
fiber_L08	fiber	3H:544084309	3H:545116535	545116535	FALSE	0.0984	0.03525	1.4528
fiber_L08	fiber	3H:544084309	3H:545116843	545116843	FALSE	0.0857	0.7823	0.1066
fiber_L08	fiber	3H:544084309	3H:545117861	545117861	FALSE	0.1453	0.003092	2.5097
fiber_L08	fiber	3H:544084309	3H:545117864	545117864	FALSE	0.1245	0.008117	2.0906
fiber_L08	fiber	3H:544084309	3H:545117912	545117912	FALSE	0.1519	0.07296	1.1369
fiber_L08	fiber	3H:544084309	3H:545118030	545118030	FALSE	0.1349	0.04628	1.3346
fiber_L08	fiber	3H:544084309	3H:545119583	545119583	FALSE	0.0913	0.1185	0.9264
fiber_L08	fiber	3H:544084309	3H:545127370	545127370	FALSE	0.1303	0.0006327	3.1988
fiber_L08	fiber	3H:544084309	3H:545127722	545127722	FALSE	0.087	0.4176	0.3792
fiber_L08	fiber	3H:544084309	3H:545127782	545127782	FALSE	0.084	0.8206	0.0859
fiber_L08	fiber	3H:544084309	3H:545127987	545127987	FALSE	0.1033	0.3698	0.432
fiber_L08	fiber	3H:544084309	3H:545128680	545128680	FALSE	0.113	0.01136	1.9445
fiber_L08	fiber	3H:544084309	3H:545129340	545129340	FALSE	0.0882	0.0293	1.5331
fiber_L08	fiber	3H:544084309	3H:545130667	545130667	FALSE	0.102	0.0006585	3.1815
fiber_L08	fiber	3H:544084309	3H:545131038	545131038	FALSE	0.1137	0.0009074	3.0422
fiber_L08	fiber	3H:544084309	3H:545131786	545131786	FALSE	0.1	0.2045	0.6894
fiber_L08	fiber	3H:544084309	3H:545132019	545132019	FALSE	0.0977	0.09066	1.0426
fiber_L08	fiber	3H:544084309	3H:545132201	545132201	FALSE	0.0945	0.0889	1.0511
fiber_L08	fiber	3H:544084309	3H:545132871	545132871	FALSE	0.096	0.05529	1.2573
fiber_L08	fiber	3H:544084309	3H:545133062	545133062	FALSE	0.0984	0.002405	2.6189
fiber_L08	fiber	3H:544084309	3H:545133188	545133188	FALSE	0.1059	0.001124	2.9494
fiber_L08	fiber	3H:544084309	3H:545133339	545133339	FALSE	0.1205	0.001916	2.7177
fiber_L08	fiber	3H:544084309	3H:545133372	545133372	FALSE	0.125	0.0005847	3.2331
fiber_L08	fiber	3H:544084309	3H:545144435	545144435	FALSE	0.214	0.03707	1.431
fiber_L08	fiber	3H:544084309	3H:545146068	545146068	FALSE	0.0819	0.1283	0.8919
fiber_L08	fiber	3H:544084309	3H:545146346	545146346	FALSE	0.0969	0.08745	1.0582
fiber_L08	fiber	3H:544084309	3H:545148781	545148781	FALSE	0.0925	0.0001315	3.8811
fiber_L08	fiber	3H:544084309	3H:545152258	545152258	FALSE	0.0871	0.5537	0.2568
fiber_L08	fiber	3H:544084309	3H:545152276	545152276	FALSE	0.0894	0.6946	0.1582
fiber_L08	fiber	3H:544084309	3H:545152317	545152317	FALSE	0.085	0.4693	0.3286
fiber_L08	fiber	3H:544084309	3H:545153215	545153215	FALSE	0.088	0.4129	0.3841
fiber_L08	fiber	3H:544084309	3H:545153342	545153342	FALSE	0.0891	0.2804	0.5523
fiber_L08	fiber	3H:544084309	3H:545153479	545153479	FALSE	0.1163	0.1264	0.8984
fiber_L08	fiber	3H:544084309	3H:545153555	545153555	FALSE	0.081	0.2755	0.5599
fiber_L08	fiber	3H:544084309	3H:545154631	545154631	FALSE	0.1081	0.02239	1.65
fiber_L08	fiber	3H:544084309	3H:545155200	545155200	FALSE	0.1093	1.608e-05	4.7937
fiber_L08	fiber	3H:544084309	3H:545156096	545156096	FALSE	0.0913	0.002143	2.669
fiber_L08	fiber	3H:544084309	3H:545157244	545157244	FALSE	0.0744	0.3719	0.4296
fiber_L08	fiber	3H:544084309	3H:545157354	545157354	FALSE	0.0887	0.1408	0.8515
fiber_L08	fiber	3H:544084309	3H:545157465	545157465	FALSE	0.1224	0.0444	1.3526
fiber_L08	fiber	3H:544084309	3H:545157509	545157509	FALSE	0.1261	0.001283	2.8917
fiber_L08	fiber	3H:544084309	3H:545157514	545157514	FALSE	0.1026	0.02125	1.6726
fiber_L08	fiber	3H:544084309	3H:545157576	545157576	FALSE	0.0875	0.04202	1.3765
fiber_L08	fiber	3H:544084309	3H:545157728	545157728	FALSE	0.0772	0.4687	0.3291
fiber_L08	fiber	3H:544084309	3H:545157813	545157813	FALSE	0.1083	0.2225	0.6526
fiber_L08	fiber	3H:544084309	3H:545158149	545158149	FALSE	0.1165	0.01238	1.9072
fiber_L08	fiber	3H:544084309	3H:545158469	545158469	FALSE	0.1146	0.02953	1.5297
fiber_L08	fiber	3H:544084309	3H:545158753	545158753	FALSE	0.1042	0.2042	0.6899
fiber_L08	fiber	3H:544084309	3H:545158988	545158988	FALSE	0.085	0.1441	0.8414
fiber_L08	fiber	3H:544084309	3H:545159226	545159226	FALSE	0.1362	1.192e-06	5.9237
fiber_L08	fiber	3H:544084309	3H:545159258	545159258	FALSE	0.1718	5.135e-06	5.2895
fiber_L08	fiber	3H:544084309	3H:545160315	545160315	FALSE	0.103	0.8202	0.0861
fiber_L08	fiber	3H:544084309	3H:545160590	545160590	FALSE	0.0837	0.01312	1.882
fiber_L08	fiber	3H:544084309	3H:545160728	545160728	FALSE	0.0871	0.01484	1.8285
fiber_L08	fiber	3H:544084309	3H:545160864	545160864	FALSE	0.082	0.2242	0.6494
fiber_L08	fiber	3H:544084309	3H:545161148	545161148	FALSE	0.1138	0.2205	0.6566
fiber_L08	fiber	3H:544084309	3H:545161858	545161858	FALSE	0.0897	0.3866	0.4127
fiber_L08	fiber	3H:544084309	3H:545162677	545162677	FALSE	0.0968	0.04024	1.3953
fiber_L08	fiber	3H:544084309	3H:545162954	545162954	FALSE	0.1031	0.2226	0.6525
fiber_L08	fiber	3H:544084309	3H:545163188	545163188	FALSE	0.0973	0.0173	1.7619
fiber_L08	fiber	3H:544084309	3H:545163431	545163431	FALSE	0.1076	0.1311	0.8824
fiber_L08	fiber	3H:544084309	3H:545163585	545163585	FALSE	0.084	0.05489	1.2605
fiber_L08	fiber	3H:544084309	3H:545164109	545164109	FALSE	0.0927	0.06385	1.1949
fiber_L08	fiber	3H:544084309	3H:545164779	545164779	FALSE	0.0988	0.01021	1.9908
fiber_L08	fiber	3H:544084309	3H:545165226	545165226	FALSE	0.1292	0.0001183	3.927
fiber_L08	fiber	3H:544084309	3H:545165237	545165237	FALSE	0.108	0.02481	1.6053
fiber_L08	fiber	3H:544084309	3H:545165362	545165362	FALSE	0.0969	0.03043	1.5167
fiber_L08	fiber	3H:544084309	3H:545165762	545165762	FALSE	0.1143	2.741e-05	4.5621
fiber_L08	fiber	3H:544084309	3H:545165889	545165889	FALSE	0.1205	0.0005189	3.2849
fiber_L08	fiber	3H:544084309	3H:545165909	545165909	FALSE	0.1282	0.0005162	3.2872
fiber_L08	fiber	3H:544084309	3H:545166220	545166220	FALSE	0.102	0.0161	1.7931
fiber_L08	fiber	3H:544084309	3H:545167419	545167419	FALSE	0.0927	0.0009954	3.002
fiber_L08	fiber	3H:544084309	3H:545168240	545168240	FALSE	0.1155	0.01924	1.7159
fiber_L08	fiber	3H:544084309	3H:545172592	545172592	FALSE	0.0939	0.004483	2.3484
fiber_L08	fiber	3H:544084309	3H:545172807	545172807	FALSE	0.1157	0.0001785	3.7483
fiber_L08	fiber	3H:544084309	3H:545173029	545173029	FALSE	0.1088	0.05911	1.2283
fiber_L08	fiber	3H:544084309	3H:545173112	545173112	FALSE	0.1167	0.009377	2.0279
fiber_L08	fiber	3H:544084309	3H:545174622	545174622	FALSE	0.1167	0.0283	1.5483
fiber_L08	fiber	3H:544084309	3H:545183665	545183665	FALSE	0.0603	0.005253	2.2796
fiber_L08	fiber	3H:544084309	3H:545183739	545183739	FALSE	0.0736	0.0001802	3.7441
fiber_L08	fiber	3H:544084309	3H:545184588	545184588	FALSE	0.085	2.434e-05	4.6137
fiber_L08	fiber	3H:544084309	3H:545185304	545185304	FALSE	0.1094	0.01159	1.9357
fiber_L08	fiber	3H:544084309	3H:545185987	545185987	FALSE	0.1048	0.3169	0.499
fiber_L08	fiber	3H:544084309	3H:545186186	545186186	FALSE	0.0802	0.6219	0.2063
fiber_L08	fiber	3H:544084309	3H:545186398	545186398	FALSE	0.0741	0.1376	0.8615
fiber_L08	fiber	3H:544084309	3H:545186576	545186576	FALSE	0.1057	0.0002219	3.6539
fiber_L08	fiber	3H:544084309	3H:545186988	545186988	FALSE	0.1152	0.000501	3.3002
fiber_L08	fiber	3H:544084309	3H:545187279	545187279	FALSE	0.112	0.02187	1.6602
fiber_L08	fiber	3H:544084309	3H:545187578	545187578	FALSE	0.1205	0.005869	2.2314
fiber_L08	fiber	3H:544084309	3H:545187637	545187637	FALSE	0.119	0.0008291	3.0814
fiber_L08	fiber	3H:544084309	3H:545187972	545187972	FALSE	0.0945	0.1362	0.8659
fiber_L08	fiber	3H:544084309	3H:545188687	545188687	FALSE	0.107	0.01008	1.9966
fiber_L08	fiber	3H:544084309	3H:545188836	545188836	FALSE	0.1142	0.001714	2.7661
fiber_L08	fiber	3H:544084309	3H:545191872	545191872	FALSE	0.1371	0.0001648	3.7831
fiber_L08	fiber	3H:544084309	3H:545191891	545191891	FALSE	0.1183	0.001874	2.7272
fiber_L08	fiber	3H:544084309	3H:545192023	545192023	FALSE	0.127	0.006183	2.2088
fiber_L08	fiber	3H:544084309	3H:545193408	545193408	FALSE	0.097	0.1546	0.8107
fiber_L08	fiber	3H:544084309	3H:545193701	545193701	FALSE	0.1036	0.5654	0.2477
fiber_L08	fiber	3H:544084309	3H:545194231	545194231	FALSE	0.0931	0.2035	0.6914
fiber_L08	fiber	3H:544084309	3H:545194442	545194442	FALSE	0.0996	0.002071	2.6839
fiber_L08	fiber	3H:544084309	3H:545196483	545196483	FALSE	0.1144	0.0704	1.1524
fiber_L08	fiber	3H:544084309	3H:545197197	545197197	FALSE	0.1477	3.81e-05	4.4191
fiber_L08	fiber	3H:544084309	3H:545199604	545199604	FALSE	0.0925	0.02499	1.6022
fiber_L08	fiber	3H:544084309	3H:545205425	545205425	FALSE	0.1034	0.001091	2.9622
fiber_L08	fiber	3H:544084309	3H:545206396	545206396	FALSE	0.1187	0.5741	0.241
fiber_L08	fiber	3H:544084309	3H:545206908	545206908	FALSE	0.1071	0.23	0.6383
fiber_L08	fiber	3H:544084309	3H:545207189	545207189	FALSE	0.113	0.1199	0.921
fiber_L08	fiber	3H:544084309	3H:545207264	545207264	FALSE	0.1195	0.009694	2.0135
fiber_L08	fiber	3H:544084309	3H:545207331	545207331	FALSE	0.1037	0.02356	1.6279
fiber_L08	fiber	3H:544084309	3H:545209476	545209476	FALSE	0.1549	0.00035	3.456
fiber_L08	fiber	3H:544084309	3H:545209478	545209478	FALSE	0.1549	0.00035	3.456
fiber_L08	fiber	3H:544084309	3H:545209872	545209872	FALSE	0.1381	0.1046	0.9807
fiber_L08	fiber	3H:544084309	3H:545211578	545211578	FALSE	0.1067	0.7455	0.1275
fiber_L08	fiber	3H:544084309	3H:545211682	545211682	FALSE	0.1328	5.751e-05	4.2402
fiber_L08	fiber	3H:544084309	3H:545211958	545211958	FALSE	0.127	0.02132	1.6713
fiber_L08	fiber	3H:544084309	3H:545213486	545213486	FALSE	0.0723	0.3109	0.5073
fiber_L08	fiber	3H:544084309	3H:545213851	545213851	FALSE	0.0568	0.8117	0.0906
fiber_L08	fiber	3H:544084309	3H:545241651	545241651	FALSE	0.1179	0.005417	2.2663
fiber_L08	fiber	3H:544084309	3H:545242748	545242748	FALSE	0.1593	1.854e-06	5.732
fiber_L08	fiber	3H:544084309	3H:545254512	545254512	FALSE	0.1488	0.001952	2.7095
fiber_L08	fiber	3H:544084309	3H:545254586	545254586	FALSE	0.1029	0.0883	1.054
fiber_L08	fiber	3H:544084309	3H:545255371	545255371	FALSE	0.1795	7.327e-07	6.1351
fiber_L08	fiber	3H:544084309	3H:545256703	545256703	FALSE	0.2116	0.06998	1.155
fiber_L08	fiber	3H:544084309	3H:545256704	545256704	FALSE	0.1181	0.0008394	3.076
fiber_L08	fiber	3H:544084309	3H:545257240	545257240	FALSE	0.1347	0.0016	2.796
fiber_L08	fiber	3H:544084309	3H:545261266	545261266	FALSE	0.1229	0.0538	1.2692
fiber_L08	fiber	3H:544084309	3H:545267602	545267602	FALSE	0.1404	0.1464	0.8345
fiber_L08	fiber	3H:544084309	3H:545267637	545267637	FALSE	0.1224	0.1027	0.9883
fiber_L08	fiber	3H:544084309	3H:545279158	545279158	FALSE	0.1638	0.01221	1.9134
fiber_L08	fiber	3H:544084309	3H:545280819	545280819	FALSE	0.1245	0.0006268	3.2029
fiber_L08	fiber	3H:544084309	3H:545281509	545281509	FALSE	0.0983	0.07644	1.1167
fiber_L08	fiber	3H:544084309	3H:545282670	545282670	FALSE	0.1845	0.01295	1.8877
fiber_L08	fiber	3H:544084309	3H:545294036	545294036	FALSE	0.1486	0.001002	2.9991
fiber_L08	fiber	3H:544084309	3H:545296022	545296022	FALSE	0.1739	0.003114	2.5067
fiber_L08	fiber	3H:544084309	3H:545296273	545296273	FALSE	0.1545	0.001302	2.8855
fiber_L08	fiber	3H:544084309	3H:545296598	545296598	FALSE	0.1379	0.1108	0.9554
fiber_L08	fiber	3H:544084309	3H:545318018	545318018	FALSE	0.1841	0.2528	0.5972
fiber_L08	fiber	3H:544084309	3H:545321697	545321697	FALSE	0.1616	0.0003008	3.5217
fiber_L08	fiber	3H:544084309	3H:545331407	545331407	FALSE	0.1322	0.003937	2.4048
fiber_L08	fiber	3H:544084309	3H:545331411	545331411	FALSE	0.1625	0.007784	2.1088
fiber_L08	fiber	3H:544084309	3H:545348845	545348845	FALSE	0.1709	0.002209	2.6558
fiber_L08	fiber	3H:544084309	3H:545358368	545358368	FALSE	0.1556	0.02067	1.6847
fiber_L08	fiber	3H:544084309	3H:545365279	545365279	FALSE	0.1245	0.0002119	3.6738
fiber_L08	fiber	3H:544084309	3H:545365737	545365737	FALSE	0.1826	0.001957	2.7085
fiber_L08	fiber	3H:544084309	3H:545395164	545395164	FALSE	0.1538	0.001533	2.8146
fiber_L08	fiber	3H:544084309	3H:545395223	545395223	FALSE	0.1285	0.0003172	3.4986
fiber_L08	fiber	3H:544084309	3H:545396455	545396455	FALSE	0.1631	0.03679	1.4343
fiber_L08	fiber	3H:544084309	3H:545398986	545398986	FALSE	0.1303	0.03913	1.4075
fiber_L08	fiber	3H:544084309	3H:545411659	545411659	FALSE	0.1844	0.0003376	3.4716
fiber_L08	fiber	3H:544084309	3H:545436988	545436988	FALSE	0.2034	0.05936	1.2265
fiber_L08	fiber	3H:544084309	3H:545437207	545437207	FALSE	0.1715	0.03675	1.4347
fiber_L08	fiber	3H:544084309	3H:545437220	545437220	FALSE	0.2614	0.009003	2.0456
fiber_L08	fiber	3H:544084309	3H:545437373	545437373	FALSE	0.2389	0.3107	0.5077
fiber_L08	fiber	3H:544084309	3H:545437615	545437615	FALSE	0.1581	0.8631	0.0639
fiber_L08	fiber	3H:544084309	3H:545437660	545437660	FALSE	0.1228	0.00812	2.0904
fiber_L08	fiber	3H:544084309	3H:545438348	545438348	FALSE	0.1907	0.04222	1.3745
fiber_L08	fiber	3H:544084309	3H:545439267	545439267	FALSE	0.1983	0.1126	0.9485
fiber_L08	fiber	3H:544084309	3H:545439507	545439507	FALSE	0.194	0.0733	1.1349
fiber_L08	fiber	3H:544084309	3H:545454849	545454849	FALSE	0.1755	0.0132	1.8795
fiber_L08	fiber	3H:544084309	3H:545455013	545455013	FALSE	0.1796	0.0105	1.9789
fiber_L08	fiber	3H:544084309	3H:545455302	545455302	FALSE	0.1303	0.007142	2.1462
fiber_L08	fiber	3H:544084309	3H:545456715	545456715	FALSE	0.1336	2.779e-05	4.5561
fiber_L08	fiber	3H:544084309	3H:545459847	545459847	FALSE	0.2009	0.08775	1.0568
fiber_L08	fiber	3H:544084309	3H:545471008	545471008	FALSE	0.1174	0.1843	0.7346
fiber_L08	fiber	3H:544084309	3H:545472127	545472127	FALSE	0.1888	0.04991	1.3019
fiber_L08	fiber	3H:544084309	3H:545472380	545472380	FALSE	0.1515	4.965e-05	4.3041
fiber_L08	fiber	3H:544084309	3H:545472590	545472590	FALSE	0.185	0.001418	2.8483
fiber_L08	fiber	3H:544084309	3H:545473310	545473310	FALSE	0.1888	0.08784	1.0563
fiber_L08	fiber	3H:544084309	3H:545474795	545474795	FALSE	0.1846	0.003845	2.4152
fiber_L08	fiber	3H:544084309	3H:545474965	545474965	FALSE	0.1974	0.0287	1.5422
fiber_L08	fiber	3H:544084309	3H:545475398	545475398	FALSE	0.1083	0.1688	0.7726
fiber_L08	fiber	3H:544084309	3H:545510330	545510330	FALSE	0.1897	0.007231	2.1408
fiber_L08	fiber	3H:544084309	3H:545514798	545514798	FALSE	0.1888	0.02136	1.6703
fiber_L08	fiber	3H:544084309	3H:545516601	545516601	FALSE	0.1905	0.007128	2.147
fiber_L08	fiber	3H:544084309	3H:545517018	545517018	FALSE	0.2087	0.00796	2.0991
fiber_L08	fiber	3H:544084309	3H:545519849	545519849	FALSE	0.1111	0.01418	1.8482
fiber_L08	fiber	3H:544084309	3H:545524217	545524217	FALSE	0.1311	0.0004992	3.3017
fiber_L08	fiber	3H:544084309	3H:545526401	545526401	FALSE	0.1134	0.002379	2.6235
fiber_L08	fiber	3H:544084309	3H:545526556	545526556	FALSE	0.2017	0.05742	1.2409
fiber_L08	fiber	3H:544084309	3H:545526856	545526856	FALSE	0.123	0.0003717	3.4298
fiber_L08	fiber	3H:544084309	3H:545549460	545549460	FALSE	0.179	0.002049	2.6884
fiber_L08	fiber	3H:544084309	3H:545550134	545550134	FALSE	0.2009	0.02064	1.6852
fiber_L08	fiber	3H:544084309	3H:545553423	545553423	FALSE	0.217	0.4611	0.3362
fiber_L08	fiber	3H:544084309	3H:545555963	545555963	FALSE	0.125	0.000175	3.757
fiber_L08	fiber	3H:544084309	3H:545556028	545556028	FALSE	0.1917	0.002551	2.5933
fiber_L08	fiber	3H:544084309	3H:545580471	545580471	FALSE	0.1983	0.08285	1.0817
fiber_L08	fiber	3H:544084309	3H:545580592	545580592	FALSE	0.2043	0.01564	1.8057
fiber_L08	fiber	3H:544084309	3H:545584171	545584171	FALSE	0.1513	0.0002873	3.5416
fiber_L08	fiber	3H:544084309	3H:545586679	545586679	FALSE	0.1405	0.02754	1.56
fiber_L08	fiber	3H:544084309	3H:545592727	545592727	FALSE	0.1417	0.00431	2.3655
fiber_L08	fiber	3H:544084309	3H:545592806	545592806	FALSE	0.2265	0.0004307	3.3658
fiber_L08	fiber	3H:544084309	3H:545592827	545592827	FALSE	0.1557	6.682e-05	4.1751
fiber_L08	fiber	3H:544084309	3H:545593016	545593016	FALSE	0.1561	0.01372	1.8625
fiber_L08	fiber	3H:544084309	3H:545593701	545593701	FALSE	0.1787	2.39e-05	4.6216
fiber_L08	fiber	3H:544084309	3H:545599276	545599276	FALSE	0.1724	0.0002178	3.6619
fiber_L08	fiber	3H:544084309	3H:545599501	545599501	FALSE	0.1516	0.0001815	3.7412
fiber_L08	fiber	3H:544084309	3H:545601914	545601914	FALSE	0.1453	0.0002182	3.6611
fiber_L08	fiber	3H:544084309	3H:545602285	545602285	FALSE	0.1375	1.851e-05	4.7326
fiber_L08	fiber	3H:544084309	3H:545619335	545619335	FALSE	0.1266	0.001982	2.7029
fiber_L08	fiber	3H:544084309	3H:545619635	545619635	FALSE	0.1481	0.0005902	3.229
fiber_L08	fiber	3H:544084309	3H:545625871	545625871	FALSE	0.1538	0.003031	2.5184
fiber_L08	fiber	3H:544084309	3H:545628517	545628517	FALSE	0.1652	0.004841	2.3151
fiber_L08	fiber	3H:544084309	3H:545630001	545630001	FALSE	0.196	0.01506	1.8223
fiber_L08	fiber	3H:544084309	3H:545635586	545635586	FALSE	0.1625	0.01271	1.8957
fiber_L08	fiber	3H:544084309	3H:545638689	545638689	FALSE	0.1542	0.001677	2.7754
fiber_L08	fiber	3H:544084309	3H:545641833	545641833	FALSE	0.1592	0.00231	2.6364
fiber_L08	fiber	3H:544084309	3H:545641847	545641847	FALSE	0.1585	0.002707	2.5675
fiber_L08	fiber	3H:544084309	3H:545642120	545642120	FALSE	0.1623	0.001865	2.7292
fiber_L08	fiber	3H:544084309	3H:545644431	545644431	FALSE	0.1609	0.04748	1.3235
fiber_L08	fiber	3H:544084309	3H:545645418	545645418	FALSE	0.1688	0.09772	1.01
fiber_L08	fiber	3H:544084309	3H:545645422	545645422	FALSE	0.1688	0.09772	1.01
fiber_L08	fiber	3H:544084309	3H:545646106	545646106	FALSE	0.2016	0.0003882	3.4109
fiber_L08	fiber	3H:544084309	3H:545646447	545646447	FALSE	0.1715	0.04822	1.3168
fiber_L08	fiber	3H:544084309	3H:545646555	545646555	FALSE	0.17	0.009882	2.0052
fiber_L08	fiber	3H:544084309	3H:545656810	545656810	FALSE	0.1617	0.001131	2.9464
fiber_L08	fiber	3H:544084309	3H:545657019	545657019	FALSE	0.1466	0.00115	2.9394
fiber_L08	fiber	3H:544084309	3H:545659462	545659462	FALSE	0.177	0.006944	2.1584
fiber_L08	fiber	3H:544084309	3H:545659465	545659465	FALSE	0.1484	0.03212	1.4933
fiber_L08	fiber	3H:544084309	3H:545659476	545659476	FALSE	0.1659	0.02065	1.6851
fiber_L08	fiber	3H:544084309	3H:545659970	545659970	FALSE	0.1506	0.0002049	3.6885
fiber_L08	fiber	3H:544084309	3H:545671737	545671737	FALSE	0.0862	0.0001439	3.842
fiber_L08	fiber	3H:544084309	3H:545677115	545677115	FALSE	0.1446	0.0006682	3.1751
fiber_L08	fiber	3H:544084309	3H:545677175	545677175	FALSE	0.1561	5.751e-05	4.2403
fiber_L08	fiber	3H:544084309	3H:545707445	545707445	FALSE	0.1325	0.04456	1.351
fiber_L08	fiber	3H:544084309	3H:545714264	545714264	FALSE	0.1745	0.03396	1.469
fiber_L08	fiber	3H:544084309	3H:545715157	545715157	FALSE	0.1732	0.006779	2.1688
fiber_L09	fiber	4H:24707376	4H:24664775	24664775	FALSE	0.0568	0.09428	1.0256
fiber_L09	fiber	4H:24707376	4H:24666656	24666656	FALSE	0.0606	0.0001473	3.8318
fiber_L09	fiber	4H:24707376	4H:24666862	24666862	FALSE	0.06	1.867e-05	4.7288
fiber_L09	fiber	4H:24707376	4H:24669783	24669783	FALSE	0.0669	6.09e-06	5.2154
fiber_L09	fiber	4H:24707376	4H:24670385	24670385	FALSE	0.1348	0.001907	2.7197
fiber_L09	fiber	4H:24707376	4H:24674878	24674878	FALSE	0.1013	0.0001078	3.9674
fiber_L09	fiber	4H:24707376	4H:24675041	24675041	FALSE	0.1053	0.003066	2.5134
fiber_L09	fiber	4H:24707376	4H:24675704	24675704	FALSE	0.1224	0.05614	1.2507
fiber_L09	fiber	4H:24707376	4H:24675891	24675891	FALSE	0.0675	0.0003266	3.486
fiber_L09	fiber	4H:24707376	4H:24676384	24676384	FALSE	0.1212	0.0001485	3.8283
fiber_L09	fiber	4H:24707376	4H:24676742	24676742	FALSE	0.062	0.00284	2.5467
fiber_L09	fiber	4H:24707376	4H:24676856	24676856	FALSE	0.065	1.741e-05	4.7592
fiber_L09	fiber	4H:24707376	4H:24677042	24677042	FALSE	0.0667	1.877e-05	4.7265
fiber_L09	fiber	4H:24707376	4H:24680307	24680307	FALSE	0.0647	1.074e-05	4.9689
fiber_L09	fiber	4H:24707376	4H:24686552	24686552	FALSE	0.0598	0.01092	1.9618
fiber_L09	fiber	4H:24707376	4H:24686568	24686568	FALSE	0.0549	0.002288	2.6405
fiber_L09	fiber	4H:24707376	4H:24689851	24689851	FALSE	0.1	0.001374	2.862
fiber_L09	fiber	4H:24707376	4H:24705958	24705958	FALSE	0.0952	0.0002753	3.5603
fiber_L09	fiber	4H:24707376	4H:24706102	24706102	FALSE	0.0887	0.0007772	3.1095
fiber_L09	fiber	4H:24707376	4H:24706191	24706191	FALSE	0.0782	0.02112	1.6754
fiber_L09	fiber	4H:24707376	4H:24706244	24706244	FALSE	0.0877	0.003596	2.4442
fiber_L09	fiber	4H:24707376	4H:24706289	24706289	FALSE	0.1048	6.915e-05	4.1602
fiber_L09	fiber	4H:24707376	4H:24707072	24707072	FALSE	0.0948	0.0006148	3.2113
fiber_L09	fiber	4H:24707376	4H:24707116	24707116	FALSE	0.0641	6.705e-05	4.1736
fiber_L09	fiber	4H:24707376	4H:24707177	24707177	FALSE	0.0823	0.0007882	3.1033
fiber_L09	fiber	4H:24707376	4H:24707376	24707376	TRUE	0.0581	9.531e-08	7.0209
fiber_L09	fiber	4H:24707376	4H:24708916	24708916	FALSE	0.0883	0.0002176	3.6624
fiber_L09	fiber	4H:24707376	4H:24709341	24709341	FALSE	0.1135	0.001553	2.809
fiber_L09	fiber	4H:24707376	4H:24709488	24709488	FALSE	0.1059	0.03926	1.406
fiber_L09	fiber	4H:24707376	4H:24712850	24712850	FALSE	0.0549	0.07483	1.1259
fiber_L09	fiber	4H:24707376	4H:24712854	24712854	FALSE	0.0987	0.5538	0.2567
fiber_L09	fiber	4H:24707376	4H:24719916	24719916	FALSE	0.0988	0.1079	0.9669
fiber_L09	fiber	4H:24707376	4H:24720665	24720665	FALSE	0.1213	0.001683	2.7739
fiber_L09	fiber	4H:24707376	4H:24721181	24721181	FALSE	0.0979	0.03048	1.5159
fiber_L09	fiber	4H:24707376	4H:24722243	24722243	FALSE	0.0882	0.0001464	3.8344
fiber_L09	fiber	4H:24707376	4H:24722361	24722361	FALSE	0.075	0.02727	1.5643
fiber_L09	fiber	4H:24707376	4H:24722948	24722948	FALSE	0.1098	0.03455	1.4616
fiber_L09	fiber	4H:24707376	4H:24723108	24723108	FALSE	0.0868	0.0001868	3.7287
fiber_L09	fiber	4H:24707376	4H:24723484	24723484	FALSE	0.0576	0.198	0.7033
fiber_L09	fiber	4H:24707376	4H:24723962	24723962	FALSE	0.0605	5.637e-06	5.2489
fiber_L09	fiber	4H:24707376	4H:24723971	24723971	FALSE	0.1025	0.003108	2.5076
fiber_L09	fiber	4H:24707376	4H:24724319	24724319	FALSE	0.0893	5.385e-06	5.2688
fiber_L09	fiber	4H:24707376	4H:24724366	24724366	FALSE	0.0528	0.006572	2.1823
fiber_L09	fiber	4H:24707376	4H:24724458	24724458	FALSE	0.0939	0.0003363	3.4733
fiber_L09	fiber	4H:24707376	4H:24726516	24726516	FALSE	0.1169	0.004462	2.3504
fiber_L09	fiber	4H:24707376	4H:24727119	24727119	FALSE	0.0681	0.0001987	3.7017
fiber_L09	fiber	4H:24707376	4H:24731293	24731293	FALSE	0.0614	0.001439	2.8418
fiber_L09	fiber	4H:24707376	4H:24733304	24733304	FALSE	0.0531	0.0007335	3.1346
fiber_L09	fiber	4H:24707376	4H:24741813	24741813	FALSE	0.0598	0.0006737	3.1716
fiber_L09	fiber	4H:24707376	4H:24743087	24743087	FALSE	0.1148	0.01287	1.8903
fiber_L09	fiber	4H:24707376	4H:24749868	24749868	FALSE	0.0979	0.0004328	3.3637
fiber_L09	fiber	4H:24707376	4H:24755518	24755518	FALSE	0.1181	0.01321	1.8792
fiber_L09	fiber	4H:24707376	4H:24759375	24759375	FALSE	0.0693	0.0709	1.1494
fiber_L09	fiber	4H:24707376	4H:24760673	24760673	FALSE	0.0658	4.405e-06	5.356
fiber_L09	fiber	4H:24707376	4H:24769538	24769538	FALSE	0.1083	0.05151	1.2881
fiber_L09	fiber	4H:24707376	4H:24770514	24770514	FALSE	0.0733	1.672e-05	4.7767
fiber_L09	fiber	4H:24707376	4H:24771574	24771574	FALSE	0.0609	6.742e-05	4.1712
fiber_L09	fiber	4H:24707376	4H:24774753	24774753	FALSE	0.115	0.004183	2.3785
fiber_L09	fiber	4H:24707376	4H:24776214	24776214	FALSE	0.0602	0.01352	1.8691
fiber_L09	fiber	4H:24707376	4H:24778481	24778481	FALSE	0.0622	3.189e-05	4.4964
fiber_L09	fiber	4H:24707376	4H:24778534	24778534	FALSE	0.0636	0.004189	2.3779
fiber_L09	fiber	4H:24707376	4H:24787713	24787713	FALSE	0.0664	0.1343	0.8719
fiber_L09	fiber	4H:24707376	4H:24787780	24787780	FALSE	0.062	0.6744	0.1711
fiber_L09	fiber	4H:24707376	4H:24787922	24787922	FALSE	0.0673	0.3077	0.5118
fiber_L09	fiber	4H:24707376	4H:24787944	24787944	FALSE	0.057	0.4621	0.3353
fiber_L09	fiber	4H:24707376	4H:24788504	24788504	FALSE	0.0711	0.07695	1.1138
fiber_L09	fiber	4H:24707376	4H:24791167	24791167	FALSE	0.0633	0.05549	1.2558
fiber_L09	fiber	4H:24707376	4H:24791250	24791250	FALSE	0.0664	0.06695	1.1743
fiber_L09	fiber	4H:24707376	4H:24792832	24792832	FALSE	0.0515	0.1099	0.9592
fiber_L09	fiber	4H:24707376	4H:24795879	24795879	FALSE	0.0556	0.8444	0.0734
fiber_L09	fiber	4H:24707376	4H:24796700	24796700	FALSE	0.0684	0.6711	0.1732
fiber_L09	fiber	4H:24707376	4H:24797230	24797230	FALSE	0.0681	0.6887	0.1619
fiber_L09	fiber	4H:24707376	4H:24798712	24798712	FALSE	0.0687	0.9874	0.0055
fiber_L09	fiber	4H:24707376	4H:24799322	24799322	FALSE	0.0653	0.5733	0.2416
fiber_L09	fiber	4H:24707376	4H:24799343	24799343	FALSE	0.0688	0.6378	0.1953
fiber_L09	fiber	4H:24707376	4H:24799664	24799664	FALSE	0.0625	0.8532	0.069
fiber_L09	fiber	4H:24707376	4H:24802798	24802798	FALSE	0.0746	0.07537	1.1228
fiber_L09	fiber	4H:24707376	4H:24805454	24805454	FALSE	0.0694	0.5846	0.2331
fiber_L09	fiber	4H:24707376	4H:24815596	24815596	FALSE	0.0708	0.8167	0.0879
fiber_L09	fiber	4H:24707376	4H:24818235	24818235	FALSE	0.0742	0.509	0.2933
fiber_L09	fiber	4H:24707376	4H:24822948	24822948	FALSE	0.0633	0.2094	0.679
fiber_L09	fiber	4H:24707376	4H:24823036	24823036	FALSE	0.0578	0.5591	0.2525
fiber_L09	fiber	4H:24707376	4H:24824138	24824138	FALSE	0.0708	0.4965	0.3041
fiber_L09	fiber	4H:24707376	4H:24824779	24824779	FALSE	0.0664	0.9425	0.0257
fiber_L09	fiber	4H:24707376	4H:24824895	24824895	FALSE	0.0857	7.486e-05	4.1258
fiber_L09	fiber	4H:24707376	4H:24826770	24826770	FALSE	0.0574	0.6967	0.157
fiber_L09	fiber	4H:24707376	4H:24828146	24828146	FALSE	0.0717	0.5829	0.2344
fiber_L09	fiber	4H:24707376	4H:24829369	24829369	FALSE	0.065	0.1297	0.8871
fiber_L09	fiber	4H:24707376	4H:24829702	24829702	FALSE	0.0675	0.8408	0.0753
fiber_L09	fiber	4H:24707376	4H:24830225	24830225	FALSE	0.0628	0.7925	0.101
fiber_L09	fiber	4H:24707376	4H:24830503	24830503	FALSE	0.0681	0.5635	0.2491
fiber_L09	fiber	4H:24707376	4H:24830504	24830504	FALSE	0.0681	0.5635	0.2491
fiber_L09	fiber	4H:24707376	4H:24831650	24831650	FALSE	0.0708	0.7701	0.1135
fiber_L09	fiber	4H:24707376	4H:24833096	24833096	FALSE	0.0649	0.1772	0.7515
fiber_L09	fiber	4H:24707376	4H:24833737	24833737	FALSE	0.0617	0.4888	0.3109
fiber_L09	fiber	4H:24707376	4H:24834590	24834590	FALSE	0.0614	0.5652	0.2478
fiber_L09	fiber	4H:24707376	4H:24834780	24834780	FALSE	0.0563	0.9768	0.0102
fiber_L09	fiber	4H:24707376	4H:24834848	24834848	FALSE	0.0652	0.6269	0.2028
fiber_L09	fiber	4H:24707376	4H:24835277	24835277	FALSE	0.0678	0.7639	0.117
fiber_L09	fiber	4H:24707376	4H:24835539	24835539	FALSE	0.0556	0.672	0.1726
fiber_L09	fiber	4H:24707376	4H:24835950	24835950	FALSE	0.062	0.9992	4e-04
fiber_L09	fiber	4H:24707376	4H:24836318	24836318	FALSE	0.0647	0.7831	0.1062
fiber_L09	fiber	4H:24707376	4H:24836944	24836944	FALSE	0.0556	0.7107	0.1483
fiber_L09	fiber	4H:24707376	4H:24837148	24837148	FALSE	0.0571	0.848	0.0716
fiber_L09	fiber	4H:24707376	4H:24839160	24839160	FALSE	0.072	0.5123	0.2905
fiber_L09	fiber	4H:24707376	4H:24839733	24839733	FALSE	0.0699	0.585	0.2328
fiber_L09	fiber	4H:24707376	4H:24840087	24840087	FALSE	0.0563	0.2856	0.5443
fiber_L09	fiber	4H:24707376	4H:24842071	24842071	FALSE	0.0647	0.5432	0.265
fiber_L09	fiber	4H:24707376	4H:24842405	24842405	FALSE	0.0571	0.2459	0.6093
fiber_L09	fiber	4H:24707376	4H:24842410	24842410	FALSE	0.0598	0.1716	0.7654
fiber_L09	fiber	4H:24707376	4H:24842584	24842584	FALSE	0.0633	0.3673	0.435
fiber_L09	fiber	4H:24707376	4H:24851961	24851961	FALSE	0.0598	0.9463	0.024
fiber_L09	fiber	4H:24707376	4H:24853101	24853101	FALSE	0.0678	0.6339	0.198
fiber_L09	fiber	4H:24707376	4H:24854465	24854465	FALSE	0.0693	0.8558	0.0676
fiber_L09	fiber	4H:24707376	4H:24855798	24855798	FALSE	0.0641	0.2879	0.5407
fiber_L09	fiber	4H:24707376	4H:24855834	24855834	FALSE	0.063	0.6046	0.2186
fiber_L09	fiber	4H:24707376	4H:24856069	24856069	FALSE	0.0656	0.4336	0.3629
fiber_L09	fiber	4H:24707376	4H:24857006	24857006	FALSE	0.0763	0.9393	0.0272
fiber_L09	fiber	4H:24707376	4H:24857065	24857065	FALSE	0.0606	0.1906	0.7199
fiber_L09	fiber	4H:24707376	4H:24860014	24860014	FALSE	0.0696	0.3262	0.4866
fiber_L09	fiber	4H:24707376	4H:24861976	24861976	FALSE	0.063	0.7499	0.125
fiber_L09	fiber	4H:24707376	4H:24864279	24864279	FALSE	0.0669	0.8367	0.0774
fiber_L09	fiber	4H:24707376	4H:24864366	24864366	FALSE	0.0684	0.406	0.3914
fiber_L09	fiber	4H:24707376	4H:24864552	24864552	FALSE	0.0727	0.4998	0.3012
fiber_L09	fiber	4H:24707376	4H:24867154	24867154	FALSE	0.0723	0.723	0.1409
fiber_L09	fiber	4H:24707376	4H:24867382	24867382	FALSE	0.0533	0.8312	0.0803
fiber_L09	fiber	4H:24707376	4H:24868052	24868052	FALSE	0.0684	0.695	0.158
fiber_L09	fiber	4H:24707376	4H:24870366	24870366	FALSE	0.0609	0.4517	0.3451
fiber_L09	fiber	4H:24707376	4H:24870487	24870487	FALSE	0.0708	0.6761	0.17
fiber_L09	fiber	4H:24707376	4H:24870488	24870488	FALSE	0.0705	0.6709	0.1733
fiber_L09	fiber	4H:24707376	4H:24870967	24870967	FALSE	0.0656	0.4283	0.3683
fiber_L09	fiber	4H:24707376	4H:24871870	24871870	FALSE	0.069	0.4359	0.3607
fiber_L09	fiber	4H:24707376	4H:24871983	24871983	FALSE	0.0565	0.99	0.0044
fiber_L10	fiber	4H:470989624	4H:470973654	470973654	FALSE	0.0633	0.2748	0.561
fiber_L10	fiber	4H:470989624	4H:470989624	470989624	TRUE	0.0558	8.622e-07	6.0644
fiber_L11	fiber	5H:208944021	5H:208930405	208930405	FALSE	0.0897	0.01439	1.8419
fiber_L11	fiber	5H:208944021	5H:208944021	208944021	TRUE	0.083	8.319e-07	6.0799
fiber_L12	fiber	5H:377309369	5H:377276409	377276409	FALSE	0.0772	0.0008913	3.05
fiber_L12	fiber	5H:377309369	5H:377280372	377280372	FALSE	0.0611	0.03442	1.4631
fiber_L12	fiber	5H:377309369	5H:377309369	377309369	TRUE	0.0833	4.246e-07	6.372
fiber_L12	fiber	5H:377309369	5H:377309976	377309976	FALSE	0.0823	0.007571	2.1209
fiber_L12	fiber	5H:377309369	5H:377315909	377315909	FALSE	0.0733	8.644e-05	4.0633
fiber_L12	fiber	5H:377309369	5H:377363518	377363518	FALSE	0.0727	0.007664	2.1155
fiber_L12	fiber	5H:377309369	5H:377374656	377374656	FALSE	0.0909	0.0005533	3.2571
fiber_L12	fiber	5H:377309369	5H:377379117	377379117	FALSE	0.0948	0.00325	2.4881
fiber_L12	fiber	5H:377309369	5H:377413773	377413773	FALSE	0.0847	0.003613	2.4421
fiber_L12	fiber	5H:377309369	5H:377420656	377420656	FALSE	0.0781	0.008591	2.066
fiber_L12	fiber	5H:377309369	5H:377427872	377427872	FALSE	0.083	0.01271	1.896
fiber_L12	fiber	5H:377309369	5H:377442016	377442016	FALSE	0.069	0.00546	2.2628
fiber_L12	fiber	5H:377309369	5H:377451047	377451047	FALSE	0.0913	0.001186	2.926
fiber_L12	fiber	5H:377309369	5H:377471523	377471523	FALSE	0.0948	0.00707	2.1506
fiber_L12	fiber	5H:377309369	5H:377474279	377474279	FALSE	0.0747	0.0005465	3.2624
fiber_L13	fiber	5H:437005013	5H:437004771	437004771	FALSE	0.0558	0.0792	1.1013
fiber_L13	fiber	5H:437005013	5H:437005013	437005013	TRUE	0.0496	3.472e-07	6.4594
fiber_L14	fiber	5H:462564771	5H:462555842	462555842	FALSE	0.0708	0.002132	2.6713
fiber_L14	fiber	5H:462564771	5H:462557804	462557804	FALSE	0.0708	0.0005038	3.2978
fiber_L14	fiber	5H:462564771	5H:462560219	462560219	FALSE	0.0679	0.01815	1.7411
fiber_L14	fiber	5H:462564771	5H:462560238	462560238	FALSE	0.0628	0.01409	1.851
fiber_L14	fiber	5H:462564771	5H:462560617	462560617	FALSE	0.0522	0.000294	3.5317
fiber_L14	fiber	5H:462564771	5H:462560716	462560716	FALSE	0.0588	0.0002316	3.6353
fiber_L14	fiber	5H:462564771	5H:462560728	462560728	FALSE	0.0583	0.001422	2.8472
fiber_L14	fiber	5H:462564771	5H:462560889	462560889	FALSE	0.0596	0.4179	0.3789
fiber_L14	fiber	5H:462564771	5H:462564607	462564607	FALSE	0.0756	0.0001992	3.7008
fiber_L14	fiber	5H:462564771	5H:462564657	462564657	FALSE	0.0636	0.001495	2.8253
fiber_L14	fiber	5H:462564771	5H:462564771	462564771	TRUE	0.0687	8.901e-07	6.0506
fiber_L14	fiber	5H:462564771	5H:462574370	462574370	FALSE	0.0769	0.001725	2.7631
fiber_L14	fiber	5H:462564771	5H:462575337	462575337	FALSE	0.0632	0.01038	1.9836
fiber_L14	fiber	5H:462564771	5H:462575412	462575412	FALSE	0.0675	0.0004966	3.304
fiber_L14	fiber	5H:462564771	5H:462575599	462575599	FALSE	0.0664	0.1126	0.9484
fiber_L14	fiber	5H:462564771	5H:462575717	462575717	FALSE	0.0703	0.0008147	3.089
fiber_L14	fiber	5H:462564771	5H:462575915	462575915	FALSE	0.0769	0.001179	2.9284
fiber_L14	fiber	5H:462564771	5H:462575962	462575962	FALSE	0.0675	0.003196	2.4954
fiber_L14	fiber	5H:462564771	5H:462575997	462575997	FALSE	0.0591	0.001248	2.9039
fiber_L14	fiber	5H:462564771	5H:462576004	462576004	FALSE	0.0675	0.02246	1.6485
fiber_L14	fiber	5H:462564771	5H:462576128	462576128	FALSE	0.0766	0.0004931	3.307
fiber_L14	fiber	5H:462564771	5H:462576280	462576280	FALSE	0.0703	0.0007797	3.1081
fiber_L14	fiber	5H:462564771	5H:462576808	462576808	FALSE	0.0687	0.01447	1.8394
fiber_L14	fiber	5H:462564771	5H:462576878	462576878	FALSE	0.0723	0.005295	2.2762
fiber_L14	fiber	5H:462564771	5H:462577149	462577149	FALSE	0.0612	0.2	0.6989
fiber_L14	fiber	5H:462564771	5H:462577150	462577150	FALSE	0.0612	0.1876	0.7268
fiber_L14	fiber	5H:462564771	5H:462577292	462577292	FALSE	0.0727	0.01729	1.7621
fiber_L14	fiber	5H:462564771	5H:462578032	462578032	FALSE	0.0609	0.01228	1.9108
fiber_L14	fiber	5H:462564771	5H:462578700	462578700	FALSE	0.0652	0.0005784	3.2378
fiber_L14	fiber	5H:462564771	5H:462578736	462578736	FALSE	0.0672	0.4394	0.3571
fiber_L14	fiber	5H:462564771	5H:462586182	462586182	FALSE	0.0551	0.02489	1.604
fiber_L14	fiber	5H:462564771	5H:462586209	462586209	FALSE	0.0882	0.03505	1.4553
fiber_L14	fiber	5H:462564771	5H:462631354	462631354	FALSE	0.1008	0.2274	0.6433
fiber_L14	fiber	5H:462564771	5H:462679164	462679164	FALSE	0.0677	0.1327	0.8772
fiber_L14	fiber	5H:462564771	5H:462681196	462681196	FALSE	0.073	0.001546	2.8107
fiber_L14	fiber	5H:462564771	5H:462681199	462681199	FALSE	0.073	0.001546	2.8107
fiber_L14	fiber	5H:462564771	5H:462683807	462683807	FALSE	0.056	0.1283	0.8918
fiber_L14	fiber	5H:462564771	5H:462684144	462684144	FALSE	0.0868	0.009073	2.0422
fiber_L14	fiber	5H:462564771	5H:462688968	462688968	FALSE	0.1159	0.3407	0.4677
fiber_L14	fiber	5H:462564771	5H:462691731	462691731	FALSE	0.0705	0.01197	1.9219
fiber_L14	fiber	5H:462564771	5H:462721296	462721296	FALSE	0.069	0.2863	0.5431
fiber_L14	fiber	5H:462564771	5H:462732655	462732655	FALSE	0.0669	0.002276	2.6428
fiber_L14	fiber	5H:462564771	5H:462743424	462743424	FALSE	0.0965	2.932e-05	4.5329
fiber_L14	fiber	5H:462564771	5H:462753861	462753861	FALSE	0.0625	0.03247	1.4885
fiber_L14	fiber	5H:462564771	5H:462754184	462754184	FALSE	0.0833	0.001872	2.7277
fiber_L14	fiber	5H:462564771	5H:462758946	462758946	FALSE	0.075	0.01099	1.9589
fiber_L14	fiber	5H:462564771	5H:462783657	462783657	FALSE	0.089	0.1733	0.7612
fiber_L14	fiber	5H:462564771	5H:462815098	462815098	FALSE	0.0553	0.007579	2.1204
fiber_L14	fiber	5H:462564771	5H:462848780	462848780	FALSE	0.0667	0.03362	1.4734
fiber_L15	fiber	7H:14817657	7H:14817010	14817010	FALSE	0.0524	8.285e-07	6.0817
fiber_L15	fiber	7H:14817657	7H:14817657	14817657	TRUE	0.0533	1.591e-07	6.7984
fiber_L15	fiber	7H:14817657	7H:14820916	14820916	FALSE	0.0556	0.001721	2.7642
fiber_L16	fiber	7H:415651802	7H:415446352	415446352	FALSE	0.1696	5.63e-05	4.2495
fiber_L16	fiber	7H:415651802	7H:415446460	415446460	FALSE	0.1572	0.0001902	3.7207
fiber_L16	fiber	7H:415651802	7H:415470958	415470958	FALSE	0.2532	0.02286	1.6409
fiber_L16	fiber	7H:415651802	7H:415484165	415484165	FALSE	0.2735	0.003648	2.4379
fiber_L16	fiber	7H:415651802	7H:415485672	415485672	FALSE	0.31	0.001489	2.827
fiber_L16	fiber	7H:415651802	7H:415485695	415485695	FALSE	0.3188	0.002534	2.5962
fiber_L16	fiber	7H:415651802	7H:415487740	415487740	FALSE	0.3	5.76e-05	4.2396
fiber_L16	fiber	7H:415651802	7H:415487821	415487821	FALSE	0.303	0.03886	1.4105
fiber_L16	fiber	7H:415651802	7H:415487867	415487867	FALSE	0.2887	0.01664	1.779
fiber_L16	fiber	7H:415651802	7H:415489988	415489988	FALSE	0.288	0.005292	2.2764
fiber_L16	fiber	7H:415651802	7H:415500299	415500299	FALSE	0.2888	0.0002835	3.5474
fiber_L16	fiber	7H:415651802	7H:415500326	415500326	FALSE	0.306	0.001684	2.7738
fiber_L16	fiber	7H:415651802	7H:415505660	415505660	FALSE	0.1732	0.00309	2.5101
fiber_L16	fiber	7H:415651802	7H:415506607	415506607	FALSE	0.2692	0.005527	2.2575
fiber_L16	fiber	7H:415651802	7H:415506645	415506645	FALSE	0.2511	0.00418	2.3788
fiber_L16	fiber	7H:415651802	7H:415507092	415507092	FALSE	0.0796	0.003644	2.4384
fiber_L16	fiber	7H:415651802	7H:415507849	415507849	FALSE	0.2415	0.1431	0.8444
fiber_L16	fiber	7H:415651802	7H:415509076	415509076	FALSE	0.2445	0.02008	1.6973
fiber_L16	fiber	7H:415651802	7H:415517529	415517529	FALSE	0.2833	0.009054	2.0431
fiber_L16	fiber	7H:415651802	7H:415518154	415518154	FALSE	0.2561	0.04919	1.3082
fiber_L16	fiber	7H:415651802	7H:415518991	415518991	FALSE	0.2987	0.0008567	3.0672
fiber_L16	fiber	7H:415651802	7H:415519156	415519156	FALSE	0.2421	0.3293	0.4825
fiber_L16	fiber	7H:415651802	7H:415519278	415519278	FALSE	0.2607	0.07084	1.1497
fiber_L16	fiber	7H:415651802	7H:415519301	415519301	FALSE	0.2625	0.2401	0.6197
fiber_L16	fiber	7H:415651802	7H:415524786	415524786	FALSE	0.2833	0.06437	1.1913
fiber_L16	fiber	7H:415651802	7H:415524814	415524814	FALSE	0.2652	0.00977	2.0101
fiber_L16	fiber	7H:415651802	7H:415525479	415525479	FALSE	0.3	0.0005181	3.2856
fiber_L16	fiber	7H:415651802	7H:415529897	415529897	FALSE	0.2845	0.04345	1.362
fiber_L16	fiber	7H:415651802	7H:415539218	415539218	FALSE	0.2783	0.0007888	3.103
fiber_L16	fiber	7H:415651802	7H:415539220	415539220	FALSE	0.2381	0.0001659	3.7802
fiber_L16	fiber	7H:415651802	7H:415540368	415540368	FALSE	0.2887	0.001658	2.7805
fiber_L16	fiber	7H:415651802	7H:415540388	415540388	FALSE	0.144	1.376e-05	4.8614
fiber_L16	fiber	7H:415651802	7H:415543867	415543867	FALSE	0.2802	0.0002314	3.6357
fiber_L16	fiber	7H:415651802	7H:415544254	415544254	FALSE	0.2815	0.0367	1.4354
fiber_L16	fiber	7H:415651802	7H:415544296	415544296	FALSE	0.2979	0.04437	1.3529
fiber_L16	fiber	7H:415651802	7H:415544304	415544304	FALSE	0.3043	0.01027	1.9884
fiber_L16	fiber	7H:415651802	7H:415544346	415544346	FALSE	0.2371	0.02792	1.5542
fiber_L16	fiber	7H:415651802	7H:415544593	415544593	FALSE	0.2397	0.02788	1.5547
fiber_L16	fiber	7H:415651802	7H:415544720	415544720	FALSE	0.1308	4.548e-05	4.3421
fiber_L16	fiber	7H:415651802	7H:415545571	415545571	FALSE	0.2926	0.1672	0.7769
fiber_L16	fiber	7H:415651802	7H:415576625	415576625	FALSE	0.2769	0.03929	1.4057
fiber_L16	fiber	7H:415651802	7H:415576626	415576626	FALSE	0.2769	0.03929	1.4057
fiber_L16	fiber	7H:415651802	7H:415579481	415579481	FALSE	0.281	0.001841	2.735
fiber_L16	fiber	7H:415651802	7H:415579525	415579525	FALSE	0.2743	0.0003229	3.4909
fiber_L16	fiber	7H:415651802	7H:415585194	415585194	FALSE	0.2603	1.198e-05	4.9214
fiber_L16	fiber	7H:415651802	7H:415594062	415594062	FALSE	0.3013	0.236	0.6271
fiber_L16	fiber	7H:415651802	7H:415594106	415594106	FALSE	0.2803	0.2934	0.5326
fiber_L16	fiber	7H:415651802	7H:415596366	415596366	FALSE	0.2689	0.01868	1.7287
fiber_L16	fiber	7H:415651802	7H:415599059	415599059	FALSE	0.29	0.02307	1.6369
fiber_L16	fiber	7H:415651802	7H:415606092	415606092	FALSE	0.1116	0.0111	1.9548
fiber_L16	fiber	7H:415651802	7H:415606672	415606672	FALSE	0.2911	0.02111	1.6756
fiber_L16	fiber	7H:415651802	7H:415606696	415606696	FALSE	0.2857	0.0493	1.3071
fiber_L16	fiber	7H:415651802	7H:415608752	415608752	FALSE	0.2656	0.128	0.8929
fiber_L16	fiber	7H:415651802	7H:415609976	415609976	FALSE	0.303	0.01472	1.8321
fiber_L16	fiber	7H:415651802	7H:415611011	415611011	FALSE	0.2661	0.02445	1.6118
fiber_L16	fiber	7H:415651802	7H:415611052	415611052	FALSE	0.275	0.3541	0.4509
fiber_L16	fiber	7H:415651802	7H:415611432	415611432	FALSE	0.2379	0.01145	1.9413
fiber_L16	fiber	7H:415651802	7H:415611434	415611434	FALSE	0.2785	0.004663	2.3313
fiber_L16	fiber	7H:415651802	7H:415613703	415613703	FALSE	0.279	0.05021	1.2992
fiber_L16	fiber	7H:415651802	7H:415614272	415614272	FALSE	0.1783	2.431e-05	4.6142
fiber_L16	fiber	7H:415651802	7H:415614296	415614296	FALSE	0.2764	0.0006549	3.1838
fiber_L16	fiber	7H:415651802	7H:415614301	415614301	FALSE	0.2827	0.001698	2.7701
fiber_L16	fiber	7H:415651802	7H:415631567	415631567	FALSE	0.1033	0.00412	2.3851
fiber_L16	fiber	7H:415651802	7H:415631742	415631742	FALSE	0.2903	0.0008639	3.0636
fiber_L16	fiber	7H:415651802	7H:415632087	415632087	FALSE	0.2894	0.04613	1.336
fiber_L16	fiber	7H:415651802	7H:415632513	415632513	FALSE	0.2906	0.03592	1.4447
fiber_L16	fiber	7H:415651802	7H:415632765	415632765	FALSE	0.2743	0.006246	2.2044
fiber_L16	fiber	7H:415651802	7H:415632796	415632796	FALSE	0.2762	0.02796	1.5534
fiber_L16	fiber	7H:415651802	7H:415633433	415633433	FALSE	0.2969	3.239e-05	4.4896
fiber_L16	fiber	7H:415651802	7H:415638052	415638052	FALSE	0.3008	0.01095	1.9607
fiber_L16	fiber	7H:415651802	7H:415638120	415638120	FALSE	0.178	6.374e-05	4.1956
fiber_L16	fiber	7H:415651802	7H:415638510	415638510	FALSE	0.3064	0.07532	1.1231
fiber_L16	fiber	7H:415651802	7H:415638520	415638520	FALSE	0.2974	0.07071	1.1505
fiber_L16	fiber	7H:415651802	7H:415641289	415641289	FALSE	0.178	0.0001095	3.9606
fiber_L16	fiber	7H:415651802	7H:415641335	415641335	FALSE	0.2969	0.284	0.5467
fiber_L16	fiber	7H:415651802	7H:415641970	415641970	FALSE	0.2208	0.2297	0.6389
fiber_L16	fiber	7H:415651802	7H:415642658	415642658	FALSE	0.183	5.27e-07	6.2782
fiber_L16	fiber	7H:415651802	7H:415651802	415651802	TRUE	0.1807	3.225e-07	6.4915
fiber_L16	fiber	7H:415651802	7H:415669518	415669518	FALSE	0.1861	0.0006994	3.1553
fiber_L16	fiber	7H:415651802	7H:415672737	415672737	FALSE	0.0917	0.05506	1.2591
fiber_L16	fiber	7H:415651802	7H:415708952	415708952	FALSE	0.2939	0.5859	0.2322
fiber_L16	fiber	7H:415651802	7H:415711738	415711738	FALSE	0.1288	0.002491	2.6037
fiber_L16	fiber	7H:415651802	7H:415717190	415717190	FALSE	0.1737	0.0003889	3.4102
fiber_L16	fiber	7H:415651802	7H:415719360	415719360	FALSE	0.1481	1.672e-05	4.7768
fiber_L16	fiber	7H:415651802	7H:415733734	415733734	FALSE	0.2759	0.0009824	3.0077
fiber_L16	fiber	7H:415651802	7H:415746792	415746792	FALSE	0.2016	0.0002646	3.5774
fiber_L16	fiber	7H:415651802	7H:415765417	415765417	FALSE	0.2561	0.1041	0.9825
fiber_L16	fiber	7H:415651802	7H:415768702	415768702	FALSE	0.1807	1.517e-05	4.8191
fiber_L16	fiber	7H:415651802	7H:415769937	415769937	FALSE	0.1087	0.02056	1.687
fiber_L16	fiber	7H:415651802	7H:415770425	415770425	FALSE	0.1681	0.001567	2.8048
fiber_L16	fiber	7H:415651802	7H:415771566	415771566	FALSE	0.1681	0.0001127	3.948
fiber_L16	fiber	7H:415651802	7H:415771590	415771590	FALSE	0.168	0.0002408	3.6184
fiber_L16	fiber	7H:415651802	7H:415775764	415775764	FALSE	0.1857	1.156e-05	4.937
fiber_L16	fiber	7H:415651802	7H:415778683	415778683	FALSE	0.0815	0.001218	2.9142
fiber_L16	fiber	7H:415651802	7H:415780262	415780262	FALSE	0.161	1.932e-05	4.7139
fiber_L16	fiber	7H:415651802	7H:415786986	415786986	FALSE	0.3087	0.1045	0.981
fiber_L16	fiber	7H:415651802	7H:415789720	415789720	FALSE	0.2641	0.01722	1.764
fiber_L16	fiber	7H:415651802	7H:415795463	415795463	FALSE	0.0991	0.06968	1.1569
fiber_L16	fiber	7H:415651802	7H:415795622	415795622	FALSE	0.173	0.01587	1.7995
fiber_L16	fiber	7H:415651802	7H:415795981	415795981	FALSE	0.1674	0.0001542	3.8119
fiber_L16	fiber	7H:415651802	7H:415815389	415815389	FALSE	0.1695	0.0001076	3.9681
fiber_L16	fiber	7H:415651802	7H:415820577	415820577	FALSE	0.1806	0.003726	2.4287
fiber_L16	fiber	7H:415651802	7H:415821881	415821881	FALSE	0.1526	1.647e-05	4.7834
fiber_L16	fiber	7H:415651802	7H:415822344	415822344	FALSE	0.2218	0.001091	2.9623
fiber_L16	fiber	7H:415651802	7H:415826525	415826525	FALSE	0.3319	0.007574	2.1206
fiber_L16	fiber	7H:415651802	7H:415827303	415827303	FALSE	0.1703	0.0001086	3.9643
fiber_L16	fiber	7H:415651802	7H:415827832	415827832	FALSE	0.2355	0.1764	0.7536
fiber_L16	fiber	7H:415651802	7H:415827884	415827884	FALSE	0.1055	0.004516	2.3452
fiber_L16	fiber	7H:415651802	7H:415828669	415828669	FALSE	0.103	0.006567	2.1826
fiber_L16	fiber	7H:415651802	7H:415864278	415864278	FALSE	0.161	0.0001583	3.8006
fiber_L16	fiber	7H:415651802	7H:415865044	415865044	FALSE	0.1736	2.466e-05	4.608
fiber_L16	fiber	7H:415651802	7H:415872659	415872659	FALSE	0.2954	0.08812	1.0549
fiber_L16	fiber	7H:415651802	7H:415872671	415872671	FALSE	0.3086	0.1928	0.715
fiber_L16	fiber	7H:415651802	7H:415872917	415872917	FALSE	0.2876	0.008075	2.0928
fiber_L16	fiber	7H:415651802	7H:415876158	415876158	FALSE	0.3142	0.2924	0.534
fiber_L16	fiber	7H:415651802	7H:415879062	415879062	FALSE	0.1568	9.986e-05	4.0006
fiber_L16	fiber	7H:415651802	7H:415881599	415881599	FALSE	0.1552	0.003006	2.522
fiber_L16	fiber	7H:415651802	7H:415885179	415885179	FALSE	0.1667	8.377e-06	5.0769
fiber_L16	fiber	7H:415651802	7H:415886898	415886898	FALSE	0.1638	0.007981	2.0979
fiber_L16	fiber	7H:415651802	7H:415887908	415887908	FALSE	0.1583	0.0001064	3.9729
fiber_L16	fiber	7H:415651802	7H:415888421	415888421	FALSE	0.1787	2.355e-05	4.628
fiber_L16	fiber	7H:415651802	7H:415888723	415888723	FALSE	0.1632	3.13e-06	5.5044
fiber_L16	fiber	7H:415651802	7H:415895736	415895736	FALSE	0.1818	7.564e-05	4.1212
fiber_L16	fiber	7H:415651802	7H:415895925	415895925	FALSE	0.0894	0.02288	1.6405
fiber_L16	fiber	7H:415651802	7H:415898460	415898460	FALSE	0.2638	0.0008471	3.0721
fiber_L16	fiber	7H:415651802	7H:415903715	415903715	FALSE	0.1646	0.0001907	3.7196
fiber_L16	fiber	7H:415651802	7H:415904320	415904320	FALSE	0.1702	3.387e-06	5.4702
fiber_L16	fiber	7H:415651802	7H:415905478	415905478	FALSE	0.1743	5.041e-05	4.2975
fiber_L16	fiber	7H:415651802	7H:415905811	415905811	FALSE	0.1097	0.004013	2.3965
fiber_L16	fiber	7H:415651802	7H:415910066	415910066	FALSE	0.1787	0.0001269	3.8965
fiber_L16	fiber	7H:415651802	7H:415910236	415910236	FALSE	0.3051	0.004571	2.34
fiber_L16	fiber	7H:415651802	7H:415910742	415910742	FALSE	0.1757	3.176e-05	4.4981
fiber_L16	fiber	7H:415651802	7H:415913608	415913608	FALSE	0.244	0.0009434	3.0253
fiber_L16	fiber	7H:415651802	7H:415913727	415913727	FALSE	0.175	0.0003727	3.4286
fiber_L16	fiber	7H:415651802	7H:415915477	415915477	FALSE	0.1602	0.003222	2.4919
fiber_L16	fiber	7H:415651802	7H:415918976	415918976	FALSE	0.179	1.369e-06	5.8637
fiber_L16	fiber	7H:415651802	7H:415923348	415923348	FALSE	0.1739	0.03899	1.409
fiber_L16	fiber	7H:415651802	7H:415959563	415959563	FALSE	0.2607	0.03882	1.4109
fiber_L16	fiber	7H:415651802	7H:415960093	415960093	FALSE	0.176	0.0001039	3.9835
fiber_L16	fiber	7H:415651802	7H:415968038	415968038	FALSE	0.0946	0.008656	2.0627
fiber_L16	fiber	7H:415651802	7H:415968756	415968756	FALSE	0.1784	0.0003811	3.419
fiber_L16	fiber	7H:415651802	7H:415970182	415970182	FALSE	0.1775	0.002159	2.6657
fiber_L16	fiber	7H:415651802	7H:415980960	415980960	FALSE	0.2602	0.0241	1.618
fiber_L16	fiber	7H:415651802	7H:415984432	415984432	FALSE	0.2427	0.01631	1.7874
fiber_L16	fiber	7H:415651802	7H:415992152	415992152	FALSE	0.308	0.02351	1.6288
fiber_L16	fiber	7H:415651802	7H:416009321	416009321	FALSE	0.1082	0.08258	1.0831
fiber_L16	fiber	7H:415651802	7H:416014746	416014746	FALSE	0.3246	0.04191	1.3777
fiber_L16	fiber	7H:415651802	7H:416018030	416018030	FALSE	0.3222	0.3961	0.4022
fiber_L16	fiber	7H:415651802	7H:416019240	416019240	FALSE	0.302	0.03895	1.4095
fiber_L16	fiber	7H:415651802	7H:416019317	416019317	FALSE	0.1762	5.73e-06	5.2418
fiber_L16	fiber	7H:415651802	7H:416021582	416021582	FALSE	0.1021	0.02919	1.5347
fiber_L16	fiber	7H:415651802	7H:416025062	416025062	FALSE	0.1652	0.001183	2.9271
fiber_L16	fiber	7H:415651802	7H:416031871	416031871	FALSE	0.1037	0.0007248	3.1398
fiber_L16	fiber	7H:415651802	7H:416071388	416071388	FALSE	0.2068	0.0588	1.2306
fiber_L16	fiber	7H:415651802	7H:416086428	416086428	FALSE	0.0928	0.004712	2.3268
fiber_L16	fiber	7H:415651802	7H:416086790	416086790	FALSE	0.0979	0.002361	2.6269
fiber_L17	fiber	7H:573606306	7H:573606306	573606306	TRUE	0.1701	5.687e-08	7.2451
fiber_L17	fiber	7H:573606306	7H:573606460	573606460	FALSE	0.1471	4.606e-06	5.3367
fiber_L17	fiber	7H:573606306	7H:573606491	573606491	FALSE	0.1404	1.94e-06	5.7122
fiber_L18	fiber	7H:586569512	7H:586569512	586569512	TRUE	0.0502	2.112e-07	6.6754
protein_L01	protein	3H:106623911	3H:105636634	105636634	FALSE	0.1149	0.4416	0.3549
protein_L01	protein	3H:106623911	3H:105639551	105639551	FALSE	0.1508	0.05575	1.2538
protein_L01	protein	3H:106623911	3H:105640919	105640919	FALSE	0.1339	0.2059	0.6864
protein_L01	protein	3H:106623911	3H:105640920	105640920	FALSE	0.1339	0.2059	0.6864
protein_L01	protein	3H:106623911	3H:105650229	105650229	FALSE	0.1404	0.0424	1.3726
protein_L01	protein	3H:106623911	3H:105682419	105682419	FALSE	0.1423	0.002879	2.5407
protein_L01	protein	3H:106623911	3H:105713778	105713778	FALSE	0.1552	0.01555	1.8082
protein_L01	protein	3H:106623911	3H:105725638	105725638	FALSE	0.1286	0.2171	0.6634
protein_L01	protein	3H:106623911	3H:105771650	105771650	FALSE	0.1266	0.343	0.4647
protein_L01	protein	3H:106623911	3H:105777063	105777063	FALSE	0.1311	0.6316	0.1996
protein_L01	protein	3H:106623911	3H:105795742	105795742	FALSE	0.1339	0.1399	0.8543
protein_L01	protein	3H:106623911	3H:105804564	105804564	FALSE	0.1447	0.2639	0.5785
protein_L01	protein	3H:106623911	3H:105809078	105809078	FALSE	0.125	0.6606	0.1801
protein_L01	protein	3H:106623911	3H:105818091	105818091	FALSE	0.1504	0.3481	0.4582
protein_L01	protein	3H:106623911	3H:105821425	105821425	FALSE	0.1301	0.1531	0.815
protein_L01	protein	3H:106623911	3H:105841891	105841891	FALSE	0.1724	0.2008	0.6973
protein_L01	protein	3H:106623911	3H:105842154	105842154	FALSE	0.1446	0.1197	0.922
protein_L01	protein	3H:106623911	3H:105880429	105880429	FALSE	0.15	0.03775	1.4231
protein_L01	protein	3H:106623911	3H:105880430	105880430	FALSE	0.15	0.03775	1.4231
protein_L01	protein	3H:106623911	3H:105882031	105882031	FALSE	0.1159	0.001356	2.8677
protein_L01	protein	3H:106623911	3H:105882823	105882823	FALSE	0.1498	0.01033	1.9858
protein_L01	protein	3H:106623911	3H:105882899	105882899	FALSE	0.1837	0.07019	1.1537
protein_L01	protein	3H:106623911	3H:105888782	105888782	FALSE	0.1399	0.8493	0.0709
protein_L01	protein	3H:106623911	3H:105894215	105894215	FALSE	0.183	0.001895	2.7224
protein_L01	protein	3H:106623911	3H:105898196	105898196	FALSE	0.2133	0.09993	1.0003
protein_L01	protein	3H:106623911	3H:105902083	105902083	FALSE	0.2125	0.3311	0.48
protein_L01	protein	3H:106623911	3H:105902933	105902933	FALSE	0.1609	0.3037	0.5175
protein_L01	protein	3H:106623911	3H:105908677	105908677	FALSE	0.1625	0.009661	2.015
protein_L01	protein	3H:106623911	3H:105911992	105911992	FALSE	0.1767	0.00574	2.2411
protein_L01	protein	3H:106623911	3H:105922904	105922904	FALSE	0.1207	0.2776	0.5566
protein_L01	protein	3H:106623911	3H:105924659	105924659	FALSE	0.2324	0.1291	0.8891
protein_L01	protein	3H:106623911	3H:105927934	105927934	FALSE	0.2096	0.1116	0.9524
protein_L01	protein	3H:106623911	3H:105932390	105932390	FALSE	0.2066	0.06163	1.2102
protein_L01	protein	3H:106623911	3H:105933381	105933381	FALSE	0.2143	0.002878	2.5409
protein_L01	protein	3H:106623911	3H:105934386	105934386	FALSE	0.2731	0.01443	1.8407
protein_L01	protein	3H:106623911	3H:105935031	105935031	FALSE	0.2008	0.02034	1.6916
protein_L01	protein	3H:106623911	3H:105939042	105939042	FALSE	0.2297	0.2465	0.6082
protein_L01	protein	3H:106623911	3H:105965398	105965398	FALSE	0.2371	0.01909	1.7191
protein_L01	protein	3H:106623911	3H:105965575	105965575	FALSE	0.2387	0.04357	1.3609
protein_L01	protein	3H:106623911	3H:105972037	105972037	FALSE	0.1695	0.01448	1.8392
protein_L01	protein	3H:106623911	3H:105973167	105973167	FALSE	0.2275	0.2581	0.5882
protein_L01	protein	3H:106623911	3H:105974223	105974223	FALSE	0.2016	0.1426	0.846
protein_L01	protein	3H:106623911	3H:105978386	105978386	FALSE	0.2152	0.006641	2.1778
protein_L01	protein	3H:106623911	3H:105978391	105978391	FALSE	0.2152	0.004718	2.3262
protein_L01	protein	3H:106623911	3H:105978394	105978394	FALSE	0.2068	0.002968	2.5275
protein_L01	protein	3H:106623911	3H:105984304	105984304	FALSE	0.2083	0.1649	0.7827
protein_L01	protein	3H:106623911	3H:105988577	105988577	FALSE	0.1894	0.01121	1.9505
protein_L01	protein	3H:106623911	3H:105989766	105989766	FALSE	0.2251	0.4391	0.3575
protein_L01	protein	3H:106623911	3H:105997494	105997494	FALSE	0.1826	0.01081	1.9661
protein_L01	protein	3H:106623911	3H:105999994	105999994	FALSE	0.1921	0.05562	1.2548
protein_L01	protein	3H:106623911	3H:106002533	106002533	FALSE	0.2265	0.01402	1.8531
protein_L01	protein	3H:106623911	3H:106006790	106006790	FALSE	0.2574	0.1004	0.9985
protein_L01	protein	3H:106623911	3H:106008774	106008774	FALSE	0.1883	0.04134	1.3837
protein_L01	protein	3H:106623911	3H:106008954	106008954	FALSE	0.208	0.1723	0.7638
protein_L01	protein	3H:106623911	3H:106014179	106014179	FALSE	0.2108	0.1245	0.905
protein_L01	protein	3H:106623911	3H:106014878	106014878	FALSE	0.2594	0.2078	0.6825
protein_L01	protein	3H:106623911	3H:106014885	106014885	FALSE	0.2375	0.2333	0.6321
protein_L01	protein	3H:106623911	3H:106015125	106015125	FALSE	0.2116	0.004703	2.3276
protein_L01	protein	3H:106623911	3H:106015296	106015296	FALSE	0.2669	0.0266	1.575
protein_L01	protein	3H:106623911	3H:106016344	106016344	FALSE	0.2532	0.03416	1.4665
protein_L01	protein	3H:106623911	3H:106017404	106017404	FALSE	0.3375	0.2897	0.5381
protein_L01	protein	3H:106623911	3H:106024812	106024812	FALSE	0.2208	0.007723	2.1122
protein_L01	protein	3H:106623911	3H:106025062	106025062	FALSE	0.2131	0.01322	1.8786
protein_L01	protein	3H:106623911	3H:106026360	106026360	FALSE	0.2094	0.04651	1.3325
protein_L01	protein	3H:106623911	3H:106027199	106027199	FALSE	0.2294	0.02816	1.5504
protein_L01	protein	3H:106623911	3H:106029950	106029950	FALSE	0.1639	0.06563	1.1829
protein_L01	protein	3H:106623911	3H:106030407	106030407	FALSE	0.2017	0.004989	2.3019
protein_L01	protein	3H:106623911	3H:106030568	106030568	FALSE	0.2241	0.09623	1.0167
protein_L01	protein	3H:106623911	3H:106030765	106030765	FALSE	0.1667	0.07859	1.1047
protein_L01	protein	3H:106623911	3H:106032572	106032572	FALSE	0.2189	0.1843	0.7344
protein_L01	protein	3H:106623911	3H:106038623	106038623	FALSE	0.2255	0.6101	0.2146
protein_L01	protein	3H:106623911	3H:106039711	106039711	FALSE	0.2043	0.003656	2.4371
protein_L01	protein	3H:106623911	3H:106040581	106040581	FALSE	0.2565	0.09022	1.0447
protein_L01	protein	3H:106623911	3H:106043223	106043223	FALSE	0.2198	0.09853	1.0065
protein_L01	protein	3H:106623911	3H:106048574	106048574	FALSE	0.2314	0.1414	0.8495
protein_L01	protein	3H:106623911	3H:106052344	106052344	FALSE	0.2588	0.8293	0.0813
protein_L01	protein	3H:106623911	3H:106053216	106053216	FALSE	0.2094	0.01581	1.801
protein_L01	protein	3H:106623911	3H:106053484	106053484	FALSE	0.2176	0.06322	1.1991
protein_L01	protein	3H:106623911	3H:106058312	106058312	FALSE	0.2381	0.2333	0.632
protein_L01	protein	3H:106623911	3H:106076703	106076703	FALSE	0.2747	0.008486	2.0713
protein_L01	protein	3H:106623911	3H:106078204	106078204	FALSE	0.2403	0.2375	0.6244
protein_L01	protein	3H:106623911	3H:106079006	106079006	FALSE	0.2032	0.001761	2.7543
protein_L01	protein	3H:106623911	3H:106079427	106079427	FALSE	0.2664	0.476	0.3224
protein_L01	protein	3H:106623911	3H:106084321	106084321	FALSE	0.1464	0.01091	1.9624
protein_L01	protein	3H:106623911	3H:106107578	106107578	FALSE	0.2597	0.01258	1.9004
protein_L01	protein	3H:106623911	3H:106130525	106130525	FALSE	0.2792	0.7563	0.1213
protein_L01	protein	3H:106623911	3H:106131617	106131617	FALSE	0.2699	0.05332	1.2731
protein_L01	protein	3H:106623911	3H:106134725	106134725	FALSE	0.185	0.002688	2.5706
protein_L01	protein	3H:106623911	3H:106135022	106135022	FALSE	0.2983	0.02717	1.566
protein_L01	protein	3H:106623911	3H:106136907	106136907	FALSE	0.211	0.01459	1.8361
protein_L01	protein	3H:106623911	3H:106139730	106139730	FALSE	0.2112	0.0515	1.2882
protein_L01	protein	3H:106623911	3H:106146743	106146743	FALSE	0.2183	0.03396	1.469
protein_L01	protein	3H:106623911	3H:106146986	106146986	FALSE	0.2664	0.04384	1.3582
protein_L01	protein	3H:106623911	3H:106147809	106147809	FALSE	0.2712	0.2081	0.6817
protein_L01	protein	3H:106623911	3H:106150814	106150814	FALSE	0.1792	0.0428	1.3685
protein_L01	protein	3H:106623911	3H:106167070	106167070	FALSE	0.2091	0.06819	1.1663
protein_L01	protein	3H:106623911	3H:106170529	106170529	FALSE	0.1903	0.01125	1.9488
protein_L01	protein	3H:106623911	3H:106172456	106172456	FALSE	0.2775	0.0471	1.327
protein_L01	protein	3H:106623911	3H:106173497	106173497	FALSE	0.292	0.2621	0.5816
protein_L01	protein	3H:106623911	3H:106175833	106175833	FALSE	0.2667	0.0218	1.6616
protein_L01	protein	3H:106623911	3H:106187717	106187717	FALSE	0.2554	0.01759	1.7547
protein_L01	protein	3H:106623911	3H:106189352	106189352	FALSE	0.1747	0.2635	0.5792
protein_L01	protein	3H:106623911	3H:106190603	106190603	FALSE	0.2522	0.01236	1.908
protein_L01	protein	3H:106623911	3H:106190987	106190987	FALSE	0.1602	0.1158	0.9361
protein_L01	protein	3H:106623911	3H:106192219	106192219	FALSE	0.1917	4.665e-05	4.3311
protein_L01	protein	3H:106623911	3H:106193945	106193945	FALSE	0.2647	0.04564	1.3407
protein_L01	protein	3H:106623911	3H:106194911	106194911	FALSE	0.3856	0.03531	1.4521
protein_L01	protein	3H:106623911	3H:106196657	106196657	FALSE	0.2311	0.6429	0.1919
protein_L01	protein	3H:106623911	3H:106197045	106197045	FALSE	0.1901	0.1231	0.9096
protein_L01	protein	3H:106623911	3H:106198287	106198287	FALSE	0.1976	0.1243	0.9057
protein_L01	protein	3H:106623911	3H:106198409	106198409	FALSE	0.2803	0.03454	1.4616
protein_L01	protein	3H:106623911	3H:106198707	106198707	FALSE	0.232	0.005388	2.2686
protein_L01	protein	3H:106623911	3H:106204230	106204230	FALSE	0.2647	0.1864	0.7296
protein_L01	protein	3H:106623911	3H:106204237	106204237	FALSE	0.1841	0.1919	0.717
protein_L01	protein	3H:106623911	3H:106206159	106206159	FALSE	0.1992	0.4907	0.3092
protein_L01	protein	3H:106623911	3H:106211653	106211653	FALSE	0.1176	0.4848	0.3145
protein_L01	protein	3H:106623911	3H:106212401	106212401	FALSE	0.1595	0.1401	0.8536
protein_L01	protein	3H:106623911	3H:106214356	106214356	FALSE	0.2614	0.05664	1.2469
protein_L01	protein	3H:106623911	3H:106214474	106214474	FALSE	0.25	0.07032	1.1529
protein_L01	protein	3H:106623911	3H:106216857	106216857	FALSE	0.2704	0.2066	0.6848
protein_L01	protein	3H:106623911	3H:106216888	106216888	FALSE	0.2583	0.1698	0.7701
protein_L01	protein	3H:106623911	3H:106219724	106219724	FALSE	0.1983	0.0153	1.8154
protein_L01	protein	3H:106623911	3H:106225902	106225902	FALSE	0.3004	0.06624	1.1789
protein_L01	protein	3H:106623911	3H:106246108	106246108	FALSE	0.2391	0.04022	1.3955
protein_L01	protein	3H:106623911	3H:106246784	106246784	FALSE	0.2018	0.0102	1.9913
protein_L01	protein	3H:106623911	3H:106249307	106249307	FALSE	0.2876	0.1553	0.8088
protein_L01	protein	3H:106623911	3H:106250090	106250090	FALSE	0.1624	0.1424	0.8466
protein_L01	protein	3H:106623911	3H:106258097	106258097	FALSE	0.2325	0.1473	0.8319
protein_L01	protein	3H:106623911	3H:106263913	106263913	FALSE	0.1923	0.04579	1.3392
protein_L01	protein	3H:106623911	3H:106264987	106264987	FALSE	0.2391	0.05524	1.2577
protein_L01	protein	3H:106623911	3H:106266562	106266562	FALSE	0.2543	0.3305	0.4809
protein_L01	protein	3H:106623911	3H:106266636	106266636	FALSE	0.2478	0.2944	0.531
protein_L01	protein	3H:106623911	3H:106271812	106271812	FALSE	0.3391	0.0064	2.1938
protein_L01	protein	3H:106623911	3H:106272020	106272020	FALSE	0.1724	0.03211	1.4933
protein_L01	protein	3H:106623911	3H:106274281	106274281	FALSE	0.2773	0.2577	0.5889
protein_L01	protein	3H:106623911	3H:106278748	106278748	FALSE	0.2553	0.0044	2.3565
protein_L01	protein	3H:106623911	3H:106282042	106282042	FALSE	0.1556	0.2217	0.6543
protein_L01	protein	3H:106623911	3H:106285225	106285225	FALSE	0.2398	0.1807	0.7431
protein_L01	protein	3H:106623911	3H:106287433	106287433	FALSE	0.25	0.3097	0.509
protein_L01	protein	3H:106623911	3H:106287954	106287954	FALSE	0.2182	0.008694	2.0608
protein_L01	protein	3H:106623911	3H:106289920	106289920	FALSE	0.2511	0.1115	0.9527
protein_L01	protein	3H:106623911	3H:106299945	106299945	FALSE	0.1907	0.1608	0.7937
protein_L01	protein	3H:106623911	3H:106304024	106304024	FALSE	0.2727	0.08106	1.0912
protein_L01	protein	3H:106623911	3H:106304057	106304057	FALSE	0.2699	0.03969	1.4013
protein_L01	protein	3H:106623911	3H:106307109	106307109	FALSE	0.188	0.02282	1.6416
protein_L01	protein	3H:106623911	3H:106309696	106309696	FALSE	0.2035	0.01884	1.725
protein_L01	protein	3H:106623911	3H:106316169	106316169	FALSE	0.2044	0.02951	1.53
protein_L01	protein	3H:106623911	3H:106345624	106345624	FALSE	0.1404	0.3049	0.5158
protein_L01	protein	3H:106623911	3H:106348974	106348974	FALSE	0.2108	0.3443	0.4631
protein_L01	protein	3H:106623911	3H:106374140	106374140	FALSE	0.2069	0.01573	1.8032
protein_L01	protein	3H:106623911	3H:106376455	106376455	FALSE	0.2656	0.1547	0.8106
protein_L01	protein	3H:106623911	3H:106377896	106377896	FALSE	0.2575	0.003326	2.4781
protein_L01	protein	3H:106623911	3H:106384044	106384044	FALSE	0.2446	0.04341	1.3624
protein_L01	protein	3H:106623911	3H:106395838	106395838	FALSE	0.2609	0.02519	1.5987
protein_L01	protein	3H:106623911	3H:106397286	106397286	FALSE	0.2511	0.02215	1.6547
protein_L01	protein	3H:106623911	3H:106399004	106399004	FALSE	0.2573	0.08433	1.074
protein_L01	protein	3H:106623911	3H:106409541	106409541	FALSE	0.2338	0.02509	1.6006
protein_L01	protein	3H:106623911	3H:106409951	106409951	FALSE	0.1701	0.1023	0.9903
protein_L01	protein	3H:106623911	3H:106413115	106413115	FALSE	0.1217	0.9439	0.0251
protein_L01	protein	3H:106623911	3H:106417598	106417598	FALSE	0.279	0.07203	1.1425
protein_L01	protein	3H:106623911	3H:106428880	106428880	FALSE	0.1739	0.04141	1.3829
protein_L01	protein	3H:106623911	3H:106431853	106431853	FALSE	0.2857	0.002595	2.5858
protein_L01	protein	3H:106623911	3H:106435241	106435241	FALSE	0.2983	0.05515	1.2584
protein_L01	protein	3H:106623911	3H:106438443	106438443	FALSE	0.3319	0.03863	1.413
protein_L01	protein	3H:106623911	3H:106439786	106439786	FALSE	0.3246	0.004003	2.3976
protein_L01	protein	3H:106623911	3H:106450341	106450341	FALSE	0.144	0.3447	0.4625
protein_L01	protein	3H:106623911	3H:106450838	106450838	FALSE	0.2778	0.02434	1.6137
protein_L01	protein	3H:106623911	3H:106471507	106471507	FALSE	0.1762	0.5866	0.2317
protein_L01	protein	3H:106623911	3H:106472877	106472877	FALSE	0.2731	0.06411	1.1931
protein_L01	protein	3H:106623911	3H:106473507	106473507	FALSE	0.1624	0.04961	1.3044
protein_L01	protein	3H:106623911	3H:106474525	106474525	FALSE	0.2845	0.03029	1.5187
protein_L01	protein	3H:106623911	3H:106477570	106477570	FALSE	0.1909	0.02342	1.6304
protein_L01	protein	3H:106623911	3H:106506574	106506574	FALSE	0.1674	0.02195	1.6585
protein_L01	protein	3H:106623911	3H:106509656	106509656	FALSE	0.2468	0.07005	1.1546
protein_L01	protein	3H:106623911	3H:106513259	106513259	FALSE	0.1794	0.07052	1.1517
protein_L01	protein	3H:106623911	3H:106513567	106513567	FALSE	0.2652	0.03254	1.4875
protein_L01	protein	3H:106623911	3H:106515214	106515214	FALSE	0.2479	0.3644	0.4384
protein_L01	protein	3H:106623911	3H:106516917	106516917	FALSE	0.1888	0.001256	2.9009
protein_L01	protein	3H:106623911	3H:106517136	106517136	FALSE	0.2894	0.06261	1.2033
protein_L01	protein	3H:106623911	3H:106518738	106518738	FALSE	0.3049	0.01755	1.7558
protein_L01	protein	3H:106623911	3H:106526233	106526233	FALSE	0.2616	0.06418	1.1926
protein_L01	protein	3H:106623911	3H:106526467	106526467	FALSE	0.2731	0.2265	0.6449
protein_L01	protein	3H:106623911	3H:106527040	106527040	FALSE	0.1718	0.0202	1.6947
protein_L01	protein	3H:106623911	3H:106534174	106534174	FALSE	0.2596	0.08831	1.054
protein_L01	protein	3H:106623911	3H:106538724	106538724	FALSE	0.3375	0.6762	0.1699
protein_L01	protein	3H:106623911	3H:106542278	106542278	FALSE	0.279	0.2099	0.678
protein_L01	protein	3H:106623911	3H:106543795	106543795	FALSE	0.1829	0.001295	2.8877
protein_L01	protein	3H:106623911	3H:106549832	106549832	FALSE	0.2543	0.003214	2.493
protein_L01	protein	3H:106623911	3H:106550589	106550589	FALSE	0.1687	0.05848	1.233
protein_L01	protein	3H:106623911	3H:106556785	106556785	FALSE	0.1667	0.133	0.876
protein_L01	protein	3H:106623911	3H:106574048	106574048	FALSE	0.2664	0.1223	0.9126
protein_L01	protein	3H:106623911	3H:106574916	106574916	FALSE	0.1942	0.01997	1.6996
protein_L01	protein	3H:106623911	3H:106575307	106575307	FALSE	0.1913	0.04887	1.3109
protein_L01	protein	3H:106623911	3H:106575310	106575310	FALSE	0.187	0.05118	1.2909
protein_L01	protein	3H:106623911	3H:106579265	106579265	FALSE	0.1983	0.0664	1.1778
protein_L01	protein	3H:106623911	3H:106583110	106583110	FALSE	0.1392	0.01839	1.7355
protein_L01	protein	3H:106623911	3H:106585593	106585593	FALSE	0.234	0.03864	1.413
protein_L01	protein	3H:106623911	3H:106586950	106586950	FALSE	0.1652	0.06714	1.173
protein_L01	protein	3H:106623911	3H:106589870	106589870	FALSE	0.2227	0.05518	1.2582
protein_L01	protein	3H:106623911	3H:106593381	106593381	FALSE	0.2314	0.08646	1.0632
protein_L01	protein	3H:106623911	3H:106599143	106599143	FALSE	0.2383	0.04794	1.3193
protein_L01	protein	3H:106623911	3H:106600641	106600641	FALSE	0.2658	0.03571	1.4472
protein_L01	protein	3H:106623911	3H:106601920	106601920	FALSE	0.1991	0.2856	0.5442
protein_L01	protein	3H:106623911	3H:106603609	106603609	FALSE	0.2565	0.03309	1.4803
protein_L01	protein	3H:106623911	3H:106613446	106613446	FALSE	0.1965	0.9535	0.0207
protein_L01	protein	3H:106623911	3H:106619745	106619745	FALSE	0.1822	0.0008778	3.0566
protein_L01	protein	3H:106623911	3H:106620899	106620899	FALSE	0.1795	0.00403	2.3947
protein_L01	protein	3H:106623911	3H:106622562	106622562	FALSE	0.2542	0.02582	1.5881
protein_L01	protein	3H:106623911	3H:106622570	106622570	FALSE	0.2605	0.009729	2.0119
protein_L01	protein	3H:106623911	3H:106622728	106622728	FALSE	0.2017	0.3521	0.4533
protein_L01	protein	3H:106623911	3H:106623477	106623477	FALSE	0.2576	0.04197	1.377
protein_L01	protein	3H:106623911	3H:106623911	106623911	TRUE	0.1799	3.69e-07	6.433
protein_L01	protein	3H:106623911	3H:106624032	106624032	FALSE	0.2876	0.02038	1.6908
protein_L01	protein	3H:106623911	3H:106624251	106624251	FALSE	0.1711	0.004183	2.3785
protein_L01	protein	3H:106623911	3H:106624766	106624766	FALSE	0.2957	0.03974	1.4007
protein_L01	protein	3H:106623911	3H:106625140	106625140	FALSE	0.2227	0.8149	0.0889
protein_L01	protein	3H:106623911	3H:106627474	106627474	FALSE	0.1393	0.1689	0.7725
protein_L01	protein	3H:106623911	3H:106627750	106627750	FALSE	0.1822	0.3229	0.4909
protein_L01	protein	3H:106623911	3H:106629438	106629438	FALSE	0.1754	0.03249	1.4883
protein_L01	protein	3H:106623911	3H:106630884	106630884	FALSE	0.2318	0.1546	0.8107
protein_L01	protein	3H:106623911	3H:106631603	106631603	FALSE	0.251	0.04514	1.3455
protein_L01	protein	3H:106623911	3H:106631807	106631807	FALSE	0.2704	0.01342	1.8723
protein_L01	protein	3H:106623911	3H:106632478	106632478	FALSE	0.2599	0.1058	0.9756
protein_L01	protein	3H:106623911	3H:106634951	106634951	FALSE	0.2638	0.1619	0.7908
protein_L01	protein	3H:106623911	3H:106636609	106636609	FALSE	0.2834	0.09744	1.0113
protein_L01	protein	3H:106623911	3H:106639236	106639236	FALSE	0.3084	0.0112	1.9506
protein_L01	protein	3H:106623911	3H:106640524	106640524	FALSE	0.2511	0.1394	0.8557
protein_L01	protein	3H:106623911	3H:106646580	106646580	FALSE	0.2632	0.176	0.7545
protein_L01	protein	3H:106623911	3H:106646876	106646876	FALSE	0.2661	0.02132	1.6713
protein_L01	protein	3H:106623911	3H:106648899	106648899	FALSE	0.1506	0.08208	1.0858
protein_L01	protein	3H:106623911	3H:106649490	106649490	FALSE	0.1453	0.9368	0.0284
protein_L01	protein	3H:106623911	3H:106651290	106651290	FALSE	0.1496	0.06794	1.1679
protein_L01	protein	3H:106623911	3H:106657296	106657296	FALSE	0.2035	0.3389	0.4699
protein_L01	protein	3H:106623911	3H:106665803	106665803	FALSE	0.2754	0.1091	0.9622
protein_L01	protein	3H:106623911	3H:106666881	106666881	FALSE	0.2052	0.01393	1.8561
protein_L01	protein	3H:106623911	3H:106677255	106677255	FALSE	0.2828	0.05429	1.2653
protein_L01	protein	3H:106623911	3H:106677881	106677881	FALSE	0.1787	0.01635	1.7865
protein_L01	protein	3H:106623911	3H:106679746	106679746	FALSE	0.2669	0.007151	2.1457
protein_L01	protein	3H:106623911	3H:106679752	106679752	FALSE	0.1878	0.00237	2.6252
protein_L01	protein	3H:106623911	3H:106679758	106679758	FALSE	0.1901	0.001699	2.7698
protein_L01	protein	3H:106623911	3H:106712015	106712015	FALSE	0.307	0.225	0.6478
protein_L01	protein	3H:106623911	3H:106713002	106713002	FALSE	0.2826	0.003267	2.4859
protein_L01	protein	3H:106623911	3H:106713537	106713537	FALSE	0.1921	0.1821	0.7398
protein_L01	protein	3H:106623911	3H:106714102	106714102	FALSE	0.1489	0.1515	0.8196
protein_L01	protein	3H:106623911	3H:106715505	106715505	FALSE	0.1814	0.005701	2.2441
protein_L01	protein	3H:106623911	3H:106716715	106716715	FALSE	0.1786	0.2079	0.6822
protein_L01	protein	3H:106623911	3H:106719642	106719642	FALSE	0.2661	0.09845	1.0068
protein_L01	protein	3H:106623911	3H:106722334	106722334	FALSE	0.2807	0.06569	1.1825
protein_L01	protein	3H:106623911	3H:106728106	106728106	FALSE	0.2826	0.1706	0.7681
protein_L01	protein	3H:106623911	3H:106732147	106732147	FALSE	0.2087	0.1634	0.7868
protein_L01	protein	3H:106623911	3H:106735924	106735924	FALSE	0.185	0.4043	0.3933
protein_L01	protein	3H:106623911	3H:106738959	106738959	FALSE	0.179	0.007602	2.1191
protein_L01	protein	3H:106623911	3H:106741411	106741411	FALSE	0.2845	0.01644	1.784
protein_L01	protein	3H:106623911	3H:106745741	106745741	FALSE	0.2511	0.3365	0.473
protein_L01	protein	3H:106623911	3H:106747426	106747426	FALSE	0.2522	0.03152	1.5014
protein_L01	protein	3H:106623911	3H:106752129	106752129	FALSE	0.2957	0.4137	0.3833
protein_L01	protein	3H:106623911	3H:106752148	106752148	FALSE	0.163	0.7082	0.1498
protein_L01	protein	3H:106623911	3H:106777804	106777804	FALSE	0.1867	0.1488	0.8275
protein_L01	protein	3H:106623911	3H:106779200	106779200	FALSE	0.2294	0.41	0.3872
protein_L01	protein	3H:106623911	3H:106779601	106779601	FALSE	0.2704	0.00767	2.1152
protein_L01	protein	3H:106623911	3H:106781810	106781810	FALSE	0.1789	0.0763	1.1175
protein_L01	protein	3H:106623911	3H:106783953	106783953	FALSE	0.1602	0.1366	0.8645
protein_L01	protein	3H:106623911	3H:106788182	106788182	FALSE	0.2458	0.0194	1.7123
protein_L01	protein	3H:106623911	3H:106792123	106792123	FALSE	0.225	0.02089	1.6802
protein_L01	protein	3H:106623911	3H:106795785	106795785	FALSE	0.1373	0.1178	0.9289
protein_L01	protein	3H:106623911	3H:106799080	106799080	FALSE	0.2185	0.4756	0.3227
protein_L01	protein	3H:106623911	3H:106800573	106800573	FALSE	0.235	0.1435	0.8431
protein_L01	protein	3H:106623911	3H:106801285	106801285	FALSE	0.2445	0.0027	2.5686
protein_L01	protein	3H:106623911	3H:106802642	106802642	FALSE	0.2479	0.08509	1.0701
protein_L01	protein	3H:106623911	3H:106804104	106804104	FALSE	0.249	0.01895	1.7224
protein_L01	protein	3H:106623911	3H:106805400	106805400	FALSE	0.1967	0.007195	2.143
protein_L01	protein	3H:106623911	3H:106812209	106812209	FALSE	0.2479	0.008773	2.0568
protein_L01	protein	3H:106623911	3H:106813562	106813562	FALSE	0.2051	0.00531	2.2749
protein_L01	protein	3H:106623911	3H:106813715	106813715	FALSE	0.287	0.1512	0.8203
protein_L01	protein	3H:106623911	3H:106815131	106815131	FALSE	0.2807	0.05239	1.2807
protein_L01	protein	3H:106623911	3H:106819461	106819461	FALSE	0.1644	0.1413	0.8498
protein_L01	protein	3H:106623911	3H:106828525	106828525	FALSE	0.2521	0.01086	1.9643
protein_L01	protein	3H:106623911	3H:106840658	106840658	FALSE	0.2638	0.007489	2.1256
protein_L01	protein	3H:106623911	3H:106840832	106840832	FALSE	0.2815	0.003819	2.418
protein_L01	protein	3H:106623911	3H:106842753	106842753	FALSE	0.2597	0.1992	0.7008
protein_L01	protein	3H:106623911	3H:106846503	106846503	FALSE	0.2585	0.03385	1.4704
protein_L01	protein	3H:106623911	3H:106846520	106846520	FALSE	0.2542	0.04978	1.3029
protein_L01	protein	3H:106623911	3H:106849159	106849159	FALSE	0.2304	0.006262	2.2033
protein_L01	protein	3H:106623911	3H:106855003	106855003	FALSE	0.2059	0.004959	2.3046
protein_L01	protein	3H:106623911	3H:106858937	106858937	FALSE	0.2521	0.5525	0.2577
protein_L01	protein	3H:106623911	3H:106859331	106859331	FALSE	0.2759	0.1237	0.9076
protein_L01	protein	3H:106623911	3H:106861587	106861587	FALSE	0.2083	0.08901	1.0506
protein_L01	protein	3H:106623911	3H:106863595	106863595	FALSE	0.2353	0.00404	2.3936
protein_L01	protein	3H:106623911	3H:106867334	106867334	FALSE	0.25	0.04549	1.3421
protein_L01	protein	3H:106623911	3H:106883802	106883802	FALSE	0.1991	0.07318	1.1356
protein_L01	protein	3H:106623911	3H:106884824	106884824	FALSE	0.2969	0.03483	1.4581
protein_L01	protein	3H:106623911	3H:106885495	106885495	FALSE	0.1392	0.111	0.9548
protein_L01	protein	3H:106623911	3H:106890487	106890487	FALSE	0.2099	0.4391	0.3574
protein_L01	protein	3H:106623911	3H:106891005	106891005	FALSE	0.2762	0.07419	1.1296
protein_L01	protein	3H:106623911	3H:106892442	106892442	FALSE	0.2907	0.1272	0.8955
protein_L01	protein	3H:106623911	3H:106896708	106896708	FALSE	0.2702	0.02981	1.5256
protein_L01	protein	3H:106623911	3H:106908400	106908400	FALSE	0.3348	0.5085	0.2937
protein_L01	protein	3H:106623911	3H:106910822	106910822	FALSE	0.2971	0.0806	1.0936
protein_L01	protein	3H:106623911	3H:106915217	106915217	FALSE	0.2597	0.009126	2.0397
protein_L01	protein	3H:106623911	3H:106917468	106917468	FALSE	0.2402	0.5589	0.2527
protein_L01	protein	3H:106623911	3H:106921171	106921171	FALSE	0.209	0.276	0.5591
protein_L01	protein	3H:106623911	3H:106921247	106921247	FALSE	0.3165	0.4255	0.3712
protein_L01	protein	3H:106623911	3H:106926472	106926472	FALSE	0.1826	0.01113	1.9536
protein_L01	protein	3H:106623911	3H:106926989	106926989	FALSE	0.2636	0.008928	2.0493
protein_L02	protein	3H:159799839	3H:159799839	159799839	TRUE	0.0601	9.004e-07	6.0456
protein_L02	protein	3H:159799839	3H:159845175	159845175	FALSE	0.0562	4.346e-05	4.3619
starch_L01	starch	1H:330432546	1H:330363275	330363275	FALSE	0.0639	0.1563	0.8062
starch_L01	starch	1H:330432546	1H:330385379	330385379	FALSE	0.1097	0.1628	0.7883
starch_L01	starch	1H:330432546	1H:330397848	330397848	FALSE	0.1055	0.01827	1.7384
starch_L01	starch	1H:330432546	1H:330416288	330416288	FALSE	0.095	0.005329	2.2734
starch_L01	starch	1H:330432546	1H:330416896	330416896	FALSE	0.1084	0.06145	1.2115
starch_L01	starch	1H:330432546	1H:330416962	330416962	FALSE	0.0699	3.482e-05	4.4582
starch_L01	starch	1H:330432546	1H:330418008	330418008	FALSE	0.0531	0.004163	2.3806
starch_L01	starch	1H:330432546	1H:330423425	330423425	FALSE	0.0814	0.006585	2.1815
starch_L01	starch	1H:330432546	1H:330426609	330426609	FALSE	0.0837	0.000112	3.9509
starch_L01	starch	1H:330432546	1H:330427668	330427668	FALSE	0.0996	0.3612	0.4423
starch_L01	starch	1H:330432546	1H:330428882	330428882	FALSE	0.0522	1.679e-05	4.775
starch_L01	starch	1H:330432546	1H:330428887	330428887	FALSE	0.0902	0.0004507	3.3461
starch_L01	starch	1H:330432546	1H:330431355	330431355	FALSE	0.1102	0.0009719	3.0124
starch_L01	starch	1H:330432546	1H:330432546	330432546	TRUE	0.0517	7.42e-07	6.1296
starch_L01	starch	1H:330432546	1H:330439804	330439804	FALSE	0.0729	0.02129	1.6718
starch_L01	starch	1H:330432546	1H:330450090	330450090	FALSE	0.0909	0.01463	1.8347
starch_L01	starch	1H:330432546	1H:330460199	330460199	FALSE	0.0858	0.003282	2.4839
starch_L01	starch	1H:330432546	1H:330463139	330463139	FALSE	0.0956	0.003631	2.44
starch_L01	starch	1H:330432546	1H:330466373	330466373	FALSE	0.0586	0.005702	2.244
starch_L01	starch	1H:330432546	1H:330468398	330468398	FALSE	0.0816	0.1505	0.8225
starch_L01	starch	1H:330432546	1H:330468424	330468424	FALSE	0.0686	0.8242	0.0839
starch_L01	starch	1H:330432546	1H:330471255	330471255	FALSE	0.1048	0.02268	1.6444
starch_L01	starch	1H:330432546	1H:330489331	330489331	FALSE	0.0522	0.002135	2.6705
starch_L01	starch	1H:330432546	1H:330510407	330510407	FALSE	0.0526	0.01424	1.8463
starch_L01	starch	1H:330432546	1H:330516451	330516451	FALSE	0.0851	0.02093	1.6792
starch_L01	starch	1H:330432546	1H:330529145	330529145	FALSE	0.0647	0.2311	0.6363
starch_L01	starch	1H:330432546	1H:330529162	330529162	FALSE	0.0596	0.202	0.6946
starch_L01	starch	1H:330432546	1H:330532078	330532078	FALSE	0.0858	0.02896	1.5383
starch_L01	starch	1H:330432546	1H:330549772	330549772	FALSE	0.0804	0.000863	3.064
starch_L01	starch	1H:330432546	1H:330562468	330562468	FALSE	0.089	0.01311	1.8825
starch_L01	starch	1H:330432546	1H:330562842	330562842	FALSE	0.0648	0.0002474	3.6067
starch_L02	starch	3H:530660057	3H:530616313	530616313	FALSE	0.4653	0.002123	2.673
starch_L02	starch	3H:530660057	3H:530616331	530616331	FALSE	0.4634	0.001349	2.8701
starch_L02	starch	3H:530660057	3H:530616385	530616385	FALSE	0.4797	0.09888	1.0049
starch_L02	starch	3H:530660057	3H:530616516	530616516	FALSE	0.458	0.0131	1.8828
starch_L02	starch	3H:530660057	3H:530617846	530617846	FALSE	0.4708	0.00314	2.5031
starch_L02	starch	3H:530660057	3H:530618838	530618838	FALSE	0.4675	0.003042	2.5169
starch_L02	starch	3H:530660057	3H:530619077	530619077	FALSE	0.4894	0.02175	1.6626
starch_L02	starch	3H:530660057	3H:530619382	530619382	FALSE	0.4628	0.1804	0.7437
starch_L02	starch	3H:530660057	3H:530619912	530619912	FALSE	0.4696	0.0006278	3.2022
starch_L02	starch	3H:530660057	3H:530621308	530621308	FALSE	0.4875	0.02698	1.569
starch_L02	starch	3H:530660057	3H:530621326	530621326	FALSE	0.4831	0.07949	1.0997
starch_L02	starch	3H:530660057	3H:530621779	530621779	FALSE	0.4786	0.06127	1.2128
starch_L02	starch	3H:530660057	3H:530621858	530621858	FALSE	0.4846	0.1026	0.9886
starch_L02	starch	3H:530660057	3H:530621941	530621941	FALSE	0.4739	0.03653	1.4374
starch_L02	starch	3H:530660057	3H:530622046	530622046	FALSE	0.4589	0.08069	1.0932
starch_L02	starch	3H:530660057	3H:530623431	530623431	FALSE	0.4585	0.04653	1.3323
starch_L02	starch	3H:530660057	3H:530623548	530623548	FALSE	0.4844	0.09081	1.0419
starch_L02	starch	3H:530660057	3H:530623628	530623628	FALSE	0.5	0.002509	2.6004
starch_L02	starch	3H:530660057	3H:530623686	530623686	FALSE	0.4915	0.03152	1.5014
starch_L02	starch	3H:530660057	3H:530623789	530623789	FALSE	0.4774	0.1613	0.7924
starch_L02	starch	3H:530660057	3H:530624067	530624067	FALSE	0.4647	0.06366	1.1961
starch_L02	starch	3H:530660057	3H:530624108	530624108	FALSE	0.4701	0.08399	1.0758
starch_L02	starch	3H:530660057	3H:530624734	530624734	FALSE	0.4756	0.1856	0.7315
starch_L02	starch	3H:530660057	3H:530625127	530625127	FALSE	0.4649	0.4933	0.3069
starch_L02	starch	3H:530660057	3H:530626397	530626397	FALSE	0.4619	0.2514	0.5996
starch_L02	starch	3H:530660057	3H:530627890	530627890	FALSE	0.459	0.04017	1.3961
starch_L02	starch	3H:530660057	3H:530627893	530627893	FALSE	0.4615	0.01847	1.7336
starch_L02	starch	3H:530660057	3H:530627974	530627974	FALSE	0.4565	0.009704	2.013
starch_L02	starch	3H:530660057	3H:530628457	530628457	FALSE	0.4593	0.08126	1.0901
starch_L02	starch	3H:530660057	3H:530628530	530628530	FALSE	0.4346	0.00546	2.2628
starch_L02	starch	3H:530660057	3H:530629166	530629166	FALSE	0.4728	0.19	0.7213
starch_L02	starch	3H:530660057	3H:530629212	530629212	FALSE	0.4978	0.06931	1.1592
starch_L02	starch	3H:530660057	3H:530629717	530629717	FALSE	0.3948	0.02812	1.551
starch_L02	starch	3H:530660057	3H:530629853	530629853	FALSE	0.4153	0.003013	2.521
starch_L02	starch	3H:530660057	3H:530630018	530630018	FALSE	0.393	0.06622	1.179
starch_L02	starch	3H:530660057	3H:530630770	530630770	FALSE	0.4444	0.3038	0.5175
starch_L02	starch	3H:530660057	3H:530631369	530631369	FALSE	0.416	0.002599	2.5852
starch_L02	starch	3H:530660057	3H:530631487	530631487	FALSE	0.4316	0.06326	1.1989
starch_L02	starch	3H:530660057	3H:530631614	530631614	FALSE	0.4417	0.001566	2.8051
starch_L02	starch	3H:530660057	3H:530631755	530631755	FALSE	0.4643	0.007163	2.1449
starch_L02	starch	3H:530660057	3H:530631837	530631837	FALSE	0.4269	0.008517	2.0697
starch_L02	starch	3H:530660057	3H:530632414	530632414	FALSE	0.419	0.01259	1.9001
starch_L02	starch	3H:530660057	3H:530632879	530632879	FALSE	0.4228	0.004197	2.377
starch_L02	starch	3H:530660057	3H:530632924	530632924	FALSE	0.436	0.003628	2.4403
starch_L02	starch	3H:530660057	3H:530632925	530632925	FALSE	0.4217	0.009562	2.0194
starch_L02	starch	3H:530660057	3H:530633132	530633132	FALSE	0.4085	0.03316	1.4794
starch_L02	starch	3H:530660057	3H:530633444	530633444	FALSE	0.4026	0.002633	2.5795
starch_L02	starch	3H:530660057	3H:530633496	530633496	FALSE	0.4215	0.0007288	3.1374
starch_L02	starch	3H:530660057	3H:530633874	530633874	FALSE	0.3906	0.03621	1.4412
starch_L02	starch	3H:530660057	3H:530634026	530634026	FALSE	0.4043	0.09107	1.0406
starch_L02	starch	3H:530660057	3H:530634136	530634136	FALSE	0.417	0.01841	1.735
starch_L02	starch	3H:530660057	3H:530634378	530634378	FALSE	0.4328	0.0003195	3.4955
starch_L02	starch	3H:530660057	3H:530634459	530634459	FALSE	0.4071	0.005986	2.2229
starch_L02	starch	3H:530660057	3H:530635766	530635766	FALSE	0.4	0.02155	1.6665
starch_L02	starch	3H:530660057	3H:530635919	530635919	FALSE	0.4069	0.2064	0.6852
starch_L02	starch	3H:530660057	3H:530637066	530637066	FALSE	0.4362	0.05081	1.2941
starch_L02	starch	3H:530660057	3H:530637128	530637128	FALSE	0.4392	0.006323	2.1991
starch_L02	starch	3H:530660057	3H:530637173	530637173	FALSE	0.4426	0.0686	1.1636
starch_L02	starch	3H:530660057	3H:530637633	530637633	FALSE	0.4249	0.002845	2.5459
starch_L02	starch	3H:530660057	3H:530637642	530637642	FALSE	0.4298	0.004916	2.3084
starch_L02	starch	3H:530660057	3H:530640842	530640842	FALSE	0.4261	0.005636	2.249
starch_L02	starch	3H:530660057	3H:530640897	530640897	FALSE	0.3846	0.2334	0.632
starch_L02	starch	3H:530660057	3H:530640920	530640920	FALSE	0.4561	0.07023	1.1535
starch_L02	starch	3H:530660057	3H:530643153	530643153	FALSE	0.4511	0.0002535	3.5961
starch_L02	starch	3H:530660057	3H:530643224	530643224	FALSE	0.4211	0.0008178	3.0874
starch_L02	starch	3H:530660057	3H:530645701	530645701	FALSE	0.3983	0.008788	2.0561
starch_L02	starch	3H:530660057	3H:530645720	530645720	FALSE	0.3966	0.01693	1.7714
starch_L02	starch	3H:530660057	3H:530645763	530645763	FALSE	0.4122	0.01355	1.868
starch_L02	starch	3H:530660057	3H:530650062	530650062	FALSE	0.3991	0.002434	2.6137
starch_L02	starch	3H:530660057	3H:530656150	530656150	FALSE	0.4273	0.001741	2.7592
starch_L02	starch	3H:530660057	3H:530656676	530656676	FALSE	0.4113	0.001342	2.8721
starch_L02	starch	3H:530660057	3H:530656688	530656688	FALSE	0.4217	9.612e-05	4.0172
starch_L02	starch	3H:530660057	3H:530657909	530657909	FALSE	0.4565	0.00234	2.6307
starch_L02	starch	3H:530660057	3H:530657910	530657910	FALSE	0.4565	0.00234	2.6307
starch_L02	starch	3H:530660057	3H:530658063	530658063	FALSE	0.4298	0.01643	1.7843
starch_L02	starch	3H:530660057	3H:530658360	530658360	FALSE	0.444	0.001687	2.773
starch_L02	starch	3H:530660057	3H:530658534	530658534	FALSE	0.4565	0.002226	2.6524
starch_L02	starch	3H:530660057	3H:530659912	530659912	FALSE	0.4459	6.298e-06	5.2008
starch_L02	starch	3H:530660057	3H:530660057	530660057	TRUE	0.4196	6.16e-07	6.2104
starch_L02	starch	3H:530660057	3H:530660456	530660456	FALSE	0.383	0.006457	2.19
starch_L02	starch	3H:530660057	3H:530660503	530660503	FALSE	0.441	0.0001772	3.7516
starch_L02	starch	3H:530660057	3H:530660654	530660654	FALSE	0.4459	0.008224	2.0849
starch_L02	starch	3H:530660057	3H:530660776	530660776	FALSE	0.476	0.0008678	3.0616
starch_L02	starch	3H:530660057	3H:530661032	530661032	FALSE	0.4291	0.003317	2.4792
starch_L02	starch	3H:530660057	3H:530664540	530664540	FALSE	0.3826	0.0003122	3.5055
starch_L02	starch	3H:530660057	3H:530674200	530674200	FALSE	0.428	0.01161	1.9353
starch_L02	starch	3H:530660057	3H:530674352	530674352	FALSE	0.4034	0.02239	1.6499
starch_L02	starch	3H:530660057	3H:530674606	530674606	FALSE	0.3772	0.01615	1.7919
starch_L02	starch	3H:530660057	3H:530674629	530674629	FALSE	0.3938	0.024	1.6199
starch_L02	starch	3H:530660057	3H:530676968	530676968	FALSE	0.4409	0.005336	2.2728
starch_L02	starch	3H:530660057	3H:530677108	530677108	FALSE	0.4317	0.0115	1.9392
starch_L02	starch	3H:530660057	3H:530677710	530677710	FALSE	0.3863	0.07063	1.151
starch_L02	starch	3H:530660057	3H:530677800	530677800	FALSE	0.3974	0.4088	0.3885
starch_L02	starch	3H:530660057	3H:530677923	530677923	FALSE	0.4351	0.01161	1.9351
starch_L02	starch	3H:530660057	3H:530677938	530677938	FALSE	0.4463	0.04625	1.3349
starch_L02	starch	3H:530660057	3H:530677995	530677995	FALSE	0.4286	0.07092	1.1492
starch_L02	starch	3H:530660057	3H:530678032	530678032	FALSE	0.425	0.03307	1.4806
starch_L02	starch	3H:530660057	3H:530678084	530678084	FALSE	0.431	0.1441	0.8413
starch_L02	starch	3H:530660057	3H:530678145	530678145	FALSE	0.4492	0.1269	0.8967
starch_L02	starch	3H:530660057	3H:530678152	530678152	FALSE	0.4412	0.1009	0.9963
starch_L02	starch	3H:530660057	3H:530678288	530678288	FALSE	0.4286	0.08502	1.0705
starch_L02	starch	3H:530660057	3H:530678800	530678800	FALSE	0.4512	0.002122	2.6734
starch_L02	starch	3H:530660057	3H:530678919	530678919	FALSE	0.313	0.09555	1.0197
starch_L02	starch	3H:530660057	3H:530679139	530679139	FALSE	0.3017	0.0527	1.2782
starch_L02	starch	3H:530660057	3H:530679171	530679171	FALSE	0.4378	0.01317	1.8805
starch_L02	starch	3H:530660057	3H:530679334	530679334	FALSE	0.4286	0.009189	2.0367
starch_L02	starch	3H:530660057	3H:530679694	530679694	FALSE	0.4375	0.1198	0.9214
starch_L02	starch	3H:530660057	3H:530679809	530679809	FALSE	0.4163	0.2151	0.6673
starch_L02	starch	3H:530660057	3H:530680026	530680026	FALSE	0.3777	0.05604	1.2515
starch_L02	starch	3H:530660057	3H:530680059	530680059	FALSE	0.4085	0.1195	0.9226
starch_L02	starch	3H:530660057	3H:530680665	530680665	FALSE	0.3246	0.001819	2.7401
starch_L02	starch	3H:530660057	3H:530680858	530680858	FALSE	0.4173	0.01806	1.7432
starch_L02	starch	3H:530660057	3H:530681134	530681134	FALSE	0.4298	0.001774	2.7509
starch_L02	starch	3H:530660057	3H:530681726	530681726	FALSE	0.4314	0.001167	2.9328
starch_L02	starch	3H:530660057	3H:530682133	530682133	FALSE	0.4098	0.005685	2.2452
starch_L02	starch	3H:530660057	3H:530682277	530682277	FALSE	0.4355	0.0309	1.5101
starch_L02	starch	3H:530660057	3H:530682624	530682624	FALSE	0.4417	0.1355	0.8679
starch_L02	starch	3H:530660057	3H:530683122	530683122	FALSE	0.4177	0.0002071	3.6837
starch_L02	starch	3H:530660057	3H:530683692	530683692	FALSE	0.4355	0.004251	2.3715
starch_L02	starch	3H:530660057	3H:530683736	530683736	FALSE	0.4408	0.001605	2.7944
starch_L02	starch	3H:530660057	3H:530683837	530683837	FALSE	0.45	0.0941	1.0264
starch_L02	starch	3H:530660057	3H:530683890	530683890	FALSE	0.438	0.01218	1.9143
starch_L02	starch	3H:530660057	3H:530704548	530704548	FALSE	0.4504	0.03733	1.428
starch_L02	starch	3H:530660057	3H:530704919	530704919	FALSE	0.4473	0.01462	1.835
starch_L02	starch	3H:530660057	3H:530705272	530705272	FALSE	0.4467	0.01615	1.7919
starch_L02	starch	3H:530660057	3H:530705398	530705398	FALSE	0.438	0.06915	1.1602
starch_L02	starch	3H:530660057	3H:530705503	530705503	FALSE	0.459	0.1772	0.7516
starch_L02	starch	3H:530660057	3H:530705557	530705557	FALSE	0.4303	0.1161	0.9353
starch_L02	starch	3H:530660057	3H:530705825	530705825	FALSE	0.4321	0.00491	2.3089
starch_L02	starch	3H:530660057	3H:530705890	530705890	FALSE	0.428	0.2773	0.5571
starch_L02	starch	3H:530660057	3H:530705968	530705968	FALSE	0.4017	0.1847	0.7335
starch_L02	starch	3H:530660057	3H:530706079	530706079	FALSE	0.4153	0.3155	0.501
starch_L02	starch	3H:530660057	3H:530706937	530706937	FALSE	0.4342	0.001241	2.9062
starch_L02	starch	3H:530660057	3H:530706990	530706990	FALSE	0.4156	0.03416	1.4665
starch_L02	starch	3H:530660057	3H:530707448	530707448	FALSE	0.4239	0.007856	2.1048
starch_L02	starch	3H:530660057	3H:530707457	530707457	FALSE	0.4274	0.01179	1.9285
starch_L02	starch	3H:530660057	3H:530707878	530707878	FALSE	0.3872	0.08832	1.0539
starch_L02	starch	3H:530660057	3H:530708060	530708060	FALSE	0.443	0.009883	2.0051
starch_L02	starch	3H:530660057	3H:530716802	530716802	FALSE	0.4355	0.0128	1.8927
starch_L02	starch	3H:530660057	3H:530730463	530730463	FALSE	0.4174	0.2157	0.6662
starch_L03	starch	3H:546433616	3H:546310483	546310483	FALSE	0.1195	0.06665	1.1762
starch_L03	starch	3H:546433616	3H:546317201	546317201	FALSE	0.1046	0.783	0.1062
starch_L03	starch	3H:546433616	3H:546317453	546317453	FALSE	0.1197	0.001627	2.7887
starch_L03	starch	3H:546433616	3H:546328615	546328615	FALSE	0.1013	0.0007316	3.1357
starch_L03	starch	3H:546433616	3H:546353149	546353149	FALSE	0.1255	1.436e-05	4.8429
starch_L03	starch	3H:546433616	3H:546356607	546356607	FALSE	0.1417	0.0008533	3.0689
starch_L03	starch	3H:546433616	3H:546359737	546359737	FALSE	0.1068	0.03513	1.4543
starch_L03	starch	3H:546433616	3H:546360025	546360025	FALSE	0.1102	0.008307	2.0805
starch_L03	starch	3H:546433616	3H:546366288	546366288	FALSE	0.113	0.05848	1.233
starch_L03	starch	3H:546433616	3H:546367419	546367419	FALSE	0.1466	0.003699	2.4319
starch_L03	starch	3H:546433616	3H:546367718	546367718	FALSE	0.1208	8.568e-06	5.0671
starch_L03	starch	3H:546433616	3H:546384850	546384850	FALSE	0.133	0.002447	2.6113
starch_L03	starch	3H:546433616	3H:546387861	546387861	FALSE	0.1787	0.02443	1.6121
starch_L03	starch	3H:546433616	3H:546389545	546389545	FALSE	0.1459	0.003548	2.4501
starch_L03	starch	3H:546433616	3H:546390534	546390534	FALSE	0.1696	0.03425	1.4653
starch_L03	starch	3H:546433616	3H:546392848	546392848	FALSE	0.1638	0.0002975	3.5265
starch_L03	starch	3H:546433616	3H:546392849	546392849	FALSE	0.1667	0.0008188	3.0868
starch_L03	starch	3H:546433616	3H:546415288	546415288	FALSE	0.1457	0.0001875	3.727
starch_L03	starch	3H:546433616	3H:546421926	546421926	FALSE	0.1174	0.03116	1.5064
starch_L03	starch	3H:546433616	3H:546422373	546422373	FALSE	0.1417	0.812	0.0904
starch_L03	starch	3H:546433616	3H:546422691	546422691	FALSE	0.1714	0.003023	2.5196
starch_L03	starch	3H:546433616	3H:546426013	546426013	FALSE	0.1154	0.007766	2.1098
starch_L03	starch	3H:546433616	3H:546427548	546427548	FALSE	0.1212	0.0005399	3.2677
starch_L03	starch	3H:546433616	3H:546430997	546430997	FALSE	0.1603	0.0125	1.903
starch_L03	starch	3H:546433616	3H:546431628	546431628	FALSE	0.1632	0.02603	1.5846
starch_L03	starch	3H:546433616	3H:546432154	546432154	FALSE	0.1167	0.01201	1.9203
starch_L03	starch	3H:546433616	3H:546432449	546432449	FALSE	0.1053	0.7002	0.1548
starch_L03	starch	3H:546433616	3H:546433616	546433616	TRUE	0.1336	4.528e-07	6.3441
starch_L03	starch	3H:546433616	3H:546435080	546435080	FALSE	0.1102	0.0001605	3.7946
starch_L03	starch	3H:546433616	3H:546435729	546435729	FALSE	0.1213	0.001793	2.7463
starch_L03	starch	3H:546433616	3H:546436263	546436263	FALSE	0.1639	0.001751	2.7567
starch_L03	starch	3H:546433616	3H:546448256	546448256	FALSE	0.1245	0.0008543	3.0684
starch_L03	starch	3H:546433616	3H:546448411	546448411	FALSE	0.1159	0.0004107	3.3865
starch_L03	starch	3H:546433616	3H:546453547	546453547	FALSE	0.1154	0.02845	1.546
starch_L03	starch	3H:546433616	3H:546454282	546454282	FALSE	0.1139	0.2111	0.6756
starch_L03	starch	3H:546433616	3H:546454859	546454859	FALSE	0.1568	0.0002956	3.5293
starch_L03	starch	3H:546433616	3H:546473398	546473398	FALSE	0.1191	0.6132	0.2124
starch_L03	starch	3H:546433616	3H:546477112	546477112	FALSE	0.1583	0.0001203	3.9197
starch_L03	starch	3H:546433616	3H:546479480	546479480	FALSE	0.0717	0.05038	1.2977
starch_L04	starch	6H:525776080	6H:525243368	525243368	FALSE	0.2974	0.002212	2.6553
starch_L04	starch	6H:525776080	6H:525243839	525243839	FALSE	0.2771	0.01392	1.8565
starch_L04	starch	6H:525776080	6H:525244220	525244220	FALSE	0.3058	0.01507	1.8219
starch_L04	starch	6H:525776080	6H:525245023	525245023	FALSE	0.2936	0.002937	2.532
starch_L04	starch	6H:525776080	6H:525245637	525245637	FALSE	0.2905	0.0007481	3.1261
starch_L04	starch	6H:525776080	6H:525245682	525245682	FALSE	0.2863	0.01615	1.7917
starch_L04	starch	6H:525776080	6H:525247080	525247080	FALSE	0.3013	0.05262	1.2788
starch_L04	starch	6H:525776080	6H:525251725	525251725	FALSE	0.2978	0.004437	2.353
starch_L04	starch	6H:525776080	6H:525254798	525254798	FALSE	0.2822	0.03681	1.434
starch_L04	starch	6H:525776080	6H:525255950	525255950	FALSE	0.2887	0.007264	2.1388
starch_L04	starch	6H:525776080	6H:525257955	525257955	FALSE	0.3133	0.002741	2.5621
starch_L04	starch	6H:525776080	6H:525259664	525259664	FALSE	0.2987	0.0692	1.1599
starch_L04	starch	6H:525776080	6H:525259913	525259913	FALSE	0.2882	0.01005	1.9977
starch_L04	starch	6H:525776080	6H:525259914	525259914	FALSE	0.2845	0.01796	1.7458
starch_L04	starch	6H:525776080	6H:525260130	525260130	FALSE	0.2927	0.001108	2.9555
starch_L04	starch	6H:525776080	6H:525261766	525261766	FALSE	0.2898	0.001714	2.766
starch_L04	starch	6H:525776080	6H:525301758	525301758	FALSE	0.2795	0.01164	1.9339
starch_L04	starch	6H:525776080	6H:525302127	525302127	FALSE	0.2926	0.0006035	3.2193
starch_L04	starch	6H:525776080	6H:525302782	525302782	FALSE	0.2926	0.0006491	3.1877
starch_L04	starch	6H:525776080	6H:525318908	525318908	FALSE	0.3277	0.002022	2.6943
starch_L04	starch	6H:525776080	6H:525321320	525321320	FALSE	0.309	0.03649	1.4378
starch_L04	starch	6H:525776080	6H:525322033	525322033	FALSE	0.2797	0.09107	1.0406
starch_L04	starch	6H:525776080	6H:525324106	525324106	FALSE	0.2996	0.01053	1.9775
starch_L04	starch	6H:525776080	6H:525324498	525324498	FALSE	0.2975	0.0003942	3.4043
starch_L04	starch	6H:525776080	6H:525324514	525324514	FALSE	0.2922	0.0005207	3.2834
starch_L04	starch	6H:525776080	6H:525327763	525327763	FALSE	0.2815	0.005024	2.299
starch_L04	starch	6H:525776080	6H:525343278	525343278	FALSE	0.3077	0.004402	2.3563
starch_L04	starch	6H:525776080	6H:525354122	525354122	FALSE	0.2828	0.02506	1.601
starch_L04	starch	6H:525776080	6H:525354154	525354154	FALSE	0.2875	0.02931	1.533
starch_L04	starch	6H:525776080	6H:525354185	525354185	FALSE	0.2954	0.02248	1.6482
starch_L04	starch	6H:525776080	6H:525365817	525365817	FALSE	0.2821	0.01122	1.9501
starch_L04	starch	6H:525776080	6H:525380981	525380981	FALSE	0.303	0.09024	1.0446
starch_L04	starch	6H:525776080	6H:525380989	525380989	FALSE	0.3	0.08008	1.0965
starch_L04	starch	6H:525776080	6H:525382470	525382470	FALSE	0.2889	0.0006809	3.1669
starch_L04	starch	6H:525776080	6H:525382964	525382964	FALSE	0.3064	0.002533	2.5964
starch_L04	starch	6H:525776080	6H:525382991	525382991	FALSE	0.3109	0.0002848	3.5454
starch_L04	starch	6H:525776080	6H:525383036	525383036	FALSE	0.3047	0.0006478	3.1886
starch_L04	starch	6H:525776080	6H:525383596	525383596	FALSE	0.3229	0.07167	1.1447
starch_L04	starch	6H:525776080	6H:525385140	525385140	FALSE	0.2857	0.002444	2.612
starch_L04	starch	6H:525776080	6H:525387733	525387733	FALSE	0.3084	0.03743	1.4268
starch_L04	starch	6H:525776080	6H:525388595	525388595	FALSE	0.3128	0.0009848	3.0066
starch_L04	starch	6H:525776080	6H:525388906	525388906	FALSE	0.2826	0.007756	2.1103
starch_L04	starch	6H:525776080	6H:525390494	525390494	FALSE	0.3017	0.00963	2.0164
starch_L04	starch	6H:525776080	6H:525400332	525400332	FALSE	0.3144	0.0002824	3.5492
starch_L04	starch	6H:525776080	6H:525400562	525400562	FALSE	0.2987	0.0013	2.886
starch_L04	starch	6H:525776080	6H:525408258	525408258	FALSE	0.2783	0.02924	1.5341
starch_L04	starch	6H:525776080	6H:525408500	525408500	FALSE	0.313	0.0001012	3.9949
starch_L04	starch	6H:525776080	6H:525408670	525408670	FALSE	0.2996	0.008595	2.0657
starch_L04	starch	6H:525776080	6H:525408953	525408953	FALSE	0.2851	0.001326	2.8774
starch_L04	starch	6H:525776080	6H:525409726	525409726	FALSE	0.2936	0.01457	1.8366
starch_L04	starch	6H:525776080	6H:525409786	525409786	FALSE	0.2863	0.001286	2.8907
starch_L04	starch	6H:525776080	6H:525409888	525409888	FALSE	0.2917	0.0002439	3.6128
starch_L04	starch	6H:525776080	6H:525410364	525410364	FALSE	0.3051	0.05471	1.2619
starch_L04	starch	6H:525776080	6H:525417847	525417847	FALSE	0.308	0.0003881	3.411
starch_L04	starch	6H:525776080	6H:525417849	525417849	FALSE	0.3021	0.000217	3.6636
starch_L04	starch	6H:525776080	6H:525417964	525417964	FALSE	0.2911	0.000303	3.5186
starch_L04	starch	6H:525776080	6H:525418126	525418126	FALSE	0.3165	0.01231	1.9098
starch_L04	starch	6H:525776080	6H:525418602	525418602	FALSE	0.303	0.0009351	3.0292
starch_L04	starch	6H:525776080	6H:525423551	525423551	FALSE	0.3013	0.0001059	3.975
starch_L04	starch	6H:525776080	6H:525423711	525423711	FALSE	0.2815	0.03218	1.4924
starch_L04	starch	6H:525776080	6H:525423890	525423890	FALSE	0.2915	0.001189	2.9249
starch_L04	starch	6H:525776080	6H:525424781	525424781	FALSE	0.2707	0.0008906	3.0503
starch_L04	starch	6H:525776080	6H:525430408	525430408	FALSE	0.2689	0.004985	2.3024
starch_L04	starch	6H:525776080	6H:525431724	525431724	FALSE	0.2992	0.1304	0.8846
starch_L04	starch	6H:525776080	6H:525432327	525432327	FALSE	0.2822	0.0338	1.4711
starch_L04	starch	6H:525776080	6H:525434442	525434442	FALSE	0.3147	0.02118	1.674
starch_L04	starch	6H:525776080	6H:525448331	525448331	FALSE	0.3051	0.02675	1.5726
starch_L04	starch	6H:525776080	6H:525448398	525448398	FALSE	0.319	0.002605	2.5843
starch_L04	starch	6H:525776080	6H:525452111	525452111	FALSE	0.4839	0.1669	0.7775
starch_L04	starch	6H:525776080	6H:525452180	525452180	FALSE	0.48	0.3125	0.5052
starch_L04	starch	6H:525776080	6H:525452738	525452738	FALSE	0.4681	0.5695	0.2445
starch_L04	starch	6H:525776080	6H:525452934	525452934	FALSE	0.405	0.1888	0.724
starch_L04	starch	6H:525776080	6H:525452937	525452937	FALSE	0.418	0.3951	0.4033
starch_L04	starch	6H:525776080	6H:525452959	525452959	FALSE	0.4232	0.323	0.4908
starch_L04	starch	6H:525776080	6H:525453157	525453157	FALSE	0.425	0.7588	0.1199
starch_L04	starch	6H:525776080	6H:525453276	525453276	FALSE	0.3913	0.02407	1.6186
starch_L04	starch	6H:525776080	6H:525454339	525454339	FALSE	0.3814	0.01498	1.8244
starch_L04	starch	6H:525776080	6H:525454923	525454923	FALSE	0.3852	0.02578	1.5886
starch_L04	starch	6H:525776080	6H:525455026	525455026	FALSE	0.4874	0.1493	0.8258
starch_L04	starch	6H:525776080	6H:525456125	525456125	FALSE	0.2906	0.01458	1.8362
starch_L04	starch	6H:525776080	6H:525456484	525456484	FALSE	0.405	0.002962	2.5284
starch_L04	starch	6H:525776080	6H:525456723	525456723	FALSE	0.4351	0.1418	0.8483
starch_L04	starch	6H:525776080	6H:525456852	525456852	FALSE	0.3347	0.01262	1.8989
starch_L04	starch	6H:525776080	6H:525457003	525457003	FALSE	0.2924	0.2245	0.6488
starch_L04	starch	6H:525776080	6H:525457026	525457026	FALSE	0.2661	0.1826	0.7385
starch_L04	starch	6H:525776080	6H:525457300	525457300	FALSE	0.3882	0.07289	1.1373
starch_L04	starch	6H:525776080	6H:525457322	525457322	FALSE	0.3814	0.09512	1.0217
starch_L04	starch	6H:525776080	6H:525457614	525457614	FALSE	0.307	0.1988	0.7015
starch_L04	starch	6H:525776080	6H:525458720	525458720	FALSE	0.4592	0.02721	1.5653
starch_L04	starch	6H:525776080	6H:525459280	525459280	FALSE	0.4328	0.004814	2.3175
starch_L04	starch	6H:525776080	6H:525459615	525459615	FALSE	0.3938	0.08377	1.0769
starch_L04	starch	6H:525776080	6H:525459684	525459684	FALSE	0.4044	0.06618	1.1793
starch_L04	starch	6H:525776080	6H:525459925	525459925	FALSE	0.4215	0.03187	1.4967
starch_L04	starch	6H:525776080	6H:525461158	525461158	FALSE	0.3	0.03248	1.4884
starch_L04	starch	6H:525776080	6H:525466094	525466094	FALSE	0.3463	0.5477	0.2615
starch_L04	starch	6H:525776080	6H:525466788	525466788	FALSE	0.3619	0.4983	0.3025
starch_L04	starch	6H:525776080	6H:525483167	525483167	FALSE	0.3583	0.2391	0.6215
starch_L04	starch	6H:525776080	6H:525485366	525485366	FALSE	0.3725	0.00884	2.0535
starch_L04	starch	6H:525776080	6H:525486588	525486588	FALSE	0.268	0.0009375	3.028
starch_L04	starch	6H:525776080	6H:525486609	525486609	FALSE	0.3607	0.06964	1.1571
starch_L04	starch	6H:525776080	6H:525489492	525489492	FALSE	0.3939	0.5407	0.267
starch_L04	starch	6H:525776080	6H:525507081	525507081	FALSE	0.4681	0.03913	1.4075
starch_L04	starch	6H:525776080	6H:525512323	525512323	FALSE	0.2869	0.02877	1.5411
starch_L04	starch	6H:525776080	6H:525532395	525532395	FALSE	0.4342	0.8837	0.0537
starch_L04	starch	6H:525776080	6H:525561982	525561982	FALSE	0.4267	0.08176	1.0874
starch_L04	starch	6H:525776080	6H:525599924	525599924	FALSE	0.4678	0.1033	0.9861
starch_L04	starch	6H:525776080	6H:525608835	525608835	FALSE	0.4561	0.6671	0.1758
starch_L04	starch	6H:525776080	6H:525616328	525616328	FALSE	0.4483	0.08823	1.0544
starch_L04	starch	6H:525776080	6H:525618968	525618968	FALSE	0.4267	0.001526	2.8164
starch_L04	starch	6H:525776080	6H:525618982	525618982	FALSE	0.4388	2.389e-05	4.6218
starch_L04	starch	6H:525776080	6H:525619400	525619400	FALSE	0.4549	0.002344	2.6301
starch_L04	starch	6H:525776080	6H:525623342	525623342	FALSE	0.4328	0.00228	2.642
starch_L04	starch	6H:525776080	6H:525629058	525629058	FALSE	0.4367	0.0003892	3.4098
starch_L04	starch	6H:525776080	6H:525630440	525630440	FALSE	0.3941	0.009093	2.0413
starch_L04	starch	6H:525776080	6H:525630742	525630742	FALSE	0.3277	0.03037	1.5175
starch_L04	starch	6H:525776080	6H:525631259	525631259	FALSE	0.4008	0.0007052	3.1517
starch_L04	starch	6H:525776080	6H:525641203	525641203	FALSE	0.4174	0.007135	2.1466
starch_L04	starch	6H:525776080	6H:525642182	525642182	FALSE	0.4383	0.01329	1.8763
starch_L04	starch	6H:525776080	6H:525642273	525642273	FALSE	0.4213	0.0002119	3.6739
starch_L04	starch	6H:525776080	6H:525642328	525642328	FALSE	0.417	1.183e-05	4.927
starch_L04	starch	6H:525776080	6H:525642879	525642879	FALSE	0.4323	0.002154	2.6667
starch_L04	starch	6H:525776080	6H:525643290	525643290	FALSE	0.3967	5.418e-06	5.2662
starch_L04	starch	6H:525776080	6H:525643747	525643747	FALSE	0.4177	0.05934	1.2266
starch_L04	starch	6H:525776080	6H:525643800	525643800	FALSE	0.4016	0.018	1.7446
starch_L04	starch	6H:525776080	6H:525643846	525643846	FALSE	0.4231	0.006531	2.185
starch_L04	starch	6H:525776080	6H:525643880	525643880	FALSE	0.4009	0.0005533	3.257
starch_L04	starch	6H:525776080	6H:525644158	525644158	FALSE	0.4649	0.1095	0.9607
starch_L04	starch	6H:525776080	6H:525658381	525658381	FALSE	0.4103	9.534e-05	4.0207
starch_L04	starch	6H:525776080	6H:525658553	525658553	FALSE	0.4082	0.0004375	3.359
starch_L04	starch	6H:525776080	6H:525658563	525658563	FALSE	0.3112	0.004569	2.3402
starch_L04	starch	6H:525776080	6H:525658625	525658625	FALSE	0.4191	0.007442	2.1283
starch_L04	starch	6H:525776080	6H:525658927	525658927	FALSE	0.4292	0.0001693	3.7713
starch_L04	starch	6H:525776080	6H:525659102	525659102	FALSE	0.321	0.01937	1.7129
starch_L04	starch	6H:525776080	6H:525697590	525697590	FALSE	0.4686	0.0002749	3.5608
starch_L04	starch	6H:525776080	6H:525697611	525697611	FALSE	0.4177	0.000249	3.6039
starch_L04	starch	6H:525776080	6H:525723535	525723535	FALSE	0.3974	0.0005187	3.2851
starch_L04	starch	6H:525776080	6H:525725327	525725327	FALSE	0.3889	1.822e-05	4.7394
starch_L04	starch	6H:525776080	6H:525725342	525725342	FALSE	0.308	0.00389	2.4101
starch_L04	starch	6H:525776080	6H:525725366	525725366	FALSE	0.4032	0.003511	2.4546
starch_L04	starch	6H:525776080	6H:525725367	525725367	FALSE	0.4919	0.004956	2.3049
starch_L04	starch	6H:525776080	6H:525726407	525726407	FALSE	0.3125	0.03902	1.4088
starch_L04	starch	6H:525776080	6H:525726785	525726785	FALSE	0.4502	0.003689	2.433
starch_L04	starch	6H:525776080	6H:525726988	525726988	FALSE	0.4348	0.008921	2.0496
starch_L04	starch	6H:525776080	6H:525727195	525727195	FALSE	0.4353	0.0003944	3.404
starch_L04	starch	6H:525776080	6H:525727856	525727856	FALSE	0.4764	0.1752	0.7564
starch_L04	starch	6H:525776080	6H:525727860	525727860	FALSE	0.3918	0.002528	2.5972
starch_L04	starch	6H:525776080	6H:525728131	525728131	FALSE	0.3203	0.04757	1.3226
starch_L04	starch	6H:525776080	6H:525728393	525728393	FALSE	0.4177	0.0002294	3.6393
starch_L04	starch	6H:525776080	6H:525729045	525729045	FALSE	0.4515	0.127	0.8963
starch_L04	starch	6H:525776080	6H:525729133	525729133	FALSE	0.4053	0.07645	1.1166
starch_L04	starch	6H:525776080	6H:525729183	525729183	FALSE	0.3021	0.01528	1.8159
starch_L04	starch	6H:525776080	6H:525730065	525730065	FALSE	0.438	0.04111	1.3861
starch_L04	starch	6H:525776080	6H:525731661	525731661	FALSE	0.4383	0.00043	3.3665
starch_L04	starch	6H:525776080	6H:525733389	525733389	FALSE	0.4304	0.009154	2.0384
starch_L04	starch	6H:525776080	6H:525733407	525733407	FALSE	0.4286	0.01852	1.7323
starch_L04	starch	6H:525776080	6H:525733501	525733501	FALSE	0.4149	0.0005098	3.2926
starch_L04	starch	6H:525776080	6H:525735398	525735398	FALSE	0.4421	0.00309	2.5101
starch_L04	starch	6H:525776080	6H:525735402	525735402	FALSE	0.4268	0.003013	2.521
starch_L04	starch	6H:525776080	6H:525738510	525738510	FALSE	0.3376	0.02035	1.6915
starch_L04	starch	6H:525776080	6H:525738579	525738579	FALSE	0.3319	0.05808	1.2359
starch_L04	starch	6H:525776080	6H:525740577	525740577	FALSE	0.4229	0.001434	2.8434
starch_L04	starch	6H:525776080	6H:525740792	525740792	FALSE	0.4053	0.000735	3.1337
starch_L04	starch	6H:525776080	6H:525742673	525742673	FALSE	0.4391	0.2048	0.6887
starch_L04	starch	6H:525776080	6H:525743044	525743044	FALSE	0.3362	0.004581	2.339
starch_L04	starch	6H:525776080	6H:525746592	525746592	FALSE	0.4261	0.002925	2.5338
starch_L04	starch	6H:525776080	6H:525746806	525746806	FALSE	0.3968	0.02554	1.5927
starch_L04	starch	6H:525776080	6H:525749997	525749997	FALSE	0.4383	0.0003604	3.4432
starch_L04	starch	6H:525776080	6H:525750031	525750031	FALSE	0.3734	0.001766	2.7531
starch_L04	starch	6H:525776080	6H:525750301	525750301	FALSE	0.4049	0.00419	2.3778
starch_L04	starch	6H:525776080	6H:525750332	525750332	FALSE	0.3175	0.001379	2.8605
starch_L04	starch	6H:525776080	6H:525750346	525750346	FALSE	0.3406	0.02627	1.5805
starch_L04	starch	6H:525776080	6H:525773835	525773835	FALSE	0.3917	0.0003565	3.448
starch_L04	starch	6H:525776080	6H:525773915	525773915	FALSE	0.3896	0.002749	2.5608
starch_L04	starch	6H:525776080	6H:525773988	525773988	FALSE	0.3248	0.05294	1.2762
starch_L04	starch	6H:525776080	6H:525774128	525774128	FALSE	0.4145	0.01544	1.8114
starch_L04	starch	6H:525776080	6H:525774694	525774694	FALSE	0.4042	0.01154	1.9379
starch_L04	starch	6H:525776080	6H:525774699	525774699	FALSE	0.3908	0.004641	2.3333
starch_L04	starch	6H:525776080	6H:525775062	525775062	FALSE	0.4249	0.002306	2.6372
starch_L04	starch	6H:525776080	6H:525775555	525775555	FALSE	0.4153	0.003001	2.5228
starch_L04	starch	6H:525776080	6H:525776080	525776080	TRUE	0.4239	7.629e-07	6.1175
starch_L04	starch	6H:525776080	6H:525776426	525776426	FALSE	0.4279	0.02349	1.6292
starch_L04	starch	6H:525776080	6H:525776717	525776717	FALSE	0.3991	0.04704	1.3275
starch_L04	starch	6H:525776080	6H:525777883	525777883	FALSE	0.4464	0.009319	2.0306
starch_L04	starch	6H:525776080	6H:525778473	525778473	FALSE	0.4156	0.03203	1.4945
starch_L04	starch	6H:525776080	6H:525779666	525779666	FALSE	0.376	0.001833	2.7368
starch_L04	starch	6H:525776080	6H:525779896	525779896	FALSE	0.4156	3.285e-05	4.4835
starch_L04	starch	6H:525776080	6H:525780022	525780022	FALSE	0.4167	0.0001161	3.9352
starch_L04	starch	6H:525776080	6H:525780242	525780242	FALSE	0.3974	0.001369	2.8635
starch_L04	starch	6H:525776080	6H:525780280	525780280	FALSE	0.3922	0.001129	2.9475
starch_L04	starch	6H:525776080	6H:525780292	525780292	FALSE	0.3948	0.004056	2.3919
starch_L04	starch	6H:525776080	6H:525791771	525791771	FALSE	0.4091	0.001809	2.7427
starch_L04	starch	6H:525776080	6H:525791914	525791914	FALSE	0.368	0.001071	2.9704
starch_L04	starch	6H:525776080	6H:525791986	525791986	FALSE	0.3305	0.0001417	3.8486
starch_L04	starch	6H:525776080	6H:525792099	525792099	FALSE	0.4122	0.00373	2.4283
starch_L04	starch	6H:525776080	6H:525792114	525792114	FALSE	0.3984	0.01428	1.8452
starch_L04	starch	6H:525776080	6H:525792443	525792443	FALSE	0.4328	0.006135	2.2122
starch_L04	starch	6H:525776080	6H:525792479	525792479	FALSE	0.4255	0.0003276	3.4847
starch_L04	starch	6H:525776080	6H:525795776	525795776	FALSE	0.472	0.0006884	3.1622
starch_L04	starch	6H:525776080	6H:525818337	525818337	FALSE	0.3529	0.008015	2.0961
starch_L04	starch	6H:525776080	6H:525819097	525819097	FALSE	0.4464	4.703e-05	4.3276
starch_L04	starch	6H:525776080	6H:525820407	525820407	FALSE	0.4167	9.848e-05	4.0067
starch_L04	starch	6H:525776080	6H:525820757	525820757	FALSE	0.4274	0.0007651	3.1163
starch_L04	starch	6H:525776080	6H:525820810	525820810	FALSE	0.4274	0.0001444	3.8403
starch_L04	starch	6H:525776080	6H:525821257	525821257	FALSE	0.4267	0.0001145	3.9413
starch_L04	starch	6H:525776080	6H:525823363	525823363	FALSE	0.4589	0.009689	2.0137
starch_L04	starch	6H:525776080	6H:525823527	525823527	FALSE	0.3942	0.005761	2.2395
starch_L04	starch	6H:525776080	6H:525824072	525824072	FALSE	0.4786	0.005141	2.2889
starch_L04	starch	6H:525776080	6H:525830624	525830624	FALSE	0.4254	0.002932	2.5329
starch_L04	starch	6H:525776080	6H:525830655	525830655	FALSE	0.3983	0.0004153	3.3816
starch_L04	starch	6H:525776080	6H:525830755	525830755	FALSE	0.4153	0.01528	1.816
starch_L04	starch	6H:525776080	6H:525831180	525831180	FALSE	0.3106	0.003958	2.4025
starch_L04	starch	6H:525776080	6H:525831189	525831189	FALSE	0.458	0.003398	2.4688
starch_L04	starch	6H:525776080	6H:525831199	525831199	FALSE	0.4629	0.008809	2.0551
starch_L04	starch	6H:525776080	6H:525831373	525831373	FALSE	0.2972	0.00367	2.4353
starch_L04	starch	6H:525776080	6H:525831522	525831522	FALSE	0.4147	0.0004366	3.3599
starch_L04	starch	6H:525776080	6H:525832027	525832027	FALSE	0.3433	0.03578	1.4464
starch_L04	starch	6H:525776080	6H:525832913	525832913	FALSE	0.4026	0.01573	1.8033
starch_L04	starch	6H:525776080	6H:525832945	525832945	FALSE	0.3906	0.02002	1.6985
starch_L04	starch	6H:525776080	6H:525832992	525832992	FALSE	0.4477	0.0006328	3.1988
starch_L04	starch	6H:525776080	6H:525833798	525833798	FALSE	0.4348	0.001204	2.9194
starch_L04	starch	6H:525776080	6H:525834831	525834831	FALSE	0.4449	0.1089	0.9629
starch_L04	starch	6H:525776080	6H:525834852	525834852	FALSE	0.4113	0.02323	1.6339
starch_L04	starch	6H:525776080	6H:525834886	525834886	FALSE	0.4304	0.001736	2.7605
starch_L04	starch	6H:525776080	6H:525840816	525840816	FALSE	0.447	0.1191	0.9242
starch_L04	starch	6H:525776080	6H:525879873	525879873	FALSE	0.4887	0.0001629	3.7881
starch_L04	starch	6H:525776080	6H:525885788	525885788	FALSE	0.4188	0.0001443	3.8408
starch_L04	starch	6H:525776080	6H:525887880	525887880	FALSE	0.4684	0.0004563	3.3408
starch_L04	starch	6H:525776080	6H:525888310	525888310	FALSE	0.3939	0.003605	2.4431
starch_L04	starch	6H:525776080	6H:525891121	525891121	FALSE	0.3766	0.1343	0.8718
starch_L04	starch	6H:525776080	6H:525891468	525891468	FALSE	0.4034	0.001216	2.9149
starch_L04	starch	6H:525776080	6H:525891495	525891495	FALSE	0.303	0.05365	1.2704
starch_L04	starch	6H:525776080	6H:525891496	525891496	FALSE	0.4569	0.00635	2.1972
starch_L04	starch	6H:525776080	6H:525891949	525891949	FALSE	0.4052	0.002453	2.6103
starch_L04	starch	6H:525776080	6H:525891951	525891951	FALSE	0.4589	0.0005202	3.2839
starch_L04	starch	6H:525776080	6H:525892182	525892182	FALSE	0.4242	0.006276	2.2023
starch_L04	starch	6H:525776080	6H:525892484	525892484	FALSE	0.4211	0.01349	1.87
starch_L04	starch	6H:525776080	6H:525903072	525903072	FALSE	0.393	0.004159	2.381
starch_L04	starch	6H:525776080	6H:525903142	525903142	FALSE	0.3837	0.002226	2.6526
starch_L04	starch	6H:525776080	6H:525903189	525903189	FALSE	0.3222	0.04004	1.3975
starch_L04	starch	6H:525776080	6H:525903288	525903288	FALSE	0.393	0.004801	2.3186
starch_L04	starch	6H:525776080	6H:525904456	525904456	FALSE	0.4174	0.005489	2.2605
starch_L04	starch	6H:525776080	6H:525905300	525905300	FALSE	0.4274	0.00393	2.4056
starch_L04	starch	6H:525776080	6H:525905680	525905680	FALSE	0.4095	0.0009276	3.0326
starch_L04	starch	6H:525776080	6H:525905985	525905985	FALSE	0.475	3.882e-05	4.411
starch_L04	starch	6H:525776080	6H:525906028	525906028	FALSE	0.4538	0.02464	1.6083
starch_L04	starch	6H:525776080	6H:525906557	525906557	FALSE	0.4292	0.005036	2.2979
starch_L04	starch	6H:525776080	6H:525908812	525908812	FALSE	0.4242	6.489e-05	4.1878
starch_L04	starch	6H:525776080	6H:525908843	525908843	FALSE	0.3147	0.001874	2.7273
starch_L04	starch	6H:525776080	6H:525912692	525912692	FALSE	0.3974	0.0002495	3.603
starch_L04	starch	6H:525776080	6H:525938488	525938488	FALSE	0.4573	0.09618	1.0169
starch_L04	starch	6H:525776080	6H:525938647	525938647	FALSE	0.4557	0.08312	1.0803
starch_L04	starch	6H:525776080	6H:525938741	525938741	FALSE	0.2963	0.2225	0.6526
starch_L04	starch	6H:525776080	6H:525938828	525938828	FALSE	0.4837	0.06074	1.2165
starch_L04	starch	6H:525776080	6H:525938926	525938926	FALSE	0.4979	0.2553	0.5929
starch_L04	starch	6H:525776080	6H:525939203	525939203	FALSE	0.4879	0.0005024	3.2989
starch_L04	starch	6H:525776080	6H:525942485	525942485	FALSE	0.3243	0.01618	1.7911
starch_L04	starch	6H:525776080	6H:525946463	525946463	FALSE	0.313	0.06682	1.1751
starch_L04	starch	6H:525776080	6H:525947443	525947443	FALSE	0.3067	0.2469	0.6075
starch_L04	starch	6H:525776080	6H:525952160	525952160	FALSE	0.3174	0.01837	1.7359
starch_L04	starch	6H:525776080	6H:525961747	525961747	FALSE	0.2931	0.003406	2.4678
starch_L04	starch	6H:525776080	6H:525965086	525965086	FALSE	0.3319	0.02922	1.5343
starch_L04	starch	6H:525776080	6H:525978457	525978457	FALSE	0.3333	0.02973	1.5268
starch_L04	starch	6H:525776080	6H:525984593	525984593	FALSE	0.3188	0.01095	1.9604
starch_L04	starch	6H:525776080	6H:525988548	525988548	FALSE	0.3047	0.4353	0.3612
starch_L04	starch	6H:525776080	6H:525988567	525988567	FALSE	0.308	0.2257	0.6464
starch_L05	starch	7H:573606460	7H:573606282	573606282	FALSE	0.1878	0.0007356	3.1333
starch_L05	starch	7H:573606460	7H:573606306	573606306	FALSE	0.1701	4.596e-06	5.3376
starch_L05	starch	7H:573606460	7H:573606460	573606460	TRUE	0.1471	3.658e-07	6.4367
starch_L05	starch	7H:573606460	7H:573606491	573606491	FALSE	0.1404	5.487e-07	6.2607
starch_L05	starch	7H:573606460	7H:573607637	573607637	FALSE	0.1181	0.002529	2.597
starch_L05	starch	7H:573606460	7H:573607845	573607845	FALSE	0.1301	0.0001764	3.7535
