trait	SNP_id	chr	position_bp	A1	A2	MAF	beta	SE	p_value	neg_log10_p	BonfPruned010_threshold	above_Bonf	LD_window_start	LD_window_end
betaglucan	2H:41996626	2	41996626	A	G	0.0739	-0.39129	0.062288	1.242e-09	8.906	6.7712	TRUE	41808626	42184626
betaglucan	4H:34858354	4	34858354	A	G	0.0531	-0.31795	0.053934	1.053e-08	7.9777	6.7712	TRUE	34670354	35046354
betaglucan	3H:537247620	3	537247620	A	C	0.0779	-0.37976	0.064431	1.059e-08	7.9751	6.7712	TRUE	537059620	537435620
betaglucan	4H:34971609	4	34971609	A	G	0.0591	-0.29957	0.051762	1.877e-08	7.7266	6.7712	TRUE	34783609	35159609
betaglucan	4H:34861659	4	34861659	T	C	0.0602	-0.28186	0.050338	5.046e-08	7.2971	6.7712	TRUE	34673659	35049659
betaglucan	6H:475144663	6	475144663	A	G	0.0675	-0.30592	0.055201	6.79e-08	7.1682	6.7712	TRUE	474956663	475332663
betaglucan	4H:34825152	4	34825152	T	G	0.0576	-0.29042	0.052662	7.81e-08	7.1073	6.7712	TRUE	34637152	35013152
betaglucan	2H:602246902	2	602246902	T	C	0.0783	-0.31585	0.057508	8.773e-08	7.0568	6.7712	TRUE	602058902	602434902
betaglucan	1H:479493867	1	479493867	T	G	0.0642	-0.30673	0.056558	1.246e-07	6.9044	6.7712	TRUE	479305867	479681867
betaglucan	4H:528254769	4	528254769	T	C	0.0588	-0.22793	0.042056	1.269e-07	6.8965	6.7712	TRUE	528066769	528442769
betaglucan	1H:483379118	1	483379118	T	C	0.061	-0.39686	0.073289	1.3e-07	6.886	6.7712	TRUE	483191118	483567118
betaglucan	3H:537301368	3	537301368	T	G	0.0726	-0.27082	0.050427	1.627e-07	6.7886	6.7712	TRUE	537113368	537489368
fiber	7H:573606306	7	573606306	T	C	0.1701	-0.11744	0.021229	7.151e-08	7.1456	6.7712	TRUE	573418306	573794306
fiber	4H:24707376	4	24707376	A	T	0.0581	-0.26203	0.048042	1.065e-07	6.9727	6.7712	TRUE	24519376	24895376
protein	3H:106623911	3	106623911	T	G	0.1799	0.41129	0.07625	1.446e-07	6.84	6.7712	TRUE	106435911	106811911
