"trait","H","df","p","epsilon_squared","n"
"Protein",28.7587,5,2.58562645059885e-05,0.0995,290
"Starch",77.199,5,3.23180328134755e-15,0.2671,290
"β-glucan",86.6546,5,3.38574654881443e-17,0.2998,290
"Fiber",62.2274,5,4.20782432461377e-12,0.2153,290
