"trait","n_accessions","n_sites","F_value","NumDF","DenDF","p_region","p_signif","var_site","var_resid","ICC_site","singular"
"Protein",290,29,1.6441,5,23,0.18834949354334,"ns",0.2918,0.6482,0.3104,FALSE
"Starch",290,29,3.5313,5,23,0.0162846718833293,"*",16.6487,10.5682,0.6117,FALSE
"β-glucan",290,29,6.3702,5,23,0.000752604828199774,"***",0.0358,0.1059,0.2529,FALSE
"Fiber",290,29,2.9152,5,23,0.0350814065585473,"*",0.0349,0.0324,0.5184,FALSE
