"TraitLabel","Genetics_pct","Season_Block_pct","GxE_pct","Residual_pct","Total_Variance"
"Protein",24.2,5.52,9.82,60.45,4.40913511457957
"Starch",47.42,5.31,5.9,41.37,76.0968290264698
"β-glucan",23.43,7.51,15.18,53.87,0.808495043648733
"Fiber",24.83,12.04,4.47,58.67,0.372797017067534
"Flowering time",74.74,1.1,5.48,18.68,104.476751243657
"Tillers",0,5.75,6.48,87.77,76.2566050207897
"Grain weight",22.31,8.47,14.94,54.29,0.361592819506418
"Spike length",34.38,2.3,11.57,51.75,2.75620423892311
