PC	eigenval	pct_variance	cum_pct
1	35.146400	18.1427	18.1427
2	25.084300	12.9486	31.0913
3	23.162800	11.9567	43.0480
4	18.886900	9.7495	52.7974
5	18.384700	9.4902	62.2877
6	17.541800	9.0551	71.3428
7	15.884400	8.1996	79.5424
8	14.509400	7.4898	87.0322
9	12.862300	6.6396	93.6717
10	12.259300	6.3283	100.0000
