trait	SNP_id	chr	position_bp	A1	A2	MAF	beta	SE	p_value	neg_log10_p	BonfPruned010_threshold	above_Bonf	LD_window_start	LD_window_end
betaglucan	2H:41996626	2	41996626	A	G	0.0739	-0.48511	0.080784	5.942e-09	8.2261	6.7712	TRUE	41808626	42184626
betaglucan	2H:48423043	2	48423043	T	C	0.0628	-0.56728	0.096233	1.08e-08	7.9666	6.7712	TRUE	48235043	48611043
betaglucan	4H:34858354	4	34858354	A	G	0.0531	-0.38572	0.066818	2.073e-08	7.6833	6.7712	TRUE	34670354	35046354
betaglucan	7H:558233167	7	558233167	C	T	0.0515	0.6331	0.11097	2.965e-08	7.528	6.7712	TRUE	558045167	558421167
betaglucan	4H:34971609	4	34971609	A	G	0.0591	-0.36481	0.06405	3.114e-08	7.5067	6.7712	TRUE	34783609	35159609
betaglucan	3H:537247620	3	537247620	A	C	0.0779	-0.47836	0.084531	3.773e-08	7.4233	6.7712	TRUE	537059620	537435620
betaglucan	1H:325668860	1	325668860	T	G	0.0574	0.48054	0.086554	6.577e-08	7.182	6.7712	TRUE	325480860	325856860
betaglucan	4H:34861659	4	34861659	T	C	0.0602	-0.34381	0.062364	8.039e-08	7.0948	6.7712	TRUE	34673659	35049659
betaglucan	7H:557699614	7	557699614	C	A	0.0514	0.61749	0.11214	8.312e-08	7.0803	6.7712	TRUE	557511614	557887614
betaglucan	7H:593886428	7	593886428	A	T	0.0524	0.48797	0.088701	8.532e-08	7.0689	6.7712	TRUE	593698428	594074428
betaglucan	4H:528254769	4	528254769	T	C	0.0588	-0.28326	0.051574	8.932e-08	7.049	6.7712	TRUE	528066769	528442769
betaglucan	7H:558875009	7	558875009	A	T	0.0522	0.61803	0.11283	9.622e-08	7.0167	6.7712	TRUE	558687009	559063009
betaglucan	2H:602246902	2	602246902	T	C	0.0783	-0.39661	0.073216	1.31e-07	6.8827	6.7712	TRUE	602058902	602434902
betaglucan	7H:609308918	7	609308918	A	C	0.0708	0.43891	0.081168	1.375e-07	6.8618	6.7712	TRUE	609120918	609496918
betaglucan	4H:34825152	4	34825152	T	G	0.0576	-0.3511	0.065414	1.682e-07	6.7742	6.7712	TRUE	34637152	35013152
fiber	4H:24707376	4	24707376	A	T	0.0581	-0.37199	0.063431	1.272e-08	7.8956	6.7712	TRUE	24519376	24895376
fiber	7H:573606306	7	573606306	T	C	0.1701	-0.14919	0.026264	3.376e-08	7.4716	6.7712	TRUE	573418306	573794306
fiber	4H:560213144	4	560213144	A	G	0.052	-0.41135	0.075694	1.2e-07	6.9209	6.7712	TRUE	560025144	560401144
protein	3H:106623911	3	106623911	T	G	0.1799	0.50271	0.092674	1.261e-07	6.8993	6.7712	TRUE	106435911	106811911
starch	7H:573606460	7	573606460	A	G	0.1471	2.4776	0.45296	1.002e-07	6.9992	6.7712	TRUE	573418460	573794460
starch	7H:573606491	7	573606491	A	G	0.1404	2.5226	0.46755	1.461e-07	6.8354	6.7712	TRUE	573418491	573794491
